student_id,name,dept,cgpa,skills_count,skill_score,leetcode_rating,leetcode_solved,github_repos,github_commits_year,github_stars,github_score,linkedin_connections,linkedin_certs,linkedin_posts_freq,linkedin_score,projects_count,project_complexity,project_score,readiness_score,placement_tier,placement_tier_label
STU-1000,Amit Verma,Information Technology,8.45,8,88.6,822,29,6,211,9,28.1,141,1,1,19.9,5,Intermediate,66.3,49.4,0,Not Ready
STU-1001,Aarav Iyengar,Civil,8.71,7,71.6,1150,248,4,135,14,22.2,384,4,2,61.4,1,Intermediate,39.7,52.9,1,Service Tier Ready
STU-1002,Rahul Rao,Electronics & Comm,8.94,4,57.5,1068,153,6,279,9,33.8,421,4,1,62.3,4,Intermediate,59.7,55.6,1,Service Tier Ready
STU-1003,Sneha Patel,Information Technology,9.1,5,63.1,1438,357,6,374,11,42.7,439,2,10,68.5,6,Intermediate,73.0,74.3,2,Product Tier Ready
STU-1004,Shruti Verma,Computer Science,9.25,6,65.6,1670,539,5,178,16,27.8,405,3,2,56.4,4,Intermediate,59.7,78.0,2,Product Tier Ready
STU-1005,Tanvi Iyengar,Computer Science,8.39,3,44.4,1015,102,7,161,11,25.9,172,1,4,28.4,4,Intermediate,59.7,51.0,0,Not Ready
STU-1006,Meera Verma,Computer Science,8.39,9,97.4,1116,201,7,276,11,35.5,418,4,6,72.1,2,Intermediate,46.3,59.7,1,Service Tier Ready
STU-1007,Varun Singh,Mechanical,8.34,8,78.4,1151,169,7,144,15,26.5,426,0,8,50.1,5,Intermediate,66.3,53.9,1,Service Tier Ready
STU-1008,Ananya Sharma,Electronics & Comm,8.75,10,100.0,2154,750,11,207,18,37.2,236,0,10,38.9,2,Intermediate,46.3,80.0,2,Product Tier Ready
STU-1009,Rohan Rao,Electronics & Comm,9.17,9,91.4,1428,365,9,235,15,36.1,388,3,9,69.0,1,Advanced,54.7,68.1,2,Product Tier Ready
STU-1010,Sneha Kumar,Computer Science,8.97,8,76.4,1811,534,9,266,17,39.7,169,2,10,46.9,2,Basic,28.3,74.2,2,Product Tier Ready
STU-1011,Divya Sharma,Civil,9.74,10,94.7,989,59,4,252,7,28.5,256,1,7,41.1,4,Advanced,74.7,57.5,1,Service Tier Ready
STU-1012,Meera Rao,Electrical & Electronics,8.29,11,99.3,1412,339,8,454,18,54.8,348,2,4,49.2,2,Intermediate,46.3,59.5,1,Service Tier Ready
STU-1013,Yash Mehta,Computer Science,9.77,6,63.0,1010,79,4,278,19,36.7,165,3,7,47.2,5,Advanced,81.3,62.8,1,Service Tier Ready
STU-1014,Yash Kumar,Computer Science,7.59,4,52.6,944,85,6,556,19,61.8,487,3,1,61.0,9,Advanced,100.0,62.1,1,Service Tier Ready
STU-1015,Ishita Rao,Computer Science,8.09,7,70.0,1962,619,3,118,7,16.3,319,3,10,65.5,2,Advanced,61.3,79.4,2,Product Tier Ready
STU-1016,Dev Joshi,Computer Science,6.88,10,90.7,846,36,7,164,12,26.7,229,2,6,43.7,3,Intermediate,53.0,44.0,0,Not Ready
STU-1017,Rahul Chatterjee,Information Technology,7.77,7,74.2,2163,707,8,205,14,32.1,307,1,1,33.2,0,Intermediate,33.0,73.4,2,Product Tier Ready
STU-1018,Aarav Chatterjee,Information Technology,9.11,4,57.9,943,50,9,265,15,38.6,335,1,8,49.5,2,Intermediate,46.3,52.0,1,Service Tier Ready
STU-1019,Neha Iyengar,Computer Science,8.53,3,44.0,1521,388,6,178,11,26.3,169,0,4,21.5,6,Basic,55.0,65.3,1,Service Tier Ready
STU-1020,Ishita Gupta,Electronics & Comm,9.18,6,67.8,844,95,3,154,4,17.8,179,3,8,50.3,4,Advanced,74.7,51.2,0,Not Ready
STU-1021,Rahul Patel,Computer Science,8.68,9,88.7,1040,121,5,307,7,34.1,120,1,8,32.3,1,Advanced,54.7,54.5,1,Service Tier Ready
STU-1022,Aditya Chatterjee,Computer Science,7.33,9,83.4,894,87,11,216,22,40.0,215,1,2,27.9,1,Advanced,54.7,48.4,0,Not Ready
STU-1023,Siddharth Verma,Information Technology,8.4,2,45.6,1201,213,9,174,15,31.0,111,3,6,40.9,2,Intermediate,46.3,58.5,1,Service Tier Ready
STU-1024,Rohan Singh,Information Technology,9.48,4,50.9,1043,100,7,195,16,31.2,48,3,10,43.8,6,Intermediate,73.0,58.9,1,Service Tier Ready
STU-1025,Priya Gupta,Electrical & Electronics,8.7,6,63.4,1302,260,5,490,10,50.8,408,1,4,47.3,0,Basic,15.0,51.2,0,Not Ready
STU-1026,Pooja Joshi,Computer Science,8.66,2,45.1,859,9,13,240,26,46.0,162,1,3,25.6,3,Intermediate,53.0,49.4,0,Not Ready
STU-1027,Rahul Chatterjee,Information Technology,8.92,7,75.6,819,21,8,574,16,63.8,301,1,9,48.7,1,Intermediate,39.7,49.5,0,Not Ready
STU-1028,Ananya Iyengar,Information Technology,7.15,5,64.4,831,60,8,487,12,54.6,398,1,10,58.5,2,Intermediate,46.3,47.0,0,Not Ready
STU-1029,Dev Kumar,Computer Science,8.25,10,90.1,995,130,4,106,8,16.8,198,2,9,47.2,2,Advanced,61.3,52.2,1,Service Tier Ready
STU-1030,Priya Chawla,Electronics & Comm,8.58,3,55.4,1390,337,9,383,18,49.9,487,0,2,43.0,4,Advanced,74.7,66.8,1,Service Tier Ready
STU-1031,Arjun Verma,Computer Science,8.1,11,95.6,1609,450,11,198,18,36.5,48,1,5,20.5,4,Intermediate,59.7,70.2,2,Product Tier Ready
STU-1032,Meera Nair,Computer Science,8.22,6,71.0,1007,80,11,258,17,41.0,282,3,10,62.6,3,Intermediate,53.0,56.1,1,Service Tier Ready
STU-1033,Amit Joshi,Mechanical,9.35,6,70.2,1180,191,13,285,22,47.8,393,0,10,51.4,1,Intermediate,39.7,55.6,1,Service Tier Ready
STU-1034,Pooja Joshi,Civil,7.32,7,73.1,1515,336,7,358,11,42.3,222,2,7,45.1,1,Intermediate,39.7,57.0,1,Service Tier Ready
STU-1035,Aditya Iyengar,Electrical & Electronics,9.56,6,71.2,947,110,9,225,17,36.2,307,4,9,69.2,1,Basic,21.7,46.3,0,Not Ready
STU-1036,Rohan Sharma,Computer Science,9.54,11,94.6,1052,108,7,180,11,27.5,174,2,8,43.3,1,Intermediate,39.7,55.3,1,Service Tier Ready
STU-1037,Tanvi Rao,Computer Science,9.4,11,100.0,1122,155,6,210,18,32.5,64,1,10,31.8,7,Intermediate,79.7,65.6,1,Service Tier Ready
STU-1038,Kavya Verma,Electronics & Comm,6.73,10,99.2,866,40,7,173,12,27.4,196,3,4,43.7,2,Production-Grade,73.3,45.6,0,Not Ready
STU-1039,Sneha Deshmukh,Information Technology,8.04,2,44.3,800,18,13,310,29,53.3,273,1,3,34.5,0,Intermediate,33.0,44.9,0,Not Ready
STU-1040,Priya Singh,Computer Science,9.38,9,92.2,907,77,10,491,16,58.9,102,0,1,10.2,1,Production-Grade,66.7,56.6,1,Service Tier Ready
STU-1041,Rahul Reddy,Information Technology,9.3,7,63.1,1148,212,10,202,18,35.8,340,5,1,62.5,3,Basic,35.0,58.4,1,Service Tier Ready
STU-1042,Amit Deshmukh,Computer Science,9.03,10,99.0,923,21,7,187,11,28.1,162,3,9,51.0,2,Intermediate,46.3,53.0,1,Service Tier Ready
STU-1043,Pooja Patel,Mechanical,8.28,11,100.0,940,55,5,91,13,19.1,102,2,4,29.5,4,Production-Grade,86.7,51.8,0,Not Ready
STU-1044,Pooja Gupta,Computer Science,8.49,8,87.7,1077,130,12,400,18,54.3,144,3,8,47.5,5,Intermediate,66.3,59.9,1,Service Tier Ready
STU-1045,Aditya Mehta,Electronics & Comm,8.55,4,52.7,888,47,13,243,27,46.8,296,4,4,58.3,0,Intermediate,33.0,45.0,0,Not Ready
STU-1046,Rahul Iyengar,Computer Science,7.58,9,78.5,928,78,14,261,23,47.2,363,2,6,54.4,5,Intermediate,66.3,54.3,1,Service Tier Ready
STU-1047,Tanvi Mehta,Information Technology,8.72,11,100.0,1752,520,8,358,12,43.8,139,1,4,25.8,3,Advanced,68.0,81.3,2,Product Tier Ready
STU-1048,Rohan Joshi,Information Technology,8.58,4,45.5,884,44,4,124,7,17.8,197,2,2,33.1,1,Production-Grade,66.7,51.7,0,Not Ready
STU-1049,Amit Patel,Computer Science,8.56,4,53.9,1237,246,7,242,16,35.2,245,1,1,28.3,4,Intermediate,59.7,61.6,1,Service Tier Ready
STU-1050,Meera Iyengar,Civil,9.67,5,54.8,1009,106,5,285,7,32.2,369,2,8,58.9,1,Advanced,54.7,53.6,1,Service Tier Ready
STU-1051,Sneha Patel,Electrical & Electronics,8.52,4,59.7,1176,239,11,244,20,41.3,126,1,6,28.7,7,Production-Grade,100.0,60.6,1,Service Tier Ready
STU-1052,Dev Singh,Mechanical,8.56,7,74.5,1207,219,9,192,16,33.0,417,2,1,48.7,4,Intermediate,59.7,57.8,1,Service Tier Ready
STU-1053,Rahul Chawla,Mechanical,8.81,8,70.7,938,80,7,144,11,24.5,412,3,5,63.0,2,Intermediate,46.3,46.0,0,Not Ready
STU-1054,Amit Iyengar,Information Technology,8.09,4,59.8,1516,418,6,201,14,29.8,109,2,3,28.1,2,Production-Grade,73.3,68.1,2,Product Tier Ready
STU-1055,Meera Rao,Mechanical,9.29,4,64.7,1087,142,10,209,15,34.9,246,2,2,37.0,3,Intermediate,53.0,52.8,1,Service Tier Ready
STU-1056,Tanvi Gupta,Computer Science,9.1,8,77.2,1541,362,9,262,16,38.8,215,3,3,43.2,2,Intermediate,46.3,69.0,2,Product Tier Ready
STU-1057,Ananya Rao,Computer Science,9.51,11,95.5,1083,122,8,182,14,30.2,478,1,2,48.9,1,Intermediate,39.7,57.0,1,Service Tier Ready
STU-1058,Ananya Chatterjee,Computer Science,8.9,10,88.9,2135,750,9,204,13,32.5,400,6,10,92.0,6,Basic,55.0,84.4,3,Dream Tier Ready
STU-1059,Siddharth Singh,Computer Science,9.84,4,42.2,1430,332,4,100,6,15.3,93,1,2,18.1,4,Advanced,74.7,67.6,1,Service Tier Ready
STU-1060,Rahul Verma,Information Technology,9.77,7,76.3,2134,718,8,198,14,31.5,96,0,1,9.7,4,Intermediate,59.7,81.2,2,Product Tier Ready
STU-1061,Aditya Chawla,Computer Science,8.89,6,63.5,1104,166,10,197,18,35.4,125,4,3,42.7,2,Intermediate,46.3,57.7,1,Service Tier Ready
STU-1062,Varun Chawla,Electrical & Electronics,9.74,9,84.1,1099,167,8,182,12,29.2,63,3,3,31.0,3,Intermediate,53.0,52.1,1,Service Tier Ready
STU-1063,Yash Gupta,Information Technology,8.74,10,93.3,1396,322,14,402,21,58.0,398,3,4,59.8,3,Intermediate,53.0,70.8,2,Product Tier Ready
STU-1064,Aditya Mehta,Computer Science,7.99,9,94.6,1741,453,6,132,9,21.5,374,3,3,55.9,3,Intermediate,53.0,71.7,2,Product Tier Ready
STU-1065,Riya Singh,Information Technology,7.36,2,37.2,2042,683,6,401,11,44.9,471,1,8,60.3,2,Intermediate,46.3,74.9,2,Product Tier Ready
STU-1066,Amit Reddy,Computer Science,9.29,8,78.4,934,110,8,211,12,31.6,480,2,4,59.7,3,Intermediate,53.0,57.1,1,Service Tier Ready
STU-1067,Vikram Nair,Electrical & Electronics,9.08,9,82.8,1397,361,7,137,15,25.9,420,1,10,60.3,5,Intermediate,66.3,66.6,1,Service Tier Ready
STU-1068,Vikram Rao,Computer Science,9.5,6,69.2,921,72,7,412,11,46.8,263,3,1,43.0,4,Basic,41.7,53.4,1,Service Tier Ready
STU-1069,Shruti Kumar,Civil,9.22,5,54.9,1061,180,13,295,25,50.1,192,1,2,26.0,4,Advanced,74.7,58.7,1,Service Tier Ready
STU-1070,Meera Nair,Electrical & Electronics,7.31,8,78.4,872,44,9,243,14,36.2,186,3,7,48.9,1,Intermediate,39.7,39.8,0,Not Ready
STU-1071,Shruti Joshi,Computer Science,7.98,7,79.3,1154,135,7,146,12,25.2,310,2,6,50.1,0,Basic,15.0,49.9,0,Not Ready
STU-1072,Ishita Chawla,Computer Science,9.08,3,38.9,1809,575,7,166,13,27.3,57,1,9,29.2,1,Advanced,54.7,77.0,2,Product Tier Ready
STU-1073,Varun Singh,Electrical & Electronics,9.86,10,86.2,855,61,8,265,13,36.6,98,2,6,33.2,1,Basic,21.7,42.0,0,Not Ready
STU-1074,Pooja Rao,Electronics & Comm,9.87,4,49.9,1234,247,8,157,12,27.1,440,2,2,52.5,4,Intermediate,59.7,64.3,1,Service Tier Ready
STU-1075,Vikram Kumar,Electronics & Comm,9.02,2,38.3,1187,218,11,282,26,47.5,487,2,8,68.3,3,Advanced,68.0,62.1,1,Service Tier Ready
STU-1076,Riya Verma,Electrical & Electronics,8.54,4,54.9,844,52,3,172,5,19.8,361,2,9,60.2,6,Basic,55.0,45.3,0,Not Ready
STU-1077,Ananya Deshmukh,Computer Science,7.62,2,38.3,954,120,11,198,17,36.0,367,3,5,59.4,3,Basic,35.0,45.9,0,Not Ready
STU-1078,Priya Patel,Information Technology,8.65,11,100.0,1231,202,8,325,12,41.1,259,1,6,39.4,3,Basic,35.0,60.7,1,Service Tier Ready
STU-1079,Amit Patel,Computer Science,8.1,8,89.0,911,48,13,239,34,49.9,421,0,4,41.7,5,Production-Grade,93.3,59.5,1,Service Tier Ready
STU-1080,Tanvi Singh,Mechanical,9.72,7,76.3,1362,326,6,136,9,21.8,451,1,2,46.7,3,Advanced,68.0,64.1,1,Service Tier Ready
STU-1081,Divya Verma,Electronics & Comm,8.0,9,86.0,2054,729,11,529,18,64.1,404,1,5,49.0,3,Intermediate,53.0,80.3,2,Product Tier Ready
STU-1082,Arjun Singh,Computer Science,8.32,5,59.6,936,90,6,116,9,20.2,379,0,5,40.3,2,Intermediate,46.3,48.3,0,Not Ready
STU-1083,Divya Reddy,Computer Science,9.63,7,72.7,826,49,10,354,20,49.5,166,2,1,28.6,6,Intermediate,73.0,57.9,1,Service Tier Ready
STU-1084,Karan Nair,Computer Science,7.29,4,56.9,1005,130,8,249,15,36.2,141,1,5,27.9,1,Intermediate,39.7,45.8,0,Not Ready
STU-1085,Meera Deshmukh,Computer Science,9.15,5,66.8,1416,285,6,199,12,28.6,328,4,1,54.9,4,Intermediate,59.7,68.6,2,Product Tier Ready
STU-1086,Aarav Mehta,Electronics & Comm,8.31,7,73.3,968,87,10,267,22,43.2,54,1,3,17.0,4,Basic,41.7,48.2,0,Not Ready
STU-1087,Shruti Verma,Electronics & Comm,9.06,6,60.6,837,38,11,216,19,38.5,123,1,9,34.5,3,Advanced,68.0,50.8,0,Not Ready
STU-1088,Tanvi Chawla,Mechanical,9.58,3,51.8,1175,190,10,290,27,47.7,95,1,4,22.3,4,Advanced,74.7,59.9,1,Service Tier Ready
STU-1089,Meera Chatterjee,Information Technology,8.32,10,90.5,1901,638,10,482,18,59.2,46,1,9,28.3,0,Basic,15.0,73.4,2,Product Tier Ready
STU-1090,Rahul Chatterjee,Computer Science,8.08,3,46.4,977,110,9,170,15,30.7,138,2,6,36.4,5,Basic,48.3,48.1,0,Not Ready
STU-1091,Amit Gupta,Electronics & Comm,7.25,9,74.6,959,140,9,202,13,32.3,420,3,1,55.6,1,Basic,21.7,42.8,0,Not Ready
STU-1092,Priya Nair,Electrical & Electronics,9.27,6,63.5,2184,734,9,225,18,36.8,307,2,3,43.9,6,Intermediate,73.0,79.9,2,Product Tier Ready
STU-1093,Ishita Patel,Information Technology,7.86,8,84.6,1241,251,4,98,7,15.7,39,2,3,22.5,4,Intermediate,59.7,54.1,1,Service Tier Ready
STU-1094,Dev Sharma,Electrical & Electronics,9.71,7,77.1,1282,291,10,315,18,45.2,375,0,4,38.0,5,Basic,48.3,61.6,1,Service Tier Ready
STU-1095,Shruti Chawla,Information Technology,8.29,3,40.9,1131,166,7,242,18,36.2,170,2,10,46.9,0,Intermediate,33.0,53.8,1,Service Tier Ready
STU-1096,Shruti Nair,Information Technology,9.04,5,61.8,2097,750,6,120,9,20.5,327,3,4,54.2,1,Basic,21.7,75.8,2,Product Tier Ready
STU-1097,Karan Chatterjee,Information Technology,7.17,10,82.5,1258,282,7,210,16,32.5,57,0,8,20.6,2,Basic,28.3,52.5,1,Service Tier Ready
STU-1098,Neha Kumar,Computer Science,8.67,8,75.3,1632,473,10,226,17,37.3,129,2,3,29.7,2,Intermediate,46.3,72.1,2,Product Tier Ready
STU-1099,Priya Deshmukh,Computer Science,9.27,2,34.5,1247,282,11,223,17,38.1,216,2,4,38.6,6,Intermediate,73.0,66.1,1,Service Tier Ready
STU-1100,Amit Nair,Computer Science,8.32,5,64.7,1316,305,8,332,15,43.2,296,3,3,49.7,4,Advanced,74.7,66.7,1,Service Tier Ready
STU-1101,Amit Kumar,Electronics & Comm,8.17,11,100.0,952,90,12,221,21,40.9,422,1,7,54.4,1,Intermediate,39.7,48.1,0,Not Ready
STU-1102,Divya Rao,Computer Science,8.39,4,55.2,929,75,5,152,14,24.7,237,0,6,31.0,1,Basic,21.7,42.2,0,Not Ready
STU-1103,Vikram Gupta,Information Technology,8.13,2,42.4,1306,318,5,154,10,22.8,366,2,1,44.6,1,Intermediate,39.7,57.0,1,Service Tier Ready
STU-1104,Neha Kumar,Mechanical,8.86,6,66.9,917,72,11,282,23,46.0,340,5,10,80.5,3,Advanced,68.0,55.0,1,Service Tier Ready
STU-1105,Karan Chawla,Computer Science,8.68,10,100.0,1183,197,11,220,19,38.8,290,3,1,45.2,3,Basic,35.0,58.4,1,Service Tier Ready
STU-1106,Aarav Joshi,Information Technology,6.41,5,55.6,1026,105,8,348,14,44.0,98,0,6,19.8,2,Intermediate,46.3,47.3,0,Not Ready
STU-1107,Siddharth Reddy,Electrical & Electronics,9.13,3,46.9,1451,376,8,480,13,54.5,67,1,3,18.0,4,Basic,41.7,60.5,1,Service Tier Ready
STU-1108,Aarav Verma,Computer Science,8.69,8,70.5,891,56,10,259,15,39.1,95,2,9,38.9,2,Production-Grade,73.3,54.5,1,Service Tier Ready
STU-1109,Pooja Chawla,Computer Science,8.97,9,91.2,1504,398,9,191,17,33.4,264,0,2,25.1,1,Production-Grade,66.7,72.9,2,Product Tier Ready
STU-1110,Kavya Rao,Computer Science,8.39,3,48.8,1137,226,12,425,21,57.9,496,2,3,59.0,2,Intermediate,46.3,59.0,1,Service Tier Ready
STU-1111,Ananya Rao,Computer Science,9.29,11,99.8,857,47,6,551,23,63.4,93,2,9,38.8,2,Basic,28.3,52.6,1,Service Tier Ready
STU-1112,Varun Verma,Mechanical,7.16,10,91.9,1192,196,5,225,9,28.2,264,3,6,53.1,2,Advanced,61.3,53.3,1,Service Tier Ready
STU-1113,Rohan Iyengar,Electrical & Electronics,9.63,11,100.0,1029,105,8,184,14,30.3,182,1,1,23.2,4,Intermediate,59.7,55.7,1,Service Tier Ready
STU-1114,Riya Deshmukh,Electronics & Comm,9.02,9,85.1,1004,102,9,188,14,31.7,209,2,2,34.1,1,Advanced,54.7,51.8,0,Not Ready
STU-1115,Rohan Chatterjee,Mechanical,8.17,5,64.8,882,120,14,269,24,48.4,195,1,7,36.3,2,Advanced,61.3,50.1,0,Not Ready
STU-1116,Meera Chatterjee,Electrical & Electronics,8.27,5,57.4,804,24,7,152,18,28.7,362,3,6,61.0,1,Intermediate,39.7,40.8,0,Not Ready
STU-1117,Vikram Patel,Computer Science,8.86,6,69.2,2173,750,2,61,4,9.1,304,2,1,39.7,1,Advanced,54.7,80.3,2,Product Tier Ready
STU-1118,Tanvi Reddy,Mechanical,9.25,2,32.5,963,43,8,486,12,54.5,128,4,10,56.9,2,Advanced,61.3,50.9,0,Not Ready
STU-1119,Meera Patel,Information Technology,8.5,8,78.1,1261,257,9,265,18,40.1,54,3,2,28.3,1,Intermediate,39.7,59.5,1,Service Tier Ready
STU-1120,Rahul Kumar,Electrical & Electronics,9.58,5,60.5,982,99,7,144,10,24.0,333,1,6,45.3,2,Intermediate,46.3,51.9,0,Not Ready
STU-1121,Divya Singh,Mechanical,8.72,2,48.7,1249,253,4,138,8,19.5,102,4,6,46.8,6,Intermediate,73.0,56.3,1,Service Tier Ready
STU-1122,Aditya Chawla,Computer Science,8.64,5,66.0,977,135,11,218,20,39.2,474,2,6,63.3,4,Intermediate,59.7,58.6,1,Service Tier Ready
STU-1123,Meera Chatterjee,Computer Science,7.22,5,58.2,1258,245,6,201,10,27.8,64,2,9,36.5,2,Intermediate,46.3,55.8,1,Service Tier Ready
STU-1124,Shruti Iyengar,Computer Science,9.6,2,45.5,1278,308,9,203,14,32.9,464,3,2,61.1,6,Intermediate,73.0,68.8,2,Product Tier Ready
STU-1125,Aditya Iyengar,Information Technology,8.9,10,93.9,1287,273,9,183,19,33.8,172,4,10,60.4,3,Intermediate,53.0,67.3,1,Service Tier Ready
STU-1126,Kavya Singh,Electrical & Electronics,8.68,9,91.5,865,34,9,189,14,31.8,243,1,10,46.1,2,Intermediate,46.3,44.0,0,Not Ready
STU-1127,Tanvi Mehta,Mechanical,8.33,10,93.9,1223,234,10,292,15,41.8,234,2,9,50.1,5,Production-Grade,93.3,65.3,1,Service Tier Ready
STU-1128,Pooja Reddy,Computer Science,7.31,8,77.1,862,71,7,178,12,27.8,334,4,9,71.4,2,Basic,28.3,45.3,0,Not Ready
STU-1129,Karan Reddy,Information Technology,9.28,6,64.5,861,54,6,179,9,25.4,443,1,10,62.1,2,Intermediate,46.3,52.7,1,Service Tier Ready
STU-1130,Priya Rao,Information Technology,8.8,8,71.8,1027,107,8,316,16,42.3,434,1,9,59.4,3,Advanced,68.0,59.6,1,Service Tier Ready
STU-1131,Sneha Verma,Computer Science,7.98,3,43.4,1068,147,8,250,16,36.8,246,2,9,51.0,5,Basic,48.3,54.1,1,Service Tier Ready
STU-1132,Siddharth Sharma,Computer Science,8.48,11,96.0,1015,139,8,206,12,31.2,374,1,3,42.6,1,Production-Grade,66.7,59.5,1,Service Tier Ready
STU-1133,Varun Kumar,Computer Science,8.22,8,82.6,1248,279,9,470,18,57.2,261,3,10,60.9,5,Intermediate,66.3,65.1,1,Service Tier Ready
STU-1134,Sneha Joshi,Mechanical,8.87,5,64.0,1020,100,6,132,10,22.0,115,1,9,33.9,1,Advanced,54.7,47.5,0,Not Ready
STU-1135,Sneha Sharma,Computer Science,9.17,6,64.8,952,84,8,178,16,30.8,198,1,10,42.5,5,Advanced,81.3,58.9,1,Service Tier Ready
STU-1136,Rohan Iyengar,Information Technology,8.19,8,74.1,800,18,11,440,21,58.2,416,0,9,51.3,3,Advanced,68.0,53.5,1,Service Tier Ready
STU-1137,Amit Sharma,Electronics & Comm,8.56,3,51.1,1262,262,8,335,13,42.4,154,2,3,31.7,2,Basic,28.3,53.8,1,Service Tier Ready
STU-1138,Sneha Verma,Information Technology,9.58,6,65.1,1090,184,7,139,11,24.1,358,0,4,36.6,4,Intermediate,59.7,57.2,1,Service Tier Ready
STU-1139,Ananya Deshmukh,Civil,8.26,3,51.7,1045,128,16,553,31,77.6,437,3,4,63.0,4,Basic,41.7,51.7,0,Not Ready
STU-1140,Siddharth Verma,Civil,7.57,11,100.0,1364,279,12,217,23,41.6,265,3,4,49.2,3,Advanced,68.0,61.2,1,Service Tier Ready
STU-1141,Karan Rao,Computer Science,8.29,7,83.3,1059,174,7,298,17,40.3,396,2,7,59.0,2,Intermediate,46.3,57.1,1,Service Tier Ready
STU-1142,Rahul Mehta,Information Technology,7.3,11,100.0,1083,153,10,212,17,36.2,174,3,5,43.9,7,Basic,61.7,54.7,1,Service Tier Ready
STU-1143,Riya Rao,Computer Science,9.62,9,77.7,1136,183,7,146,12,25.2,134,2,7,38.1,4,Intermediate,59.7,63.5,1,Service Tier Ready
STU-1144,Meera Patel,Computer Science,7.7,8,81.7,1104,229,9,221,15,34.9,373,3,6,61.8,2,Basic,28.3,52.5,1,Service Tier Ready
STU-1145,Shruti Chawla,Computer Science,9.78,6,62.2,1257,231,8,371,14,45.9,293,2,7,50.8,4,Advanced,74.7,69.5,2,Product Tier Ready
STU-1146,Varun Joshi,Electronics & Comm,7.3,4,48.1,1090,103,5,244,11,30.8,163,1,8,35.7,1,Intermediate,39.7,43.6,0,Not Ready
STU-1147,Riya Rao,Information Technology,8.77,5,66.5,925,66,5,431,14,47.9,38,2,6,28.4,4,Basic,41.7,51.7,0,Not Ready
STU-1148,Riya Chatterjee,Computer Science,8.77,3,47.4,990,68,9,239,14,35.9,44,3,9,41.5,0,Intermediate,33.0,50.4,0,Not Ready
STU-1149,Ishita Rao,Computer Science,9.0,7,70.4,1183,248,7,197,12,29.4,93,4,4,42.1,0,Basic,15.0,54.3,1,Service Tier Ready
STU-1150,Priya Verma,Mechanical,8.94,9,88.2,1538,430,8,145,14,27.1,207,0,5,26.6,2,Intermediate,46.3,64.1,1,Service Tier Ready
STU-1151,Tanvi Singh,Computer Science,8.5,9,88.1,1030,126,9,181,16,32.1,153,2,9,43.6,6,Basic,55.0,55.2,1,Service Tier Ready
STU-1152,Pooja Singh,Computer Science,8.37,10,85.6,883,70,9,230,16,36.2,40,0,9,21.2,3,Production-Grade,80.0,54.3,1,Service Tier Ready
STU-1153,Ishita Reddy,Information Technology,9.21,6,71.3,1349,304,10,319,21,47.1,124,2,2,27.3,2,Intermediate,46.3,61.8,1,Service Tier Ready
STU-1154,Shruti Sharma,Civil,9.05,11,100.0,1501,362,10,352,23,50.8,149,1,2,22.6,6,Intermediate,73.0,68.1,2,Product Tier Ready
STU-1155,Tanvi Mehta,Computer Science,8.43,7,72.2,1574,455,9,195,14,32.2,459,0,9,54.7,4,Intermediate,59.7,71.2,2,Product Tier Ready
STU-1156,Amit Verma,Electronics & Comm,9.44,3,47.1,1226,208,11,322,21,48.3,330,3,6,58.4,3,Intermediate,53.0,60.9,1,Service Tier Ready
STU-1157,Ananya Singh,Electrical & Electronics,8.72,11,95.9,1416,396,2,212,5,22.2,275,1,8,44.7,5,Intermediate,66.3,63.6,1,Service Tier Ready
STU-1158,Shruti Gupta,Computer Science,8.46,5,69.5,839,38,8,190,14,30.8,106,3,8,44.5,2,Basic,28.3,44.1,0,Not Ready
STU-1159,Priya Rao,Electronics & Comm,9.33,4,57.6,858,38,7,244,10,32.3,123,3,8,45.8,2,Basic,28.3,45.5,0,Not Ready
STU-1160,Aditya Rao,Information Technology,9.21,10,92.4,863,61,9,219,13,33.8,344,4,5,64.2,3,Basic,35.0,50.8,0,Not Ready
STU-1161,Meera Reddy,Electronics & Comm,8.43,7,68.5,1263,273,14,676,36,88.3,182,5,10,67.9,2,Intermediate,46.3,62.9,1,Service Tier Ready
STU-1162,Vikram Singh,Electronics & Comm,7.72,7,71.5,925,31,8,144,16,28.0,269,1,4,36.2,4,Basic,41.7,44.7,0,Not Ready
STU-1163,Neha Nair,Information Technology,9.09,5,56.2,1176,175,10,233,17,37.9,169,3,3,39.5,4,Intermediate,59.7,62.5,1,Service Tier Ready
STU-1164,Dev Rao,Computer Science,9.37,7,76.1,1088,140,8,174,17,31.0,114,3,4,37.1,1,Basic,21.7,52.0,1,Service Tier Ready
STU-1165,Rohan Reddy,Electrical & Electronics,9.33,2,36.6,1035,102,4,261,6,28.8,245,2,8,48.9,2,Intermediate,46.3,49.4,0,Not Ready
STU-1166,Meera Verma,Computer Science,7.79,10,86.1,1521,418,8,177,15,30.2,311,2,4,46.2,7,Advanced,94.7,75.8,2,Product Tier Ready
STU-1167,Ananya Mehta,Computer Science,8.81,4,50.8,823,47,7,204,14,31.0,399,1,8,54.6,4,Basic,41.7,48.9,0,Not Ready
STU-1168,Meera Deshmukh,Computer Science,6.84,6,63.3,984,125,12,350,20,51.2,489,2,8,68.5,1,Basic,21.7,46.3,0,Not Ready
STU-1169,Aarav Verma,Information Technology,7.82,8,85.1,1343,320,10,248,16,38.7,322,2,1,41.1,3,Intermediate,53.0,63.4,1,Service Tier Ready
STU-1170,Sneha Patel,Electronics & Comm,9.29,3,56.1,848,44,11,250,28,45.8,270,0,9,39.6,4,Intermediate,59.7,51.0,0,Not Ready
STU-1171,Ishita Reddy,Computer Science,9.71,5,59.5,1269,246,9,166,14,29.8,498,3,3,65.8,6,Basic,55.0,66.0,1,Service Tier Ready
STU-1172,Riya Rao,Information Technology,9.18,7,74.5,1483,371,7,128,11,23.2,52,2,6,29.5,6,Basic,55.0,67.7,1,Service Tier Ready
STU-1173,Arjun Chawla,Computer Science,8.69,2,35.0,1788,554,10,495,18,60.2,350,5,3,67.3,1,Advanced,54.7,79.8,2,Product Tier Ready
STU-1174,Ananya Patel,Electronics & Comm,8.07,7,77.3,1622,460,9,265,16,39.1,74,2,9,37.3,6,Advanced,88.0,73.3,2,Product Tier Ready
STU-1175,Arjun Sharma,Computer Science,7.83,6,65.9,1056,112,8,318,17,43.0,103,3,1,30.2,2,Production-Grade,73.3,55.4,1,Service Tier Ready
STU-1176,Arjun Nair,Electronics & Comm,9.79,3,46.2,1115,211,14,317,26,53.4,448,1,7,56.5,2,Intermediate,46.3,60.2,1,Service Tier Ready
STU-1177,Dev Nair,Information Technology,9.31,7,78.2,879,22,10,210,18,36.5,131,1,5,27.1,3,Advanced,68.0,54.3,1,Service Tier Ready
STU-1178,Ishita Iyengar,Mechanical,7.89,6,70.1,829,75,10,214,15,35.3,461,0,3,42.9,2,Advanced,61.3,44.8,0,Not Ready
STU-1179,Shruti Chatterjee,Computer Science,8.75,2,37.6,886,64,10,184,23,36.8,313,2,7,52.4,3,Advanced,68.0,56.6,1,Service Tier Ready
STU-1180,Meera Mehta,Computer Science,7.52,7,77.9,1060,103,12,372,19,52.5,414,1,1,41.8,3,Basic,35.0,53.3,1,Service Tier Ready
STU-1181,Yash Reddy,Computer Science,8.64,8,89.5,1635,456,6,195,9,26.8,101,3,6,40.1,3,Intermediate,53.0,70.4,2,Product Tier Ready
STU-1182,Vikram Rao,Mechanical,9.14,10,96.5,987,117,11,263,17,41.4,70,2,7,32.9,2,Intermediate,46.3,50.5,0,Not Ready
STU-1183,Kavya Rao,Mechanical,8.33,3,48.6,1187,190,8,335,14,42.9,308,2,9,56.0,5,Intermediate,66.3,57.8,1,Service Tier Ready
STU-1184,Ananya Joshi,Computer Science,8.77,7,77.0,1052,124,4,130,6,17.8,241,6,9,77.3,4,Intermediate,59.7,57.0,1,Service Tier Ready
STU-1185,Shruti Kumar,Electronics & Comm,7.68,7,68.8,1092,147,6,403,10,44.6,189,2,7,42.5,0,Advanced,48.0,49.8,0,Not Ready
STU-1186,Ananya Iyengar,Electrical & Electronics,9.59,2,41.4,2098,727,8,145,14,27.1,116,7,5,65.9,2,Production-Grade,73.3,81.6,2,Product Tier Ready
STU-1187,Siddharth Sharma,Information Technology,9.38,9,87.3,1011,91,8,561,13,61.2,36,4,7,43.5,3,Advanced,68.0,63.1,1,Service Tier Ready
STU-1188,Ananya Joshi,Information Technology,8.67,6,73.3,1201,241,6,277,9,33.6,488,2,1,54.4,2,Advanced,61.3,61.6,1,Service Tier Ready
STU-1189,Riya Kumar,Computer Science,8.75,3,46.7,965,111,10,223,15,36.1,212,0,7,31.0,4,Intermediate,59.7,54.5,1,Service Tier Ready
STU-1190,Karan Patel,Computer Science,9.51,6,64.5,936,24,8,234,18,36.5,357,1,10,55.2,4,Intermediate,59.7,57.5,1,Service Tier Ready
STU-1191,Ananya Kumar,Mechanical,8.9,5,58.4,1088,174,10,379,27,55.1,328,3,4,54.2,1,Intermediate,39.7,51.7,0,Not Ready
STU-1192,Rohan Deshmukh,Mechanical,8.5,8,89.6,1382,380,8,209,12,31.4,427,1,2,44.8,2,Intermediate,46.3,60.0,1,Service Tier Ready
STU-1193,Neha Verma,Electronics & Comm,7.45,11,100.0,962,61,10,185,19,34.9,43,4,6,42.1,4,Advanced,74.7,52.3,1,Service Tier Ready
STU-1194,Divya Verma,Computer Science,8.65,9,90.0,938,39,7,360,19,46.5,129,2,7,37.7,5,Advanced,81.3,57.8,1,Service Tier Ready
STU-1195,Tanvi Deshmukh,Computer Science,9.5,2,35.5,878,50,12,288,19,45.5,273,0,7,35.8,4,Intermediate,59.7,50.9,0,Not Ready
STU-1196,Sneha Singh,Electronics & Comm,7.11,2,32.2,1282,326,14,330,28,55.5,198,0,8,31.8,2,Advanced,61.3,57.1,1,Service Tier Ready
STU-1197,Priya Chawla,Mechanical,7.15,9,85.6,1322,292,5,91,16,20.6,261,1,5,37.5,3,Intermediate,53.0,52.8,1,Service Tier Ready
STU-1198,Varun Rao,Mechanical,8.27,5,60.3,1267,202,8,154,13,27.3,140,6,10,71.2,2,Intermediate,46.3,52.6,1,Service Tier Ready
STU-1199,Varun Joshi,Electrical & Electronics,8.27,9,85.4,1069,144,6,258,9,32.0,376,3,10,70.1,2,Advanced,61.3,55.1,1,Service Tier Ready
STU-1200,Ananya Joshi,Electronics & Comm,9.51,8,74.9,1704,481,6,165,18,28.8,369,1,8,52.2,3,Intermediate,53.0,72.9,2,Product Tier Ready
STU-1201,Rohan Singh,Computer Science,8.3,10,96.9,1366,292,7,750,12,75.5,131,4,4,45.1,4,Basic,41.7,67.9,1,Service Tier Ready
STU-1202,Tanvi Joshi,Computer Science,8.83,8,79.3,1478,350,10,298,15,42.3,246,0,10,39.7,1,Intermediate,39.7,63.6,1,Service Tier Ready
STU-1203,Varun Kumar,Mechanical,8.93,5,58.7,1548,364,10,478,17,58.3,269,1,1,30.2,2,Intermediate,46.3,61.0,1,Service Tier Ready
STU-1204,Siddharth Chawla,Electronics & Comm,8.94,6,68.8,1307,252,8,176,12,28.7,269,3,8,57.5,1,Basic,21.7,55.6,1,Service Tier Ready
STU-1205,Rahul Rao,Computer Science,9.27,8,79.4,1033,132,11,217,25,41.6,250,3,4,48.0,2,Intermediate,46.3,55.5,1,Service Tier Ready
STU-1206,Tanvi Iyengar,Computer Science,8.94,3,64.1,1525,434,11,245,17,39.9,299,1,5,40.6,2,Production-Grade,73.3,72.9,2,Product Tier Ready
STU-1207,Siddharth Rao,Electronics & Comm,7.53,4,55.9,1820,555,4,102,7,16.0,57,1,4,19.2,5,Advanced,81.3,70.4,2,Product Tier Ready
STU-1208,Rahul Singh,Computer Science,8.33,4,45.9,856,37,12,311,24,49.9,315,0,7,39.2,5,Intermediate,66.3,54.2,1,Service Tier Ready
STU-1209,Vikram Mehta,Computer Science,9.52,10,98.8,855,11,10,316,21,46.8,364,2,10,62.5,4,Advanced,74.7,61.0,1,Service Tier Ready
STU-1210,Amit Nair,Information Technology,9.3,3,49.1,1932,653,8,195,21,34.8,83,1,3,19.3,5,Basic,48.3,76.8,2,Product Tier Ready
STU-1211,Dev Gupta,Electronics & Comm,8.72,5,61.8,907,68,12,225,20,40.8,472,1,2,48.4,4,Advanced,74.7,53.2,1,Service Tier Ready
STU-1212,Rohan Sharma,Electronics & Comm,9.43,9,95.1,1626,459,8,146,29,34.7,242,0,10,39.4,4,Intermediate,59.7,73.1,2,Product Tier Ready
STU-1213,Dev Joshi,Computer Science,8.25,2,41.2,978,125,8,168,14,29.0,425,3,2,58.0,0,Advanced,48.0,49.8,0,Not Ready
STU-1214,Varun Verma,Electronics & Comm,8.73,10,90.2,891,50,11,329,22,49.4,399,2,7,59.3,1,Intermediate,39.7,49.3,0,Not Ready
STU-1215,Rohan Kumar,Computer Science,8.28,7,69.4,918,44,7,151,12,25.6,149,1,10,38.6,2,Basic,28.3,43.6,0,Not Ready
STU-1216,Aditya Kumar,Computer Science,9.5,5,58.2,994,55,4,313,17,38.6,104,1,6,27.0,3,Advanced,68.0,58.4,1,Service Tier Ready
STU-1217,Rahul Patel,Electronics & Comm,8.37,6,71.4,941,99,8,249,16,36.8,452,4,2,66.8,2,Intermediate,46.3,50.0,0,Not Ready
STU-1218,Pooja Chawla,Electronics & Comm,8.98,8,76.9,1129,158,8,342,12,42.5,99,2,8,37.3,9,Advanced,100.0,62.5,1,Service Tier Ready
STU-1219,Rohan Chawla,Electrical & Electronics,7.51,9,82.4,1165,258,4,120,6,17.0,352,0,6,40.2,2,Basic,28.3,46.6,0,Not Ready
STU-1220,Sneha Gupta,Electronics & Comm,9.41,6,80.3,2149,750,9,572,22,67.7,262,0,8,37.0,3,Intermediate,53.0,83.8,3,Dream Tier Ready
STU-1221,Kavya Patel,Information Technology,8.19,8,81.1,1033,128,7,239,17,35.4,300,4,6,62.7,6,Intermediate,73.0,58.6,1,Service Tier Ready
STU-1222,Dev Deshmukh,Computer Science,8.59,4,49.9,1130,161,13,278,21,46.7,161,2,4,34.2,7,Advanced,94.7,64.9,1,Service Tier Ready
STU-1223,Meera Iyengar,Information Technology,9.14,3,32.1,1105,184,6,131,11,22.4,127,2,8,39.5,3,Production-Grade,80.0,60.6,1,Service Tier Ready
STU-1224,Kavya Joshi,Computer Science,9.61,3,41.5,1118,170,8,345,19,46.2,131,3,4,38.5,4,Basic,41.7,56.8,1,Service Tier Ready
STU-1225,Amit Kumar,Computer Science,8.75,11,98.0,1147,162,13,272,19,45.2,457,2,6,61.9,5,Advanced,81.3,66.4,1,Service Tier Ready
STU-1226,Aarav Mehta,Civil,8.29,4,52.9,801,32,10,184,15,32.8,196,0,5,25.7,1,Basic,21.7,35.5,0,Not Ready
STU-1227,Meera Nair,Information Technology,8.97,7,73.1,800,15,11,230,21,40.7,134,1,4,25.4,1,Advanced,54.7,46.2,0,Not Ready
STU-1228,Tanvi Verma,Mechanical,9.33,11,100.0,913,33,5,109,7,17.6,483,2,7,66.0,3,Basic,35.0,46.0,0,Not Ready
STU-1229,Vikram Nair,Electronics & Comm,9.27,2,32.6,859,61,4,110,7,16.7,115,2,8,38.5,1,Basic,21.7,41.3,0,Not Ready
STU-1230,Priya Chawla,Electrical & Electronics,9.26,4,59.9,1308,270,8,239,13,34.4,66,4,6,43.9,3,Intermediate,53.0,58.4,1,Service Tier Ready
STU-1231,Priya Iyengar,Information Technology,8.27,4,59.0,1016,66,9,231,19,37.8,471,1,1,46.3,3,Advanced,68.0,56.2,1,Service Tier Ready
STU-1232,Meera Patel,Information Technology,9.45,3,41.4,1653,451,9,286,13,39.3,189,2,7,42.5,3,Intermediate,53.0,71.6,2,Product Tier Ready
STU-1233,Rahul Nair,Information Technology,9.24,2,48.2,1712,534,11,238,16,38.8,152,2,4,33.5,1,Intermediate,39.7,70.9,2,Product Tier Ready
STU-1234,Divya Rao,Computer Science,9.1,2,32.6,2076,750,9,174,13,30.0,441,0,2,39.3,4,Intermediate,59.7,78.8,2,Product Tier Ready
STU-1235,Yash Gupta,Electronics & Comm,8.85,2,34.3,1778,565,7,143,12,24.9,161,1,3,25.5,3,Intermediate,53.0,70.4,2,Product Tier Ready
STU-1236,Aditya Mehta,Computer Science,9.04,9,83.5,940,73,7,285,11,36.2,295,3,10,63.6,2,Intermediate,46.3,55.2,1,Service Tier Ready
STU-1237,Amit Deshmukh,Computer Science,9.04,7,70.8,1050,146,10,190,16,33.8,312,0,4,33.0,0,Basic,15.0,47.9,0,Not Ready
STU-1238,Rahul Kumar,Electronics & Comm,8.72,10,90.2,1013,81,7,286,12,36.8,369,0,7,43.5,2,Advanced,61.3,53.9,1,Service Tier Ready
STU-1239,Riya Nair,Computer Science,7.3,4,50.7,1495,368,7,149,11,24.9,449,4,9,80.6,2,Basic,28.3,59.8,1,Service Tier Ready
STU-1240,Ananya Verma,Mechanical,7.13,8,84.6,1614,473,10,293,15,41.9,290,5,10,76.5,3,Advanced,68.0,68.8,2,Product Tier Ready
STU-1241,Amit Singh,Civil,9.07,7,72.5,1589,415,9,259,17,39.1,494,3,6,71.5,1,Intermediate,39.7,65.9,1,Service Tier Ready
STU-1242,Rahul Sharma,Mechanical,7.58,10,100.0,1156,156,6,118,21,26.3,463,3,10,77.0,2,Intermediate,46.3,51.6,0,Not Ready
STU-1243,Aarav Gupta,Information Technology,8.64,10,100.0,1299,286,10,289,18,43.1,445,3,5,65.6,4,Intermediate,59.7,65.3,1,Service Tier Ready
STU-1244,Vikram Mehta,Computer Science,9.28,10,100.0,892,38,9,221,19,36.9,384,3,9,68.7,2,Basic,28.3,49.4,0,Not Ready
STU-1245,Rahul Patel,Mechanical,9.26,8,76.3,853,54,7,248,24,39.7,436,2,8,64.2,2,Intermediate,46.3,48.4,0,Not Ready
STU-1246,Shruti Reddy,Information Technology,8.98,10,93.3,1372,322,6,288,9,34.5,490,0,8,55.2,5,Intermediate,66.3,71.0,2,Product Tier Ready
STU-1247,Meera Iyengar,Civil,8.6,8,78.6,996,134,12,220,20,40.3,218,2,8,46.8,3,Intermediate,53.0,51.3,0,Not Ready
STU-1248,Ishita Kumar,Civil,8.11,10,89.6,2211,750,7,230,13,32.7,414,3,8,69.1,4,Intermediate,59.7,79.0,2,Product Tier Ready
STU-1249,Aarav Verma,Mechanical,9.9,3,56.3,872,54,8,155,13,27.4,60,3,8,40.8,1,Intermediate,39.7,46.3,0,Not Ready
STU-1250,Rohan Chawla,Computer Science,9.14,3,51.4,1520,388,6,155,12,24.9,304,4,10,71.0,7,Intermediate,79.7,71.9,2,Product Tier Ready
STU-1251,Yash Chawla,Information Technology,9.82,8,80.1,1069,132,4,73,9,14.6,339,0,10,47.1,4,Production-Grade,86.7,62.8,1,Service Tier Ready
STU-1252,Vikram Kumar,Mechanical,7.82,11,100.0,1603,360,6,147,16,26.2,413,1,7,53.7,1,Intermediate,39.7,63.0,1,Service Tier Ready
STU-1253,Ananya Deshmukh,Computer Science,7.32,7,74.5,1436,361,5,108,14,21.0,447,1,2,46.4,6,Advanced,88.0,67.8,1,Service Tier Ready
STU-1254,Pooja Joshi,Computer Science,8.37,7,69.1,1677,509,5,171,8,23.2,161,6,2,56.9,4,Basic,41.7,72.4,2,Product Tier Ready
STU-1255,Meera Patel,Information Technology,8.97,6,70.9,943,82,10,251,15,38.4,205,2,5,39.7,3,Basic,35.0,47.8,0,Not Ready
STU-1256,Ishita Patel,Mechanical,8.98,2,39.5,1907,639,6,265,10,33.1,333,2,6,52.0,4,Intermediate,59.7,74.9,2,Product Tier Ready
STU-1257,Ananya Nair,Electronics & Comm,8.12,8,78.4,863,49,9,264,14,38.0,78,0,9,24.2,4,Advanced,74.7,49.5,0,Not Ready
STU-1258,Pooja Chawla,Information Technology,9.33,3,40.2,899,35,7,251,13,34.4,473,1,1,46.5,5,Intermediate,66.3,54.8,1,Service Tier Ready
STU-1259,Ananya Chawla,Computer Science,8.12,9,91.0,993,126,7,135,12,24.2,402,3,7,66.2,3,Intermediate,53.0,53.0,1,Service Tier Ready
STU-1260,Pooja Rao,Electronics & Comm,7.7,11,100.0,1490,368,9,164,25,35.2,201,1,7,36.7,2,Basic,28.3,58.6,1,Service Tier Ready
STU-1261,Tanvi Rao,Civil,7.76,8,76.7,1085,142,10,529,15,61.6,447,1,8,58.4,3,Production-Grade,80.0,57.7,1,Service Tier Ready
STU-1262,Tanvi Verma,Computer Science,8.64,3,52.0,1467,364,3,109,5,14.6,341,1,1,35.9,4,Intermediate,59.7,65.9,1,Service Tier Ready
STU-1263,Pooja Chatterjee,Information Technology,8.46,3,46.7,1330,276,4,122,14,21.2,359,0,10,48.7,2,Basic,28.3,55.8,1,Service Tier Ready
STU-1264,Meera Chawla,Mechanical,9.28,11,93.2,925,78,8,147,15,27.8,35,4,4,37.5,7,Intermediate,79.7,52.8,1,Service Tier Ready
STU-1265,Ishita Joshi,Electronics & Comm,7.41,9,95.4,1808,616,10,192,18,35.0,105,3,10,48.4,2,Basic,28.3,69.1,2,Product Tier Ready
STU-1266,Shruti Patel,Electronics & Comm,8.05,6,59.5,892,50,8,426,15,51.0,233,2,5,42.0,4,Intermediate,59.7,50.6,0,Not Ready
STU-1267,Sneha Deshmukh,Electronics & Comm,8.57,9,85.4,1684,489,9,280,14,39.3,398,2,2,49.2,3,Advanced,68.0,73.5,2,Product Tier Ready
STU-1268,Neha Chatterjee,Information Technology,9.32,2,39.2,972,106,13,286,25,49.3,411,6,2,76.9,0,Intermediate,33.0,54.3,1,Service Tier Ready
STU-1269,Neha Chawla,Computer Science,9.06,10,89.2,1109,154,9,396,16,50.0,239,4,4,53.8,4,Intermediate,59.7,61.4,1,Service Tier Ready
STU-1270,Ishita Sharma,Electrical & Electronics,9.51,9,87.2,1095,143,2,125,3,13.9,65,2,3,24.5,2,Intermediate,46.3,51.8,0,Not Ready
STU-1271,Neha Iyengar,Electrical & Electronics,7.82,7,81.9,949,77,4,209,6,24.4,448,2,7,63.2,2,Intermediate,46.3,44.4,0,Not Ready
STU-1272,Siddharth Chatterjee,Mechanical,9.51,9,94.9,975,95,2,92,9,14.2,310,4,7,65.5,1,Intermediate,39.7,50.6,0,Not Ready
STU-1273,Ishita Chatterjee,Mechanical,8.63,2,43.1,995,75,8,200,13,31.2,206,2,2,33.8,2,Intermediate,46.3,45.3,0,Not Ready
STU-1274,Tanvi Deshmukh,Information Technology,8.56,9,93.0,834,49,3,61,10,13.1,84,3,5,36.7,3,Basic,35.0,43.1,0,Not Ready
STU-1275,Shruti Chatterjee,Information Technology,7.79,2,44.6,934,84,5,222,11,29.0,198,3,5,45.8,1,Intermediate,39.7,47.0,0,Not Ready
STU-1276,Sneha Nair,Electrical & Electronics,9.71,5,64.7,1101,140,7,136,11,23.8,342,2,8,56.7,1,Production-Grade,66.7,55.7,1,Service Tier Ready
STU-1277,Neha Chatterjee,Electronics & Comm,7.95,11,100.0,1433,337,13,378,20,54.5,435,0,8,50.8,4,Advanced,74.7,68.9,2,Product Tier Ready
STU-1278,Yash Verma,Electronics & Comm,8.32,4,51.3,1096,171,6,129,15,24.2,457,0,4,44.6,3,Intermediate,53.0,50.2,0,Not Ready
STU-1279,Arjun Deshmukh,Electrical & Electronics,8.23,4,49.3,1710,495,11,226,20,39.8,442,0,10,55.4,4,Intermediate,59.7,72.7,2,Product Tier Ready
STU-1280,Ananya Deshmukh,Mechanical,8.89,11,99.1,1154,212,10,429,16,53.8,356,2,1,43.8,2,Intermediate,46.3,57.4,1,Service Tier Ready
STU-1281,Riya Rao,Computer Science,7.6,10,85.0,1304,276,6,171,11,25.8,77,1,6,24.8,2,Basic,28.3,55.1,1,Service Tier Ready
STU-1282,Aditya Deshmukh,Information Technology,9.47,9,91.6,1264,239,16,301,27,54.6,133,2,7,38.0,4,Advanced,74.7,69.7,2,Product Tier Ready
STU-1283,Dev Gupta,Computer Science,8.47,11,100.0,1098,130,8,379,12,45.6,32,1,1,11.2,1,Basic,21.7,50.2,0,Not Ready
STU-1284,Kavya Deshmukh,Information Technology,9.76,9,88.6,1279,248,10,240,19,39.5,114,1,8,31.8,4,Advanced,74.7,67.0,1,Service Tier Ready
STU-1285,Sneha Rao,Computer Science,8.6,8,79.2,976,60,4,85,10,16.1,202,0,9,34.2,3,Intermediate,53.0,50.9,0,Not Ready
STU-1286,Aarav Mehta,Information Technology,9.04,9,90.0,1464,409,3,103,4,13.6,305,3,8,60.4,3,Advanced,68.0,70.6,2,Product Tier Ready
STU-1287,Aditya Singh,Information Technology,7.85,9,88.7,1290,334,15,358,28,58.8,358,1,3,41.3,1,Intermediate,39.7,61.9,1,Service Tier Ready
STU-1288,Siddharth Nair,Computer Science,9.44,11,100.0,881,106,4,116,12,19.7,262,2,9,52.3,3,Intermediate,53.0,54.6,1,Service Tier Ready
STU-1289,Rohan Chatterjee,Information Technology,9.76,7,77.9,1466,339,5,348,8,38.0,193,1,10,42.1,2,Basic,28.3,63.8,1,Service Tier Ready
STU-1290,Rahul Gupta,Computer Science,5.91,9,87.7,855,14,9,193,14,32.1,89,2,3,26.5,2,Basic,28.3,36.6,0,Not Ready
STU-1291,Amit Kumar,Computer Science,8.77,3,49.0,926,90,9,181,18,33.1,107,1,4,23.2,4,Advanced,74.7,55.4,1,Service Tier Ready
STU-1292,Arjun Mehta,Electrical & Electronics,8.44,8,85.7,854,41,8,168,12,28.0,47,4,6,42.4,4,Advanced,74.7,47.2,0,Not Ready
STU-1293,Meera Gupta,Information Technology,7.67,4,47.6,1446,350,7,134,18,27.2,126,1,7,30.7,4,Advanced,74.7,65.5,1,Service Tier Ready
STU-1294,Aarav Verma,Computer Science,8.37,9,90.7,1332,316,3,114,7,16.0,95,1,8,30.3,3,Basic,35.0,58.4,1,Service Tier Ready
STU-1295,Rahul Patel,Information Technology,8.35,6,54.1,1376,343,9,372,23,51.5,60,4,7,45.5,4,Advanced,74.7,69.4,2,Product Tier Ready
STU-1296,Varun Nair,Electrical & Electronics,8.2,6,70.9,815,27,9,198,17,34.0,499,3,3,65.9,6,Advanced,88.0,48.8,0,Not Ready
STU-1297,Ananya Verma,Computer Science,9.29,4,57.8,1050,160,11,227,17,38.4,267,2,2,38.7,2,Intermediate,46.3,55.5,1,Service Tier Ready
STU-1298,Divya Singh,Electronics & Comm,8.58,2,43.1,1282,267,10,361,17,48.6,294,1,2,34.2,2,Intermediate,46.3,59.3,1,Service Tier Ready
STU-1299,Pooja Iyengar,Computer Science,9.62,3,51.1,946,35,14,288,24,50.0,177,1,9,38.8,4,Intermediate,59.7,55.0,1,Service Tier Ready
STU-1300,Siddharth Singh,Computer Science,8.38,3,52.0,1181,240,4,136,12,21.3,177,5,7,61.5,4,Intermediate,59.7,60.2,1,Service Tier Ready
STU-1301,Divya Kumar,Information Technology,9.03,8,80.5,866,39,9,165,21,33.2,76,3,7,40.1,1,Advanced,54.7,51.5,0,Not Ready
STU-1302,Priya Singh,Information Technology,7.49,3,49.2,895,40,10,213,19,37.2,273,4,5,58.5,1,Intermediate,39.7,44.1,0,Not Ready
STU-1303,Varun Rao,Electronics & Comm,8.27,8,85.6,1082,142,10,193,16,34.1,286,1,6,41.5,3,Intermediate,53.0,52.0,1,Service Tier Ready
STU-1304,Rahul Sharma,Electronics & Comm,7.58,2,35.7,1199,236,13,245,22,44.4,112,3,7,43.0,2,Basic,28.3,50.7,0,Not Ready
STU-1305,Yash Singh,Civil,8.62,3,39.1,951,67,12,272,18,43.7,385,1,9,55.5,8,Intermediate,86.3,55.0,1,Service Tier Ready
STU-1306,Aarav Kumar,Information Technology,9.04,8,83.6,957,76,6,140,10,22.7,171,1,10,40.3,3,Basic,35.0,48.3,0,Not Ready
STU-1307,Meera Mehta,Computer Science,8.35,8,84.8,932,86,9,180,14,31.0,158,5,4,54.0,3,Basic,35.0,49.0,0,Not Ready
STU-1308,Shruti Iyengar,Electrical & Electronics,7.31,3,51.6,834,57,4,143,6,18.9,482,5,6,83.9,3,Intermediate,53.0,40.8,0,Not Ready
STU-1309,Shruti Mehta,Computer Science,8.32,11,100.0,843,56,10,333,23,49.2,39,2,1,18.5,2,Intermediate,46.3,49.2,0,Not Ready
STU-1310,Aditya Gupta,Information Technology,8.71,8,81.6,1019,101,16,420,24,63.0,486,8,7,100.0,5,Basic,48.3,61.7,1,Service Tier Ready
STU-1311,Ishita Verma,Computer Science,7.61,10,95.5,1285,230,5,118,12,20.8,206,3,4,44.5,2,Production-Grade,73.3,62.3,1,Service Tier Ready
STU-1312,Tanvi Chawla,Computer Science,8.63,9,85.3,1064,147,9,192,16,33.0,427,1,2,44.8,3,Advanced,68.0,61.0,1,Service Tier Ready
STU-1313,Siddharth Joshi,Civil,7.44,7,78.0,1482,340,11,329,23,49.9,473,5,4,79.2,7,Intermediate,79.7,70.6,2,Product Tier Ready
STU-1314,Siddharth Mehta,Electrical & Electronics,8.3,5,63.2,1306,283,12,297,23,48.2,239,2,8,48.5,4,Advanced,74.7,62.5,1,Service Tier Ready
STU-1315,Priya Iyengar,Electronics & Comm,8.67,4,52.5,811,38,15,405,28,62.8,71,2,2,23.0,2,Intermediate,46.3,47.3,0,Not Ready
STU-1316,Kavya Kumar,Information Technology,8.01,9,88.3,823,19,10,180,17,33.5,153,3,1,34.2,1,Intermediate,39.7,48.0,0,Not Ready
STU-1317,Kavya Mehta,Computer Science,9.12,4,52.2,1689,453,7,135,17,26.8,216,2,1,32.6,1,Advanced,54.7,70.6,2,Product Tier Ready
STU-1318,Ishita Gupta,Computer Science,6.45,6,76.7,827,32,9,323,13,42.4,54,1,7,25.0,4,Basic,41.7,43.2,0,Not Ready
STU-1319,Arjun Iyengar,Computer Science,8.67,4,56.0,922,72,6,298,11,36.3,193,1,7,36.1,1,Advanced,54.7,50.9,0,Not Ready
STU-1320,Kavya Kumar,Information Technology,8.37,10,88.0,949,50,10,222,35,46.0,380,3,4,58.4,1,Intermediate,39.7,52.8,1,Service Tier Ready
STU-1321,Vikram Rao,Electronics & Comm,9.05,8,81.0,1262,226,9,479,25,61.4,64,3,5,35.1,5,Intermediate,66.3,63.1,1,Service Tier Ready
STU-1322,Ishita Mehta,Electronics & Comm,9.08,4,51.2,1155,189,4,107,6,15.9,282,2,5,45.9,5,Intermediate,66.3,58.2,1,Service Tier Ready
STU-1323,Arjun Mehta,Computer Science,8.92,11,100.0,2176,750,9,382,16,48.8,276,0,7,36.1,3,Intermediate,53.0,84.4,3,Dream Tier Ready
STU-1324,Shruti Chawla,Civil,9.27,8,78.4,1654,445,6,162,10,24.5,499,1,3,52.6,3,Intermediate,53.0,68.5,2,Product Tier Ready
STU-1325,Neha Joshi,Electronics & Comm,6.95,5,64.8,1083,149,6,190,14,28.8,424,2,5,57.3,2,Basic,28.3,44.3,0,Not Ready
STU-1326,Varun Nair,Information Technology,7.88,2,38.5,1090,126,3,157,9,20.6,39,3,7,37.1,6,Intermediate,73.0,57.3,1,Service Tier Ready
STU-1327,Arjun Kumar,Electronics & Comm,7.99,5,60.4,1024,106,3,68,4,10.7,293,2,7,50.8,5,Intermediate,66.3,49.7,0,Not Ready
STU-1328,Aarav Nair,Information Technology,9.52,11,100.0,904,62,6,111,16,23.2,134,0,9,28.7,1,Advanced,54.7,51.9,0,Not Ready
STU-1329,Kavya Rao,Computer Science,8.95,9,88.5,936,64,12,271,19,44.1,249,2,4,41.3,3,Intermediate,53.0,54.2,1,Service Tier Ready
STU-1330,Ishita Chatterjee,Information Technology,7.25,7,67.2,847,37,7,143,24,30.9,284,2,1,38.1,4,Intermediate,59.7,48.0,0,Not Ready
STU-1331,Varun Joshi,Electrical & Electronics,8.82,2,34.5,827,42,10,259,24,43.6,436,3,5,64.9,3,Intermediate,53.0,48.5,0,Not Ready
STU-1332,Amit Gupta,Computer Science,8.73,2,34.8,874,73,14,312,21,50.5,163,2,4,34.4,3,Intermediate,53.0,51.9,0,Not Ready
STU-1333,Dev Reddy,Computer Science,8.38,5,61.3,991,112,10,193,19,35.6,235,1,3,31.5,3,Production-Grade,80.0,55.3,1,Service Tier Ready
STU-1334,Dev Mehta,Computer Science,7.24,7,71.1,1992,654,10,289,16,42.1,153,1,7,32.9,0,Intermediate,33.0,72.4,2,Product Tier Ready
STU-1335,Aditya Kumar,Computer Science,7.82,5,56.3,1210,178,9,164,13,29.2,245,0,9,37.6,3,Basic,35.0,51.2,0,Not Ready
STU-1336,Riya Chatterjee,Mechanical,9.6,10,93.8,2170,750,13,247,27,47.1,93,2,4,28.8,1,Intermediate,39.7,77.8,2,Product Tier Ready
STU-1337,Shruti Patel,Electronics & Comm,9.83,3,48.7,1032,124,6,228,9,29.5,486,2,6,64.2,0,Intermediate,33.0,51.7,0,Not Ready
STU-1338,Tanvi Verma,Information Technology,8.45,7,72.9,1043,138,10,255,17,39.8,331,1,1,35.1,4,Advanced,74.7,60.2,1,Service Tier Ready
STU-1339,Kavya Kumar,Computer Science,8.78,8,81.3,942,89,11,231,26,43.2,389,2,1,46.5,4,Basic,41.7,52.1,1,Service Tier Ready
STU-1340,Tanvi Mehta,Information Technology,8.74,5,59.0,918,62,6,127,9,21.1,67,4,3,38.0,3,Intermediate,53.0,49.9,0,Not Ready
STU-1341,Divya Gupta,Information Technology,8.36,6,79.8,905,66,5,192,10,26.0,277,3,5,52.2,2,Basic,28.3,46.1,0,Not Ready
STU-1342,Rohan Deshmukh,Computer Science,8.21,6,67.1,1914,628,6,131,12,22.9,182,1,6,33.2,3,Intermediate,53.0,77.2,2,Product Tier Ready
STU-1343,Sneha Mehta,Information Technology,7.45,3,43.9,2191,750,13,651,25,79.8,251,4,9,64.7,1,Advanced,54.7,81.5,2,Product Tier Ready
STU-1344,Kavya Rao,Information Technology,9.43,6,54.9,817,35,11,401,23,55.9,371,1,9,54.3,1,Advanced,54.7,55.0,1,Service Tier Ready
STU-1345,Aditya Patel,Electronics & Comm,7.21,11,100.0,900,63,7,140,12,24.7,287,2,10,56.3,3,Advanced,68.0,49.6,0,Not Ready
STU-1346,Aarav Sharma,Electronics & Comm,9.77,6,75.1,1014,138,7,322,15,41.3,53,0,1,6.2,3,Intermediate,53.0,54.3,1,Service Tier Ready
STU-1347,Sneha Reddy,Computer Science,6.64,6,59.8,888,46,5,132,17,24.5,386,6,2,74.9,3,Intermediate,53.0,45.7,0,Not Ready
STU-1348,Divya Deshmukh,Information Technology,9.67,5,56.0,1073,128,6,175,17,29.1,96,3,8,43.7,0,Intermediate,33.0,55.4,1,Service Tier Ready
STU-1349,Rohan Reddy,Electronics & Comm,8.07,11,100.0,911,52,11,213,19,38.2,278,1,5,38.9,3,Intermediate,53.0,48.8,0,Not Ready
STU-1350,Ishita Chawla,Information Technology,6.78,5,52.8,1067,155,10,192,18,35.0,264,5,3,60.5,3,Advanced,68.0,55.5,1,Service Tier Ready
STU-1351,Amit Joshi,Mechanical,9.32,8,85.0,982,75,5,290,11,34.7,119,0,9,27.5,1,Basic,21.7,46.5,0,Not Ready
STU-1352,Aditya Iyengar,Electronics & Comm,8.73,7,72.8,1038,108,6,207,15,30.8,123,5,2,47.2,2,Intermediate,46.3,52.9,1,Service Tier Ready
STU-1353,Yash Singh,Computer Science,8.73,9,82.2,852,28,7,187,13,29.1,378,1,7,50.9,3,Intermediate,53.0,50.6,0,Not Ready
STU-1354,Riya Singh,Computer Science,8.84,2,41.9,1115,131,10,183,15,32.8,356,1,10,55.1,0,Advanced,48.0,56.8,1,Service Tier Ready
STU-1355,Sneha Patel,Electronics & Comm,8.54,11,90.7,2170,750,6,363,10,41.2,218,1,8,40.1,2,Advanced,61.3,83.3,3,Dream Tier Ready
STU-1356,Amit Iyengar,Computer Science,7.63,3,50.4,1041,123,6,155,14,25.9,166,2,2,30.6,5,Basic,48.3,51.2,0,Not Ready
STU-1357,Aarav Chawla,Information Technology,8.31,3,42.2,1542,446,8,197,15,31.9,202,0,1,18.2,2,Basic,28.3,60.1,1,Service Tier Ready
STU-1358,Priya Chatterjee,Mechanical,8.55,3,39.9,1461,414,8,178,17,31.3,45,3,3,29.6,5,Advanced,81.3,64.9,1,Service Tier Ready
STU-1359,Ishita Rao,Information Technology,7.09,4,59.6,1942,633,9,383,16,48.9,404,0,8,48.3,1,Intermediate,39.7,76.3,2,Product Tier Ready
STU-1360,Neha Chatterjee,Information Technology,9.03,7,73.0,1440,328,8,186,12,29.5,393,2,4,52.8,5,Basic,48.3,67.8,1,Service Tier Ready
STU-1361,Yash Kumar,Electronics & Comm,8.2,4,57.3,1210,219,8,163,12,27.6,261,1,5,37.5,2,Basic,28.3,50.3,0,Not Ready
STU-1362,Dev Sharma,Information Technology,6.57,8,89.3,1625,432,5,159,10,23.2,427,1,9,58.8,2,Production-Grade,73.3,70.2,2,Product Tier Ready
STU-1363,Meera Rao,Information Technology,8.61,4,48.1,829,28,7,278,11,35.7,439,1,4,49.8,4,Intermediate,59.7,52.3,1,Service Tier Ready
STU-1364,Priya Reddy,Mechanical,8.42,7,61.6,1101,165,3,100,20,21.3,203,2,9,47.6,1,Intermediate,39.7,47.3,0,Not Ready
STU-1365,Vikram Chatterjee,Information Technology,7.63,3,48.8,2150,750,11,303,17,44.8,130,0,6,22.4,2,Advanced,61.3,78.5,2,Product Tier Ready
STU-1366,Dev Mehta,Civil,7.88,3,44.7,1262,307,12,252,21,43.5,215,3,7,51.2,3,Intermediate,53.0,56.2,1,Service Tier Ready
STU-1367,Karan Kumar,Mechanical,7.26,4,55.5,2095,670,5,217,7,26.6,487,3,8,75.0,6,Intermediate,73.0,74.9,2,Product Tier Ready
STU-1368,Divya Gupta,Computer Science,7.95,9,96.6,1491,351,1,128,2,12.7,59,3,10,44.7,4,Intermediate,59.7,66.3,1,Service Tier Ready
STU-1369,Dev Joshi,Computer Science,7.17,10,85.5,1595,416,8,258,13,36.0,499,2,10,73.3,2,Advanced,61.3,69.8,2,Product Tier Ready
STU-1370,Shruti Chawla,Computer Science,8.18,3,43.1,1344,267,5,193,12,27.1,409,2,1,48.1,1,Intermediate,39.7,59.1,1,Service Tier Ready
STU-1371,Karan Singh,Computer Science,7.98,8,82.4,1367,328,8,160,14,28.3,341,1,9,51.9,3,Basic,35.0,59.4,1,Service Tier Ready
STU-1372,Meera Reddy,Computer Science,7.28,2,39.4,1127,160,9,380,13,47.2,379,1,2,41.0,2,Basic,28.3,47.5,0,Not Ready
STU-1373,Neha Iyengar,Electronics & Comm,9.52,5,57.8,1779,557,10,268,16,40.3,317,5,3,64.7,4,Intermediate,59.7,78.3,2,Product Tier Ready
STU-1374,Riya Reddy,Computer Science,7.95,7,80.2,1439,351,4,120,10,19.0,107,2,1,23.9,3,Intermediate,53.0,63.7,1,Service Tier Ready
STU-1375,Rahul Chatterjee,Computer Science,9.65,8,66.9,1463,417,10,198,19,36.0,52,1,10,30.8,4,Intermediate,59.7,71.3,2,Product Tier Ready
STU-1376,Sneha Deshmukh,Electrical & Electronics,8.06,4,45.0,1238,248,14,405,21,58.2,46,2,3,23.0,6,Intermediate,73.0,57.7,1,Service Tier Ready
STU-1377,Amit Nair,Computer Science,9.31,4,56.4,872,83,14,323,31,56.4,151,2,2,29.4,0,Advanced,48.0,54.0,1,Service Tier Ready
STU-1378,Karan Reddy,Electrical & Electronics,9.28,6,64.7,839,57,7,141,11,24.2,257,2,7,47.9,4,Intermediate,59.7,47.3,0,Not Ready
STU-1379,Amit Rao,Computer Science,9.46,4,57.1,1868,595,6,362,17,44.7,437,2,7,62.3,4,Intermediate,59.7,80.6,2,Product Tier Ready
STU-1380,Rahul Reddy,Computer Science,8.98,10,100.0,1155,217,5,101,8,17.4,204,1,6,35.0,6,Intermediate,73.0,62.8,1,Service Tier Ready
STU-1381,Rohan Iyengar,Electronics & Comm,8.25,3,38.4,964,82,5,164,10,23.7,424,1,10,60.6,3,Intermediate,53.0,47.3,0,Not Ready
STU-1382,Kavya Rao,Electronics & Comm,9.16,11,100.0,964,45,14,346,23,54.3,70,3,4,33.6,5,Advanced,81.3,58.0,1,Service Tier Ready
STU-1383,Rahul Gupta,Mechanical,9.4,8,74.6,1418,361,5,779,10,74.9,44,1,3,16.2,4,Basic,41.7,63.8,1,Service Tier Ready
STU-1384,Siddharth Chawla,Electronics & Comm,8.41,8,84.4,1517,406,9,177,16,31.8,243,1,7,40.1,2,Intermediate,46.3,64.2,1,Service Tier Ready
STU-1385,Meera Verma,Electrical & Electronics,8.47,4,48.3,1506,374,7,221,10,30.4,120,3,3,35.6,5,Intermediate,66.3,62.2,1,Service Tier Ready
STU-1386,Vikram Patel,Computer Science,7.67,9,95.5,1148,212,6,172,10,25.3,81,0,9,24.5,3,Basic,35.0,51.8,0,Not Ready
STU-1387,Sneha Singh,Computer Science,9.4,4,49.7,1003,133,5,119,7,18.4,447,7,10,100.0,2,Basic,28.3,54.6,1,Service Tier Ready
STU-1388,Yash Patel,Electrical & Electronics,6.57,6,63.4,984,115,6,393,13,45.2,345,4,8,70.3,2,Basic,28.3,43.1,0,Not Ready
STU-1389,Yash Rao,Electrical & Electronics,8.43,2,43.6,863,11,12,372,25,55.5,86,4,7,47.5,4,Advanced,74.7,48.6,0,Not Ready
STU-1390,Rohan Singh,Civil,7.69,11,100.0,1395,380,10,330,16,45.5,318,3,2,49.4,2,Intermediate,46.3,62.1,1,Service Tier Ready
STU-1391,Ishita Gupta,Information Technology,8.8,5,64.3,817,33,7,355,13,43.1,178,1,10,40.9,4,Advanced,74.7,55.1,1,Service Tier Ready
STU-1392,Meera Reddy,Information Technology,8.26,3,39.7,1313,243,8,273,12,36.8,437,1,3,47.6,4,Intermediate,59.7,59.5,1,Service Tier Ready
STU-1393,Ishita Sharma,Electrical & Electronics,7.83,6,66.8,936,162,10,250,16,38.8,49,4,8,46.6,0,Basic,15.0,41.7,0,Not Ready
STU-1394,Aditya Deshmukh,Computer Science,8.33,5,66.5,1133,189,6,157,9,23.6,398,3,3,57.8,3,Advanced,68.0,60.1,1,Service Tier Ready
STU-1395,Ishita Singh,Mechanical,8.3,5,59.9,1880,558,5,211,7,26.1,353,2,8,57.6,7,Production-Grade,100.0,80.7,2,Product Tier Ready
STU-1396,Varun Iyengar,Mechanical,9.09,5,52.4,967,40,14,344,21,53.2,130,2,4,31.7,2,Basic,28.3,43.3,0,Not Ready
STU-1397,Aarav Deshmukh,Information Technology,8.93,6,75.7,1401,312,8,222,20,36.5,386,3,5,60.9,5,Basic,48.3,65.1,1,Service Tier Ready
STU-1398,Varun Singh,Electrical & Electronics,9.49,10,88.9,957,55,9,250,29,44.3,217,2,9,48.7,5,Advanced,81.3,54.9,1,Service Tier Ready
STU-1399,Riya Sharma,Electrical & Electronics,8.06,10,91.0,838,48,8,250,20,38.8,459,2,10,70.1,2,Production-Grade,73.3,51.2,0,Not Ready
STU-1400,Pooja Nair,Computer Science,8.68,5,53.2,1042,159,8,490,25,61.3,62,3,2,29.0,4,Advanced,74.7,62.0,1,Service Tier Ready
STU-1401,Arjun Deshmukh,Mechanical,8.9,10,100.0,964,44,6,247,14,33.6,60,2,3,24.1,5,Basic,48.3,47.7,0,Not Ready
STU-1402,Ishita Kumar,Information Technology,7.76,9,100.0,1413,348,8,163,12,27.6,191,2,1,30.6,4,Intermediate,59.7,65.5,1,Service Tier Ready
STU-1403,Shruti Iyengar,Electrical & Electronics,9.66,6,66.0,1048,190,8,206,15,32.7,307,0,8,40.6,5,Intermediate,66.3,58.5,1,Service Tier Ready
STU-1404,Meera Chatterjee,Computer Science,8.71,9,98.0,912,51,13,347,24,53.9,391,1,9,55.9,4,Intermediate,59.7,57.7,1,Service Tier Ready
STU-1405,Divya Chawla,Mechanical,9.28,8,91.9,813,13,8,163,14,28.6,315,2,10,58.5,1,Intermediate,39.7,45.0,0,Not Ready
STU-1406,Sneha Reddy,Information Technology,8.68,3,46.6,1174,206,6,377,12,43.4,34,2,9,34.1,1,Intermediate,39.7,58.1,1,Service Tier Ready
STU-1407,Sneha Nair,Computer Science,6.45,11,100.0,1309,349,10,188,18,34.7,198,1,3,28.5,4,Intermediate,59.7,59.6,1,Service Tier Ready
STU-1408,Ishita Reddy,Mechanical,9.46,9,86.2,942,153,4,166,8,21.8,202,3,5,46.2,6,Advanced,88.0,57.1,1,Service Tier Ready
STU-1409,Aarav Singh,Computer Science,8.15,10,95.8,1178,202,7,498,11,54.0,244,1,9,44.2,4,Intermediate,59.7,63.7,1,Service Tier Ready
STU-1410,Siddharth Mehta,Computer Science,9.58,3,55.7,1447,368,10,310,19,45.3,346,6,5,77.7,1,Intermediate,39.7,67.9,1,Service Tier Ready
STU-1411,Tanvi Chatterjee,Civil,8.64,3,46.9,1147,206,7,239,10,31.9,146,2,1,27.0,1,Basic,21.7,44.4,0,Not Ready
STU-1412,Arjun Iyengar,Civil,9.41,11,100.0,959,78,11,794,17,85.7,284,2,1,38.1,2,Intermediate,46.3,54.3,1,Service Tier Ready
STU-1413,Neha Deshmukh,Information Technology,9.89,10,94.9,1124,202,7,282,20,40.5,298,3,4,51.8,2,Basic,28.3,58.5,1,Service Tier Ready
STU-1414,Dev Chawla,Electronics & Comm,8.23,2,41.4,1231,247,6,459,11,49.8,281,1,7,43.1,0,Basic,15.0,50.2,0,Not Ready
STU-1415,Vikram Joshi,Information Technology,8.56,4,50.7,1328,306,10,300,21,45.5,422,1,7,54.4,3,Advanced,68.0,69.5,2,Product Tier Ready
STU-1416,Meera Sharma,Computer Science,8.83,4,51.6,1193,194,5,199,12,27.6,235,2,7,46.1,3,Intermediate,53.0,57.8,1,Service Tier Ready
STU-1417,Arjun Joshi,Computer Science,8.7,7,70.8,2045,744,8,287,13,38.4,238,2,6,44.4,2,Intermediate,46.3,78.3,2,Product Tier Ready
STU-1418,Varun Mehta,Electronics & Comm,7.55,8,76.0,879,62,7,146,17,27.7,192,3,1,37.4,3,Production-Grade,80.0,47.6,0,Not Ready
STU-1419,Aarav Verma,Electrical & Electronics,8.87,4,55.9,1999,636,8,307,12,39.6,303,2,3,43.6,2,Intermediate,46.3,75.5,2,Product Tier Ready
STU-1420,Amit Singh,Electrical & Electronics,8.67,9,83.1,1042,158,4,423,14,46.2,412,0,5,43.0,4,Intermediate,59.7,54.1,1,Service Tier Ready
STU-1421,Vikram Deshmukh,Electrical & Electronics,8.86,3,45.7,1282,265,8,238,16,35.8,169,2,4,34.9,1,Intermediate,39.7,54.7,1,Service Tier Ready
STU-1422,Dev Patel,Computer Science,9.55,4,51.3,924,23,8,145,22,31.1,404,1,4,47.0,4,Intermediate,59.7,54.1,1,Service Tier Ready
STU-1423,Ananya Nair,Information Technology,8.53,11,100.0,1052,136,4,79,15,18.1,198,1,9,40.5,1,Intermediate,39.7,51.8,0,Not Ready
STU-1424,Arjun Gupta,Computer Science,7.9,3,44.5,1450,302,8,170,13,28.7,173,0,7,27.8,0,Advanced,48.0,58.2,1,Service Tier Ready
STU-1425,Aditya Reddy,Information Technology,9.9,3,48.9,1359,272,6,175,16,28.6,251,0,9,38.1,2,Basic,28.3,59.4,1,Service Tier Ready
STU-1426,Siddharth Gupta,Information Technology,6.88,7,66.0,843,42,6,161,12,25.4,298,0,7,37.8,1,Intermediate,39.7,41.6,0,Not Ready
STU-1427,Arjun Nair,Mechanical,9.31,4,59.0,1089,196,8,531,12,58.2,409,3,10,72.7,3,Intermediate,53.0,56.5,1,Service Tier Ready
STU-1428,Ishita Nair,Information Technology,8.64,4,55.8,886,65,17,597,32,82.8,431,2,3,53.8,2,Basic,28.3,50.3,0,Not Ready
STU-1429,Rohan Reddy,Computer Science,9.47,10,100.0,2169,750,2,85,12,15.1,105,6,10,68.4,3,Advanced,68.0,86.9,3,Dream Tier Ready
STU-1430,Aarav Iyengar,Computer Science,9.42,2,40.4,1710,496,3,212,4,22.7,147,2,4,33.1,2,Basic,28.3,67.7,1,Service Tier Ready
STU-1431,Meera Sharma,Electrical & Electronics,7.78,10,96.2,923,50,6,209,19,32.9,127,1,9,34.8,0,Intermediate,33.0,41.8,0,Not Ready
STU-1432,Pooja Rao,Electronics & Comm,8.99,3,43.6,1520,426,6,135,12,23.2,464,1,1,45.8,1,Basic,21.7,59.3,1,Service Tier Ready
STU-1433,Amit Verma,Computer Science,8.1,3,47.2,1742,545,5,357,7,38.2,62,3,3,31.0,4,Basic,41.7,69.9,2,Product Tier Ready
STU-1434,Amit Sharma,Computer Science,7.11,6,61.4,989,90,12,246,21,43.0,483,1,4,53.3,1,Intermediate,39.7,48.5,0,Not Ready
STU-1435,Aarav Rao,Electronics & Comm,7.57,7,70.0,1396,276,10,384,21,52.5,367,2,4,50.7,0,Intermediate,33.0,56.8,1,Service Tier Ready
STU-1436,Aditya Deshmukh,Computer Science,8.86,9,84.6,984,133,7,227,13,32.4,96,4,7,48.3,0,Advanced,48.0,55.4,1,Service Tier Ready
STU-1437,Aarav Joshi,Electrical & Electronics,9.28,2,37.3,1190,219,9,259,18,39.6,339,2,4,48.5,2,Intermediate,46.3,51.1,0,Not Ready
STU-1438,Vikram Rao,Electronics & Comm,9.01,6,54.0,976,108,5,272,15,35.2,35,0,10,22.8,2,Advanced,61.3,50.8,0,Not Ready
STU-1439,Vikram Reddy,Computer Science,7.99,11,96.2,1023,120,3,122,12,19.2,321,3,8,61.7,5,Advanced,81.3,58.9,1,Service Tier Ready
STU-1440,Tanvi Verma,Computer Science,7.52,9,80.3,970,128,8,335,12,41.9,270,4,1,50.3,1,Basic,21.7,47.8,0,Not Ready
STU-1441,Varun Rao,Civil,7.7,3,53.8,943,77,10,259,17,40.1,84,0,3,12.7,3,Basic,35.0,41.1,0,Not Ready
STU-1442,Dev Iyengar,Information Technology,9.15,11,96.5,1581,400,11,615,16,70.2,412,1,10,59.6,2,Basic,28.3,71.5,2,Product Tier Ready
STU-1443,Rahul Chatterjee,Information Technology,9.75,10,90.2,882,91,6,215,12,29.9,463,2,10,70.4,4,Intermediate,59.7,58.0,1,Service Tier Ready
STU-1444,Pooja Patel,Electrical & Electronics,9.54,11,100.0,1087,132,4,118,18,22.8,499,2,6,65.3,5,Intermediate,66.3,59.2,1,Service Tier Ready
STU-1445,Divya Joshi,Mechanical,9.34,5,60.9,1597,476,9,306,14,41.5,100,0,3,14.0,5,Basic,48.3,65.9,1,Service Tier Ready
STU-1446,Shruti Iyengar,Civil,8.71,8,83.0,1073,145,5,161,9,22.9,123,2,8,39.2,0,Intermediate,33.0,47.3,0,Not Ready
STU-1447,Priya Chatterjee,Electrical & Electronics,9.84,2,35.8,1168,191,12,380,30,58.7,479,1,7,59.0,1,Intermediate,39.7,55.1,1,Service Tier Ready
STU-1448,Neha Nair,Information Technology,7.31,3,45.1,1974,642,8,323,17,43.4,172,1,5,30.4,2,Intermediate,46.3,73.9,2,Product Tier Ready
STU-1449,Priya Joshi,Computer Science,8.98,2,46.4,1586,446,10,275,15,40.4,51,2,2,21.4,5,Intermediate,66.3,71.8,2,Product Tier Ready
STU-1450,Aarav Chawla,Electrical & Electronics,9.32,9,87.5,964,73,11,403,18,53.6,78,1,5,22.9,3,Advanced,68.0,55.9,1,Service Tier Ready
STU-1451,Kavya Joshi,Information Technology,7.38,2,39.5,1052,175,9,213,31,42.2,451,1,9,60.7,1,Intermediate,39.7,52.1,1,Service Tier Ready
STU-1452,Tanvi Chawla,Information Technology,8.62,10,99.5,2163,732,5,95,9,17.4,165,2,5,36.5,4,Production-Grade,86.7,85.4,3,Dream Tier Ready
STU-1453,Arjun Singh,Mechanical,8.46,8,84.9,960,102,7,234,14,33.5,421,2,3,53.0,3,Advanced,68.0,51.8,0,Not Ready
STU-1454,Yash Rao,Computer Science,8.41,6,57.9,1035,122,10,324,19,46.5,260,2,7,48.1,4,Intermediate,59.7,56.6,1,Service Tier Ready
STU-1455,Rohan Joshi,Information Technology,7.57,2,40.9,912,72,4,79,10,15.6,129,2,3,29.7,2,Basic,28.3,39.9,0,Not Ready
STU-1456,Yash Deshmukh,Computer Science,9.67,5,60.1,990,63,13,381,22,55.8,497,2,8,69.1,1,Basic,21.7,53.6,1,Service Tier Ready
STU-1457,Amit Rao,Information Technology,8.39,4,61.4,1322,278,8,245,12,34.4,322,4,5,62.4,3,Basic,35.0,62.2,1,Service Tier Ready
STU-1458,Priya Iyengar,Computer Science,7.98,8,75.6,1430,332,10,192,19,35.5,229,2,5,41.7,6,Basic,55.0,65.9,1,Service Tier Ready
STU-1459,Kavya Deshmukh,Computer Science,8.22,2,34.4,2137,721,9,239,24,40.9,363,1,6,47.7,2,Basic,28.3,74.1,2,Product Tier Ready
STU-1460,Tanvi Joshi,Computer Science,8.59,11,99.9,1353,314,15,281,33,54.9,497,3,10,79.8,5,Advanced,81.3,76.9,2,Product Tier Ready
STU-1461,Priya Chatterjee,Electronics & Comm,9.19,5,63.9,987,96,12,254,21,43.7,150,4,6,50.7,1,Intermediate,39.7,49.7,0,Not Ready
STU-1462,Varun Chatterjee,Electronics & Comm,9.24,6,72.8,912,58,5,252,10,31.0,256,3,3,46.5,4,Intermediate,59.7,52.7,1,Service Tier Ready
STU-1463,Ananya Gupta,Information Technology,9.38,4,51.4,2182,750,6,118,10,20.8,438,2,7,62.4,3,Basic,35.0,77.0,2,Product Tier Ready
STU-1464,Meera Singh,Civil,9.83,6,70.1,946,94,13,295,19,47.1,495,2,9,70.9,2,Intermediate,46.3,51.1,0,Not Ready
STU-1465,Tanvi Gupta,Information Technology,9.08,5,56.9,899,75,9,255,22,41.2,467,2,1,52.7,5,Intermediate,66.3,56.4,1,Service Tier Ready
STU-1466,Rohan Kumar,Computer Science,9.69,6,66.8,1737,488,12,498,18,62.5,268,2,4,42.8,2,Advanced,61.3,81.2,2,Product Tier Ready
STU-1467,Amit Gupta,Mechanical,8.35,10,97.4,1219,211,6,241,10,31.1,306,3,4,52.5,2,Intermediate,46.3,55.4,1,Service Tier Ready
STU-1468,Aarav Deshmukh,Computer Science,8.52,9,97.5,909,84,3,68,9,13.2,130,4,1,39.1,4,Basic,41.7,49.8,0,Not Ready
STU-1469,Ishita Deshmukh,Civil,8.6,9,93.1,1766,484,6,454,13,50.3,412,2,6,58.3,5,Basic,48.3,73.9,2,Product Tier Ready
STU-1470,Riya Verma,Computer Science,9.16,3,51.8,2121,750,7,191,15,30.4,216,4,2,47.9,1,Intermediate,39.7,78.7,2,Product Tier Ready
STU-1471,Ishita Gupta,Civil,7.85,4,51.5,919,63,14,298,26,51.8,188,3,6,47.0,0,Basic,15.0,39.0,0,Not Ready
STU-1472,Amit Chawla,Computer Science,9.29,5,51.3,1619,423,5,103,10,18.6,35,5,1,38.1,3,Advanced,68.0,73.8,2,Product Tier Ready
STU-1473,Dev Iyengar,Mechanical,8.32,11,100.0,1120,146,6,379,9,42.1,199,3,10,55.9,6,Basic,55.0,53.0,1,Service Tier Ready
STU-1474,Vikram Singh,Information Technology,8.47,2,30.8,1090,181,13,322,45,62.3,404,3,5,62.3,0,Basic,15.0,52.0,1,Service Tier Ready
STU-1475,Neha Iyengar,Civil,8.12,10,92.9,1715,494,12,658,26,79.8,209,0,6,28.7,7,Intermediate,79.7,76.1,2,Product Tier Ready
STU-1476,Karan Mehta,Computer Science,8.15,3,45.1,2100,731,10,199,17,35.1,460,1,10,63.5,2,Basic,28.3,73.9,2,Product Tier Ready
STU-1477,Rahul Joshi,Information Technology,8.38,3,52.3,1018,110,12,294,21,47.0,241,3,2,43.3,3,Production-Grade,80.0,59.6,1,Service Tier Ready
STU-1478,Meera Chatterjee,Civil,8.83,9,93.8,889,53,12,227,20,40.9,441,0,1,37.3,3,Advanced,68.0,49.9,0,Not Ready
STU-1479,Riya Reddy,Information Technology,6.69,11,98.9,819,22,14,326,25,53.7,193,1,7,36.1,5,Advanced,81.3,51.4,0,Not Ready
STU-1480,Ishita Deshmukh,Electronics & Comm,8.68,10,96.0,1099,193,12,436,23,59.8,157,1,1,21.2,2,Intermediate,46.3,56.0,1,Service Tier Ready
STU-1481,Shruti Joshi,Electronics & Comm,9.41,2,35.4,929,39,7,137,11,23.9,325,5,7,73.3,4,Basic,41.7,48.3,0,Not Ready
STU-1482,Rahul Gupta,Information Technology,8.14,3,42.0,973,117,12,247,20,42.6,247,0,1,21.8,1,Intermediate,39.7,49.7,0,Not Ready
STU-1483,Sneha Deshmukh,Electronics & Comm,9.47,11,100.0,916,24,9,276,17,40.5,170,3,9,51.6,4,Intermediate,59.7,55.2,1,Service Tier Ready
STU-1484,Rohan Nair,Information Technology,9.07,6,59.8,1044,144,11,205,34,45.1,462,0,5,47.0,1,Basic,21.7,53.1,1,Service Tier Ready
STU-1485,Dev Rao,Mechanical,9.47,10,96.1,926,57,8,204,13,31.5,161,2,6,38.2,3,Basic,35.0,45.6,0,Not Ready
STU-1486,Dev Joshi,Computer Science,7.87,11,98.8,1557,378,8,184,17,31.8,383,2,7,58.0,4,Intermediate,59.7,72.3,2,Product Tier Ready
STU-1487,Divya Mehta,Computer Science,8.7,6,56.1,891,63,9,344,15,45.2,280,3,1,44.4,4,Basic,41.7,49.8,0,Not Ready
STU-1488,Arjun Gupta,Civil,7.09,8,79.9,1052,127,11,203,16,35.9,407,1,8,55.2,5,Intermediate,66.3,49.0,0,Not Ready
STU-1489,Aarav Reddy,Mechanical,8.11,7,78.9,1636,451,7,325,16,42.1,130,2,6,35.7,3,Intermediate,53.0,65.0,1,Service Tier Ready
STU-1490,Siddharth Patel,Information Technology,9.37,7,75.4,1315,305,11,319,20,47.6,349,3,2,51.9,2,Advanced,61.3,66.8,1,Service Tier Ready
STU-1491,Riya Rao,Electronics & Comm,7.26,3,40.0,962,84,4,107,8,16.9,127,1,1,18.8,5,Advanced,81.3,46.9,0,Not Ready
STU-1492,Pooja Chatterjee,Computer Science,8.82,11,100.0,887,28,12,238,22,42.8,365,1,1,37.9,3,Basic,35.0,47.7,0,Not Ready
STU-1493,Rahul Gupta,Computer Science,7.56,9,79.4,1423,299,7,425,18,51.4,308,2,4,46.0,1,Intermediate,39.7,60.1,1,Service Tier Ready
STU-1494,Rahul Chawla,Information Technology,7.09,7,84.8,984,114,9,242,19,38.7,215,5,3,56.5,3,Intermediate,53.0,54.0,1,Service Tier Ready
STU-1495,Divya Iyengar,Information Technology,9.28,5,60.7,1375,310,8,186,19,33.0,372,3,6,61.8,2,Advanced,61.3,70.3,2,Product Tier Ready
STU-1496,Rahul Kumar,Information Technology,8.93,8,84.2,1025,129,9,166,14,29.8,172,1,10,40.4,0,Intermediate,33.0,50.9,0,Not Ready
STU-1497,Aarav Kumar,Computer Science,7.16,10,100.0,1004,108,5,108,13,20.5,374,1,8,52.6,2,Basic,28.3,45.2,0,Not Ready
STU-1498,Aditya Verma,Civil,7.42,8,81.8,1045,153,5,181,9,24.6,378,2,1,45.6,5,Intermediate,66.3,50.7,0,Not Ready
STU-1499,Sneha Iyengar,Civil,8.86,7,74.7,1300,283,14,323,21,51.4,385,1,7,51.5,7,Intermediate,79.7,63.8,1,Service Tier Ready
STU-1500,Ishita Reddy,Electronics & Comm,9.23,3,41.6,1788,507,4,213,6,24.8,412,3,8,69.0,0,Advanced,48.0,71.8,2,Product Tier Ready
STU-1501,Meera Chatterjee,Information Technology,7.8,4,42.5,862,31,8,324,17,43.5,108,2,5,32.0,4,Advanced,74.7,50.3,0,Not Ready
STU-1502,Sneha Iyengar,Computer Science,9.18,8,77.4,1156,196,9,212,14,33.7,386,1,8,53.5,5,Intermediate,66.3,61.8,1,Service Tier Ready
STU-1503,Riya Mehta,Electrical & Electronics,8.93,2,39.7,800,14,5,100,8,17.3,384,3,1,52.7,4,Advanced,74.7,44.9,0,Not Ready
STU-1504,Yash Reddy,Electronics & Comm,8.44,2,39.4,1131,154,7,282,14,37.5,459,1,2,47.4,3,Intermediate,53.0,50.4,0,Not Ready
STU-1505,Dev Chatterjee,Computer Science,9.35,4,54.3,1646,447,9,242,18,38.2,68,2,4,26.8,5,Intermediate,66.3,75.1,2,Product Tier Ready
STU-1506,Aarav Verma,Mechanical,7.76,6,60.9,984,99,7,516,13,56.5,332,2,1,41.9,3,Intermediate,53.0,47.2,0,Not Ready
STU-1507,Kavya Rao,Electrical & Electronics,8.39,4,49.6,1888,552,4,231,10,28.2,66,3,5,35.3,4,Intermediate,59.7,68.5,2,Product Tier Ready
STU-1508,Arjun Iyengar,Mechanical,8.15,10,99.6,1136,202,11,237,27,44.2,454,4,10,83.0,5,Intermediate,66.3,60.7,1,Service Tier Ready
STU-1509,Sneha Nair,Electronics & Comm,8.6,8,82.0,1770,568,11,253,24,44.1,377,1,3,42.8,4,Intermediate,59.7,77.1,2,Product Tier Ready
STU-1510,Tanvi Joshi,Electronics & Comm,8.27,3,39.1,1329,297,8,170,13,28.7,458,3,2,60.6,6,Advanced,88.0,65.3,1,Service Tier Ready
STU-1511,Pooja Reddy,Information Technology,7.39,11,100.0,860,57,7,197,19,32.9,315,0,7,39.2,4,Intermediate,59.7,51.4,0,Not Ready
STU-1512,Meera Kumar,Mechanical,8.83,11,100.0,963,84,5,214,8,26.8,484,0,2,42.7,2,Intermediate,46.3,49.3,0,Not Ready
STU-1513,Pooja Singh,Mechanical,9.73,4,48.2,1059,142,10,274,19,42.3,353,4,9,72.9,1,Intermediate,39.7,53.9,1,Service Tier Ready
STU-1514,Shruti Kumar,Computer Science,8.91,4,52.8,992,75,13,275,27,49.4,36,3,6,34.9,5,Basic,48.3,52.3,1,Service Tier Ready
STU-1515,Siddharth Gupta,Computer Science,8.96,10,93.9,1029,140,6,281,12,35.4,382,3,8,66.6,3,Basic,35.0,57.2,1,Service Tier Ready
STU-1516,Yash Reddy,Information Technology,8.76,8,75.3,1119,168,13,245,26,46.4,332,4,3,59.2,1,Intermediate,39.7,57.6,1,Service Tier Ready
STU-1517,Rahul Nair,Electrical & Electronics,9.56,4,52.8,1948,633,6,123,19,25.8,332,3,5,56.6,5,Advanced,81.3,81.4,2,Product Tier Ready
STU-1518,Rahul Rao,Civil,9.65,2,40.9,1108,148,8,195,25,36.8,239,1,3,31.8,3,Intermediate,53.0,52.8,1,Service Tier Ready
STU-1519,Priya Iyengar,Computer Science,8.63,5,61.1,1346,335,11,319,18,46.6,108,1,9,33.3,8,Intermediate,86.3,70.9,2,Product Tier Ready
STU-1520,Aditya Gupta,Information Technology,8.48,6,77.0,1842,604,10,298,34,51.8,411,0,1,34.9,2,Intermediate,46.3,78.6,2,Product Tier Ready
STU-1521,Priya Iyengar,Information Technology,8.84,10,90.1,1608,465,5,135,8,20.2,384,3,8,66.7,3,Intermediate,53.0,73.7,2,Product Tier Ready
STU-1522,Meera Chatterjee,Civil,7.63,5,54.3,844,55,13,353,21,52.9,386,2,6,56.2,4,Intermediate,59.7,44.9,0,Not Ready
STU-1523,Yash Patel,Electrical & Electronics,7.73,11,100.0,1079,138,10,186,20,35.5,473,0,7,51.8,0,Basic,15.0,42.8,0,Not Ready
STU-1524,Aditya Rao,Electrical & Electronics,9.36,3,50.8,989,88,10,214,29,42.3,162,2,2,30.3,6,Advanced,88.0,56.7,1,Service Tier Ready
STU-1525,Shruti Reddy,Information Technology,8.89,2,28.3,1115,145,7,244,10,32.3,205,1,7,37.1,6,Basic,55.0,55.0,1,Service Tier Ready
STU-1526,Rahul Iyengar,Information Technology,7.96,6,62.6,1039,137,7,146,22,30.2,116,1,1,17.9,2,Intermediate,46.3,47.9,0,Not Ready
STU-1527,Varun Chatterjee,Computer Science,8.46,4,44.0,1414,354,7,149,37,37.9,278,3,7,56.2,2,Intermediate,46.3,63.3,1,Service Tier Ready
STU-1528,Karan Joshi,Computer Science,7.4,10,100.0,986,130,4,81,15,18.2,487,1,8,61.6,3,Intermediate,53.0,50.4,0,Not Ready
STU-1529,Kavya Verma,Mechanical,8.57,4,57.7,1180,175,4,117,6,16.8,246,1,2,30.3,1,Advanced,54.7,50.7,0,Not Ready
STU-1530,Aditya Nair,Electrical & Electronics,7.69,4,52.7,2138,750,7,300,17,40.5,435,0,10,54.8,1,Basic,21.7,68.4,2,Product Tier Ready
STU-1531,Sneha Gupta,Civil,8.76,3,51.6,810,26,9,343,17,46.1,380,0,2,34.4,2,Advanced,61.3,44.4,0,Not Ready
STU-1532,Neha Nair,Civil,8.52,4,56.4,1159,179,7,324,10,39.0,436,1,3,47.5,2,Basic,28.3,47.3,0,Not Ready
STU-1533,Aarav Iyengar,Information Technology,9.38,10,96.9,1357,319,4,75,22,21.2,121,2,10,43.0,4,Production-Grade,86.7,73.0,2,Product Tier Ready
STU-1534,Meera Patel,Electrical & Electronics,9.36,8,78.5,827,45,6,611,9,61.4,458,0,4,44.6,4,Basic,41.7,47.7,0,Not Ready
STU-1535,Rahul Sharma,Mechanical,9.5,3,38.8,1123,204,8,213,14,32.8,236,1,8,41.5,3,Advanced,68.0,55.1,1,Service Tier Ready
STU-1536,Ananya Kumar,Electrical & Electronics,8.22,4,51.6,955,84,5,296,7,33.2,261,0,3,26.9,1,Basic,21.7,39.9,0,Not Ready
STU-1537,Kavya Iyengar,Computer Science,9.17,9,87.9,1543,443,9,397,14,49.1,337,4,6,65.6,4,Intermediate,59.7,76.6,2,Product Tier Ready
STU-1538,Vikram Mehta,Information Technology,8.82,11,100.0,952,87,13,306,22,49.5,228,3,10,58.2,4,Intermediate,59.7,56.1,1,Service Tier Ready
STU-1539,Riya Verma,Computer Science,8.76,9,89.0,929,96,5,95,18,21.9,459,3,8,72.7,1,Intermediate,39.7,52.4,1,Service Tier Ready
STU-1540,Aarav Joshi,Civil,7.91,11,100.0,1132,211,11,288,35,52.5,67,4,10,52.0,4,Intermediate,59.7,59.4,1,Service Tier Ready
STU-1541,Kavya Reddy,Electronics & Comm,8.42,2,40.4,878,57,5,130,9,20.3,453,4,2,66.9,5,Intermediate,66.3,49.2,0,Not Ready
STU-1542,Riya Reddy,Computer Science,9.11,2,33.9,989,101,6,131,11,22.4,428,3,4,62.2,1,Intermediate,39.7,51.2,0,Not Ready
STU-1543,Siddharth Patel,Electronics & Comm,9.87,9,85.4,1010,108,8,164,12,27.7,398,2,1,47.2,3,Intermediate,53.0,55.5,1,Service Tier Ready
STU-1544,Ananya Nair,Electronics & Comm,8.61,9,92.1,1091,136,6,189,11,27.2,482,2,8,67.9,3,Intermediate,53.0,54.5,1,Service Tier Ready
STU-1545,Riya Verma,Information Technology,9.4,3,43.8,1070,172,8,155,23,32.4,425,0,1,36.0,4,Intermediate,59.7,57.2,1,Service Tier Ready
STU-1546,Rohan Singh,Computer Science,8.9,9,86.7,1283,230,9,334,14,43.8,106,2,9,39.8,3,Basic,35.0,58.2,1,Service Tier Ready
STU-1547,Riya Verma,Electronics & Comm,8.98,2,41.6,1323,215,6,133,10,22.1,96,1,6,26.3,1,Advanced,54.7,54.4,1,Service Tier Ready
STU-1548,Varun Mehta,Information Technology,8.12,6,63.2,1203,236,7,205,19,33.6,214,2,3,36.5,3,Advanced,68.0,62.1,1,Service Tier Ready
STU-1549,Tanvi Sharma,Electrical & Electronics,8.07,11,99.6,846,75,12,229,21,41.6,406,2,8,61.8,3,Basic,35.0,44.6,0,Not Ready
STU-1550,Vikram Patel,Information Technology,8.63,6,58.2,804,51,5,286,9,33.3,304,2,2,41.7,2,Intermediate,46.3,49.2,0,Not Ready
STU-1551,Varun Nair,Mechanical,8.77,9,93.4,1313,299,12,333,24,51.8,119,3,3,35.5,3,Intermediate,53.0,58.5,1,Service Tier Ready
STU-1552,Rohan Rao,Information Technology,7.88,9,94.3,1517,418,4,95,6,14.9,315,2,7,52.5,2,Intermediate,46.3,65.6,1,Service Tier Ready
STU-1553,Priya Kumar,Information Technology,8.16,11,100.0,965,92,9,287,21,43.4,377,1,1,38.8,5,Basic,48.3,55.7,1,Service Tier Ready
STU-1554,Ishita Joshi,Mechanical,9.85,5,60.9,1043,121,7,134,13,24.7,236,2,9,50.2,1,Advanced,54.7,52.7,1,Service Tier Ready
STU-1555,Divya Chatterjee,Information Technology,9.61,3,40.1,1038,168,7,273,16,37.8,47,2,10,37.1,2,Advanced,61.3,59.4,1,Service Tier Ready
STU-1556,Divya Rao,Computer Science,6.78,7,71.6,1083,162,10,247,17,39.1,273,5,9,73.2,4,Basic,41.7,51.1,0,Not Ready
STU-1557,Karan Singh,Computer Science,7.32,5,55.6,1170,220,7,138,11,24.0,348,5,3,67.2,3,Advanced,68.0,57.8,1,Service Tier Ready
STU-1558,Dev Chawla,Electrical & Electronics,7.66,3,42.0,986,47,9,241,17,37.6,36,1,4,17.5,2,Advanced,61.3,43.0,0,Not Ready
STU-1559,Dev Nair,Electronics & Comm,9.04,10,93.1,1234,280,10,202,15,34.3,217,3,2,41.4,4,Intermediate,59.7,61.7,1,Service Tier Ready
STU-1560,Varun Singh,Electronics & Comm,8.33,10,92.8,852,50,10,291,16,42.2,491,1,10,65.9,3,Intermediate,53.0,49.4,0,Not Ready
STU-1561,Kavya Joshi,Computer Science,7.43,8,86.3,1095,163,7,249,13,34.2,117,0,1,11.4,2,Basic,28.3,48.0,0,Not Ready
STU-1562,Divya Sharma,Computer Science,7.92,3,46.2,1446,380,10,323,16,44.9,145,3,8,47.6,4,Intermediate,59.7,64.2,1,Service Tier Ready
STU-1563,Divya Iyengar,Computer Science,7.98,4,59.7,1132,153,10,405,20,53.8,92,1,9,32.0,5,Intermediate,66.3,60.6,1,Service Tier Ready
STU-1564,Priya Chatterjee,Information Technology,9.07,10,91.4,839,50,8,250,15,36.3,470,0,9,55.6,2,Intermediate,46.3,52.2,1,Service Tier Ready
STU-1565,Aditya Mehta,Information Technology,8.5,9,89.8,2104,750,12,283,19,45.1,373,2,10,63.2,1,Advanced,54.7,82.7,2,Product Tier Ready
STU-1566,Aditya Nair,Information Technology,6.85,11,100.0,1739,488,7,318,12,39.5,104,2,5,31.7,5,Production-Grade,93.3,76.9,2,Product Tier Ready
STU-1567,Tanvi Verma,Information Technology,8.51,3,48.5,1318,321,6,338,18,43.2,408,2,5,56.0,4,Advanced,74.7,67.0,1,Service Tier Ready
STU-1568,Neha Rao,Mechanical,8.78,6,71.2,1079,132,9,314,13,41.7,324,1,5,42.6,1,Advanced,54.7,51.2,0,Not Ready
STU-1569,Neha Kumar,Computer Science,9.9,3,51.7,919,79,3,339,9,35.8,200,1,6,34.7,2,Intermediate,46.3,53.0,1,Service Tier Ready
STU-1570,Rohan Patel,Information Technology,9.04,2,37.2,1825,587,7,514,12,55.8,261,3,4,48.9,5,Basic,48.3,80.0,2,Product Tier Ready
STU-1571,Aarav Singh,Electrical & Electronics,8.21,10,95.0,1080,170,10,208,16,35.3,469,0,2,41.5,3,Basic,35.0,50.1,0,Not Ready
STU-1572,Dev Iyengar,Information Technology,9.27,8,85.6,1499,420,9,182,17,32.7,423,5,2,71.2,4,Intermediate,59.7,75.1,2,Product Tier Ready
STU-1573,Divya Reddy,Electronics & Comm,8.33,5,69.4,1036,106,9,221,21,37.9,277,5,6,67.5,2,Intermediate,46.3,50.5,0,Not Ready
STU-1574,Kavya Sharma,Mechanical,8.74,4,53.4,1022,120,7,704,15,73.2,392,1,5,48.0,2,Intermediate,46.3,52.2,1,Service Tier Ready
STU-1575,Sneha Nair,Mechanical,8.94,4,52.1,2194,750,7,135,14,25.2,254,1,4,35.0,3,Basic,35.0,69.7,2,Product Tier Ready
STU-1576,Yash Nair,Computer Science,8.8,8,80.5,1202,191,13,358,22,53.8,305,0,6,36.4,2,Advanced,61.3,63.2,1,Service Tier Ready
STU-1577,Yash Deshmukh,Mechanical,8.72,11,92.1,965,77,6,298,11,36.3,391,3,4,59.3,3,Production-Grade,80.0,56.0,1,Service Tier Ready
STU-1578,Dev Verma,Information Technology,7.13,10,96.6,842,64,12,780,20,87.0,221,3,10,57.7,4,Basic,41.7,53.5,1,Service Tier Ready
STU-1579,Tanvi Rao,Computer Science,7.91,8,77.8,1064,174,10,276,15,40.5,196,2,4,37.0,3,Basic,35.0,52.3,1,Service Tier Ready
STU-1580,Rahul Chatterjee,Information Technology,8.82,3,40.4,860,10,4,119,9,18.4,499,2,6,65.3,1,Intermediate,39.7,45.9,0,Not Ready
STU-1581,Amit Joshi,Civil,7.26,7,76.8,1087,158,9,180,15,31.5,128,0,4,18.2,4,Intermediate,59.7,47.6,0,Not Ready
STU-1582,Tanvi Chatterjee,Information Technology,6.45,9,87.6,1062,128,9,562,17,64.3,400,0,9,50.0,10,Advanced,100.0,61.7,1,Service Tier Ready
STU-1583,Aditya Singh,Computer Science,7.9,8,85.4,1387,329,8,401,15,48.9,441,2,7,62.6,1,Intermediate,39.7,63.9,1,Service Tier Ready
STU-1584,Priya Kumar,Electronics & Comm,9.44,3,45.8,962,102,11,361,27,54.6,257,3,6,52.6,0,Basic,15.0,48.3,0,Not Ready
STU-1585,Sneha Mehta,Computer Science,8.44,8,75.0,2182,750,8,431,14,50.9,443,4,3,68.1,5,Intermediate,66.3,86.7,3,Dream Tier Ready
STU-1586,Vikram Chawla,Computer Science,7.6,10,95.8,843,72,10,186,19,35.0,343,1,4,42.1,2,Intermediate,46.3,48.1,0,Not Ready
STU-1587,Rahul Deshmukh,Computer Science,9.51,4,43.4,1189,225,8,243,15,35.8,355,2,2,45.7,3,Production-Grade,80.0,65.8,1,Service Tier Ready
STU-1588,Vikram Verma,Computer Science,7.19,4,56.9,857,30,10,212,19,37.2,91,1,3,19.9,3,Intermediate,53.0,43.5,0,Not Ready
STU-1589,Ananya Patel,Computer Science,9.2,6,73.9,1355,303,10,325,16,45.1,158,5,1,48.0,5,Production-Grade,93.3,76.1,2,Product Tier Ready
STU-1590,Kavya Joshi,Computer Science,8.47,10,93.6,2085,750,7,136,11,23.8,279,2,9,53.7,3,Basic,35.0,79.1,2,Product Tier Ready
STU-1591,Shruti Deshmukh,Electronics & Comm,7.0,2,40.0,1428,384,5,119,10,19.9,481,0,10,58.5,3,Basic,35.0,55.8,1,Service Tier Ready
STU-1592,Varun Chawla,Computer Science,8.7,8,87.7,1106,181,3,243,12,29.2,438,3,3,61.0,4,Intermediate,59.7,60.3,1,Service Tier Ready
STU-1593,Kavya Reddy,Computer Science,8.12,8,80.9,1086,161,4,210,11,27.0,452,2,8,65.5,4,Advanced,74.7,60.9,1,Service Tier Ready
STU-1594,Priya Reddy,Mechanical,8.38,5,51.5,1601,402,5,573,10,57.8,168,2,4,34.8,5,Intermediate,66.3,67.9,1,Service Tier Ready
STU-1595,Yash Nair,Information Technology,8.76,7,81.0,1830,597,8,247,13,35.1,259,0,8,36.7,7,Advanced,94.7,86.7,3,Dream Tier Ready
STU-1596,Yash Singh,Electronics & Comm,8.64,2,36.5,2125,750,8,180,17,31.5,88,0,7,21.0,1,Intermediate,39.7,70.5,2,Product Tier Ready
STU-1597,Rahul Kumar,Computer Science,9.17,11,100.0,1145,148,3,133,14,21.1,194,1,4,30.2,3,Basic,35.0,57.0,1,Service Tier Ready
STU-1598,Meera Reddy,Computer Science,8.38,5,68.0,2203,750,13,522,20,66.5,233,3,7,52.6,3,Basic,35.0,77.6,2,Product Tier Ready
STU-1599,Dev Verma,Computer Science,9.8,4,65.3,807,35,6,213,15,31.2,442,2,8,64.7,5,Intermediate,66.3,54.9,1,Service Tier Ready
STU-1600,Divya Sharma,Computer Science,8.23,6,63.4,979,81,4,285,6,30.8,127,4,10,56.8,3,Advanced,68.0,53.1,1,Service Tier Ready
STU-1601,Ishita Iyengar,Computer Science,9.24,9,93.0,920,44,8,146,21,30.7,367,2,3,48.7,3,Intermediate,53.0,54.1,1,Service Tier Ready
STU-1602,Siddharth Joshi,Computer Science,9.2,6,68.4,969,89,6,154,13,25.3,275,4,5,58.7,4,Basic,41.7,53.2,1,Service Tier Ready
STU-1603,Rahul Sharma,Computer Science,8.32,2,47.9,1277,298,14,525,21,68.2,166,1,3,25.9,5,Intermediate,66.3,65.4,1,Service Tier Ready
STU-1604,Rohan Rao,Computer Science,7.83,3,44.7,1475,392,10,184,15,32.8,75,5,7,53.3,2,Basic,28.3,58.4,1,Service Tier Ready
STU-1605,Tanvi Deshmukh,Information Technology,9.44,3,47.7,1319,306,8,217,16,34.1,233,3,6,50.6,3,Intermediate,53.0,66.1,1,Service Tier Ready
STU-1606,Varun Joshi,Computer Science,9.2,10,92.5,1267,245,9,204,17,34.5,422,2,1,49.1,2,Basic,28.3,59.7,1,Service Tier Ready
STU-1607,Aarav Chatterjee,Information Technology,8.45,11,100.0,1057,155,2,139,6,16.6,222,1,10,44.4,5,Advanced,81.3,60.6,1,Service Tier Ready
STU-1608,Tanvi Deshmukh,Information Technology,8.29,8,78.4,1287,278,7,143,13,25.4,356,2,5,51.8,3,Advanced,68.0,67.1,1,Service Tier Ready
STU-1609,Rahul Joshi,Electronics & Comm,8.82,5,57.5,1021,140,9,267,17,39.8,388,1,4,45.7,5,Intermediate,66.3,55.0,1,Service Tier Ready
STU-1610,Ananya Chatterjee,Computer Science,9.11,10,98.5,1438,398,4,552,14,57.0,71,4,2,36.3,4,Basic,41.7,70.2,2,Product Tier Ready
STU-1611,Neha Reddy,Electrical & Electronics,8.35,10,91.0,1374,247,9,193,25,37.6,191,5,1,50.6,4,Intermediate,59.7,59.2,1,Service Tier Ready
STU-1612,Karan Mehta,Electronics & Comm,9.13,8,82.8,1279,255,6,169,10,25.1,253,3,7,54.2,4,Basic,41.7,60.1,1,Service Tier Ready
STU-1613,Dev Chawla,Computer Science,8.74,10,93.3,1185,173,9,165,16,30.8,283,0,7,36.6,1,Intermediate,39.7,58.0,1,Service Tier Ready
STU-1614,Rahul Patel,Mechanical,9.47,10,92.0,1556,451,9,218,14,34.2,313,2,6,50.4,4,Basic,41.7,67.9,1,Service Tier Ready
STU-1615,Varun Singh,Mechanical,9.17,8,80.3,1055,100,6,160,11,24.8,247,4,5,56.4,8,Advanced,100.0,59.8,1,Service Tier Ready
STU-1616,Amit Deshmukh,Computer Science,9.9,6,61.6,965,103,7,209,16,32.4,129,3,9,48.3,4,Advanced,74.7,60.6,1,Service Tier Ready
STU-1617,Riya Verma,Computer Science,8.98,10,89.0,1449,346,7,155,12,25.9,90,3,2,31.2,4,Basic,41.7,67.1,1,Service Tier Ready
STU-1618,Riya Gupta,Electrical & Electronics,9.83,4,50.2,1153,169,12,255,19,42.8,69,0,3,11.5,4,Intermediate,59.7,55.8,1,Service Tier Ready
STU-1619,Ishita Gupta,Electronics & Comm,8.28,5,70.8,1752,487,8,238,19,37.3,211,4,9,61.5,5,Intermediate,66.3,72.8,2,Product Tier Ready
STU-1620,Siddharth Mehta,Computer Science,9.49,7,70.7,990,107,10,419,15,52.4,88,3,2,31.0,3,Intermediate,53.0,57.8,1,Service Tier Ready
STU-1621,Priya Deshmukh,Computer Science,9.78,8,90.0,981,129,5,116,15,22.2,491,2,3,58.6,2,Basic,28.3,54.1,1,Service Tier Ready
STU-1622,Neha Gupta,Information Technology,7.79,11,100.0,1638,466,7,239,11,32.4,458,1,6,55.3,4,Basic,41.7,70.0,2,Product Tier Ready
STU-1623,Ishita Iyengar,Information Technology,9.07,9,86.8,1076,137,5,164,8,22.7,252,1,10,46.8,2,Advanced,61.3,58.4,1,Service Tier Ready
STU-1624,Riya Nair,Electronics & Comm,6.66,5,57.2,1084,173,7,137,12,24.4,237,1,7,39.6,4,Basic,41.7,44.9,0,Not Ready
STU-1625,Tanvi Singh,Information Technology,8.92,10,95.5,937,88,8,227,20,36.9,452,3,2,60.2,2,Intermediate,46.3,55.1,1,Service Tier Ready
STU-1626,Meera Sharma,Information Technology,9.23,4,62.5,857,75,6,231,18,34.2,199,1,8,38.6,4,Advanced,74.7,55.9,1,Service Tier Ready
STU-1627,Dev Verma,Electronics & Comm,7.81,4,46.3,1217,259,3,145,8,19.1,168,1,9,38.1,4,Intermediate,59.7,54.2,1,Service Tier Ready
STU-1628,Siddharth Nair,Computer Science,7.96,6,65.4,948,70,5,101,9,17.9,232,2,1,33.9,4,Production-Grade,86.7,54.3,1,Service Tier Ready
STU-1629,Siddharth Verma,Computer Science,8.61,3,50.5,1634,439,8,336,14,43.0,283,1,6,41.3,0,Intermediate,33.0,69.3,2,Product Tier Ready
STU-1630,Arjun Deshmukh,Electronics & Comm,9.12,2,38.4,1486,351,8,148,15,27.8,195,2,4,36.9,6,Intermediate,73.0,66.2,1,Service Tier Ready
STU-1631,Karan Deshmukh,Mechanical,7.56,10,95.7,1034,67,6,134,21,27.7,86,0,10,26.9,3,Advanced,68.0,46.2,0,Not Ready
STU-1632,Aarav Mehta,Information Technology,8.31,9,76.9,1387,285,2,131,16,20.9,152,1,10,38.8,1,Intermediate,39.7,60.3,1,Service Tier Ready
STU-1633,Meera Reddy,Information Technology,7.54,4,54.0,1163,206,11,222,24,41.5,425,2,5,57.3,2,Production-Grade,73.3,61.5,1,Service Tier Ready
STU-1634,Ishita Sharma,Computer Science,9.76,6,69.3,906,85,4,82,9,15.3,455,0,6,48.4,0,Intermediate,33.0,48.2,0,Not Ready
STU-1635,Aditya Kumar,Information Technology,8.69,9,87.5,963,98,12,287,19,45.4,476,0,6,50.1,3,Production-Grade,80.0,61.1,1,Service Tier Ready
STU-1636,Pooja Joshi,Information Technology,8.0,3,44.5,1011,133,7,254,11,33.7,166,5,7,60.6,3,Basic,35.0,49.5,0,Not Ready
STU-1637,Riya Mehta,Computer Science,9.31,8,87.2,1276,260,12,268,21,44.8,435,2,9,66.1,3,Basic,35.0,64.7,1,Service Tier Ready
STU-1638,Dev Chatterjee,Computer Science,8.39,10,98.0,1222,210,10,299,16,42.9,451,3,4,64.1,1,Basic,21.7,57.8,1,Service Tier Ready
STU-1639,Ananya Rao,Information Technology,9.53,5,62.0,1117,163,9,359,13,45.4,486,1,9,63.5,4,Basic,41.7,60.3,1,Service Tier Ready
STU-1640,Rahul Kumar,Computer Science,7.65,3,56.6,1467,327,9,480,16,57.0,279,1,1,31.0,3,Advanced,68.0,67.9,1,Service Tier Ready
STU-1641,Vikram Chawla,Computer Science,8.75,10,93.4,1372,307,3,80,7,13.2,86,2,9,38.2,5,Intermediate,66.3,66.5,1,Service Tier Ready
STU-1642,Kavya Reddy,Computer Science,9.09,11,100.0,1137,223,5,182,11,25.7,96,0,8,23.7,1,Intermediate,39.7,59.0,1,Service Tier Ready
STU-1643,Yash Reddy,Computer Science,9.33,2,47.7,1374,335,13,265,19,44.6,260,1,2,31.5,1,Intermediate,39.7,63.7,1,Service Tier Ready
STU-1644,Priya Sharma,Computer Science,8.94,7,72.0,1023,113,7,330,13,41.0,273,0,7,35.8,4,Intermediate,59.7,56.9,1,Service Tier Ready
STU-1645,Amit Joshi,Mechanical,8.02,9,97.6,1634,457,15,490,26,68.8,315,3,7,59.2,3,Advanced,68.0,73.2,2,Product Tier Ready
STU-1646,Sneha Iyengar,Information Technology,8.97,3,45.6,1265,222,7,164,23,32.2,150,0,2,16.0,3,Basic,35.0,54.5,1,Service Tier Ready
STU-1647,Neha Nair,Electronics & Comm,7.56,11,100.0,1466,370,6,211,9,28.1,439,2,8,64.5,3,Basic,35.0,60.3,1,Service Tier Ready
STU-1648,Meera Sharma,Electrical & Electronics,8.64,8,84.9,1093,168,9,380,18,49.7,485,5,6,84.1,5,Basic,48.3,57.5,1,Service Tier Ready
STU-1649,Meera Singh,Information Technology,8.59,8,76.9,892,95,9,233,13,34.9,83,1,6,25.3,5,Basic,48.3,50.4,0,Not Ready
STU-1650,Rohan Rao,Computer Science,7.62,4,55.0,1071,173,13,361,20,53.1,317,2,5,48.7,4,Intermediate,59.7,56.9,1,Service Tier Ready
STU-1651,Priya Reddy,Information Technology,9.76,11,100.0,1051,131,6,269,9,32.9,307,1,8,47.2,4,Production-Grade,86.7,68.0,2,Product Tier Ready
STU-1652,Priya Mehta,Information Technology,7.07,5,62.6,1247,243,7,331,12,40.6,421,6,10,93.7,3,Intermediate,53.0,61.6,1,Service Tier Ready
STU-1653,Vikram Reddy,Electronics & Comm,9.09,9,98.8,1088,144,7,198,17,32.0,394,0,9,49.5,1,Intermediate,39.7,52.8,1,Service Tier Ready
STU-1654,Yash Nair,Information Technology,9.59,7,77.2,1490,371,10,464,22,59.7,95,0,5,17.6,4,Advanced,74.7,73.6,2,Product Tier Ready
STU-1655,Karan Iyengar,Computer Science,8.4,3,45.4,1264,261,2,135,4,15.2,299,3,1,45.9,3,Advanced,68.0,58.2,1,Service Tier Ready
STU-1656,Rahul Singh,Computer Science,8.57,7,68.7,1250,278,3,70,6,11.8,418,1,6,52.1,1,Production-Grade,66.7,63.7,1,Service Tier Ready
STU-1657,Riya Reddy,Information Technology,8.77,8,81.4,906,59,7,220,11,30.8,42,2,1,18.7,5,Advanced,81.3,52.0,1,Service Tier Ready
STU-1658,Sneha Reddy,Electronics & Comm,9.39,9,85.4,2147,750,9,197,15,32.9,372,3,5,59.8,2,Intermediate,46.3,79.7,2,Product Tier Ready
STU-1659,Meera Patel,Information Technology,9.72,9,83.8,1570,390,12,262,19,43.3,153,1,6,30.9,5,Basic,48.3,71.4,2,Product Tier Ready
STU-1660,Arjun Rao,Information Technology,7.6,9,87.5,1485,344,11,363,17,49.8,106,1,3,21.1,3,Intermediate,53.0,65.1,1,Service Tier Ready
STU-1661,Divya Kumar,Civil,9.9,9,80.9,1004,127,5,452,8,46.7,368,3,1,51.4,5,Basic,48.3,54.3,1,Service Tier Ready
STU-1662,Shruti Chawla,Electronics & Comm,9.25,7,63.9,1074,170,9,365,19,48.9,53,3,2,28.2,3,Basic,35.0,50.3,0,Not Ready
STU-1663,Vikram Deshmukh,Computer Science,9.18,2,40.4,802,39,8,183,12,29.2,64,1,3,17.8,2,Advanced,61.3,49.5,0,Not Ready
STU-1664,Rohan Nair,Computer Science,8.37,5,72.1,1101,172,6,168,12,26.0,491,1,3,51.9,1,Intermediate,39.7,54.7,1,Service Tier Ready
STU-1665,Ishita Gupta,Computer Science,8.7,3,50.7,911,75,8,554,12,60.2,353,3,2,52.2,4,Intermediate,59.7,55.5,1,Service Tier Ready
STU-1666,Karan Nair,Computer Science,9.14,11,97.7,1232,168,10,437,22,57.4,439,2,6,60.5,3,Intermediate,53.0,63.8,1,Service Tier Ready
STU-1667,Aarav Nair,Computer Science,7.26,8,85.4,1165,234,8,521,13,57.9,103,1,7,28.9,1,Intermediate,39.7,56.0,1,Service Tier Ready
STU-1668,Shruti Nair,Computer Science,8.73,2,52.5,984,101,9,218,13,33.7,451,2,5,59.4,5,Intermediate,66.3,56.5,1,Service Tier Ready
STU-1669,Varun Joshi,Computer Science,9.15,6,64.6,1057,161,14,413,23,59.9,319,2,7,52.9,4,Advanced,74.7,64.6,1,Service Tier Ready
STU-1670,Tanvi Reddy,Computer Science,8.66,11,95.6,1553,418,9,366,47,63.0,319,3,3,51.5,3,Advanced,68.0,77.3,2,Product Tier Ready
STU-1671,Vikram Reddy,Mechanical,9.57,9,91.0,891,60,7,130,17,26.3,48,1,5,20.5,3,Basic,35.0,42.5,0,Not Ready
STU-1672,Meera Reddy,Computer Science,6.74,5,69.9,1407,315,6,138,12,23.5,288,1,3,35.7,2,Intermediate,46.3,54.5,1,Service Tier Ready
STU-1673,Pooja Gupta,Information Technology,9.84,8,82.6,951,72,6,322,9,37.3,145,2,4,32.9,3,Intermediate,53.0,55.6,1,Service Tier Ready
STU-1674,Meera Chatterjee,Information Technology,8.56,6,66.8,882,24,12,265,18,43.1,321,4,6,64.3,5,Intermediate,66.3,56.2,1,Service Tier Ready
STU-1675,Meera Singh,Civil,9.36,2,36.6,850,49,5,122,14,22.2,289,4,4,57.8,1,Advanced,54.7,44.8,0,Not Ready
STU-1676,Dev Chawla,Computer Science,9.67,3,41.1,1437,324,2,67,9,12.1,407,1,4,47.2,4,Advanced,74.7,70.5,2,Product Tier Ready
STU-1677,Siddharth Deshmukh,Information Technology,7.83,6,63.6,1000,125,5,137,9,20.9,183,3,7,48.6,4,Advanced,74.7,55.7,1,Service Tier Ready
STU-1678,Aditya Iyengar,Civil,8.12,8,80.2,1523,441,12,243,20,42.2,232,2,6,43.9,2,Advanced,61.3,69.1,2,Product Tier Ready
STU-1679,Sneha Joshi,Mechanical,8.44,8,90.7,1118,182,7,126,16,25.5,160,4,1,41.5,3,Advanced,68.0,55.2,1,Service Tier Ready
STU-1680,Arjun Rao,Electrical & Electronics,8.25,10,82.4,856,28,9,180,16,32.0,157,5,8,61.9,3,Basic,35.0,41.9,0,Not Ready
STU-1681,Ishita Sharma,Computer Science,7.83,4,65.1,1205,260,7,340,12,41.3,462,2,1,52.3,4,Advanced,74.7,62.1,1,Service Tier Ready
STU-1682,Siddharth Iyengar,Computer Science,8.93,5,65.2,967,69,6,115,10,20.6,294,2,9,54.9,1,Intermediate,39.7,51.0,0,Not Ready
STU-1683,Riya Iyengar,Electronics & Comm,8.97,4,51.5,1394,353,9,215,14,33.9,331,3,4,54.5,1,Advanced,54.7,63.5,1,Service Tier Ready
STU-1684,Arjun Singh,Mechanical,7.17,9,90.7,825,38,9,222,17,36.0,479,3,7,72.3,0,Advanced,48.0,42.4,0,Not Ready
STU-1685,Tanvi Chatterjee,Information Technology,7.95,10,91.0,988,105,9,312,20,45.0,299,1,5,40.6,3,Basic,35.0,50.1,0,Not Ready
STU-1686,Amit Patel,Information Technology,9.3,9,98.5,1417,319,5,119,12,20.9,32,1,10,29.2,1,Advanced,54.7,65.8,1,Service Tier Ready
STU-1687,Riya Sharma,Computer Science,8.74,3,39.0,1894,642,8,181,16,31.1,287,4,3,55.6,5,Intermediate,66.3,80.9,2,Product Tier Ready
STU-1688,Vikram Kumar,Electrical & Electronics,7.89,11,94.6,1079,129,9,163,24,34.6,371,0,8,45.7,7,Production-Grade,100.0,57.8,1,Service Tier Ready
STU-1689,Varun Gupta,Computer Science,8.68,2,42.5,1338,359,9,395,15,49.4,446,1,10,62.3,5,Intermediate,66.3,71.6,2,Product Tier Ready
STU-1690,Priya Deshmukh,Computer Science,7.84,6,67.7,931,64,9,277,14,39.1,129,3,2,34.3,5,Basic,48.3,48.1,0,Not Ready
STU-1691,Dev Verma,Information Technology,7.76,3,46.4,1341,332,6,138,9,22.0,423,3,10,73.8,2,Intermediate,46.3,61.0,1,Service Tier Ready
STU-1692,Karan Chawla,Information Technology,9.66,4,51.6,1168,227,9,380,25,53.2,396,1,3,44.3,5,Intermediate,66.3,65.5,1,Service Tier Ready
STU-1693,Dev Sharma,Computer Science,9.23,10,91.4,1023,76,7,135,14,25.2,82,3,5,36.6,1,Intermediate,39.7,51.2,0,Not Ready
STU-1694,Shruti Patel,Computer Science,9.43,4,51.3,919,94,13,279,26,49.2,457,2,5,59.9,2,Basic,28.3,52.9,1,Service Tier Ready
STU-1695,Ishita Deshmukh,Electronics & Comm,7.9,2,45.0,926,72,8,226,15,34.3,195,2,5,38.9,3,Intermediate,53.0,46.2,0,Not Ready
STU-1696,Amit Patel,Computer Science,8.91,10,100.0,995,138,3,124,6,16.3,178,0,7,28.2,1,Intermediate,39.7,51.5,0,Not Ready
STU-1697,Rohan Reddy,Information Technology,8.11,3,50.5,964,70,5,196,8,25.3,192,1,8,38.0,1,Advanced,54.7,50.1,0,Not Ready
STU-1698,Rahul Gupta,Computer Science,8.35,11,98.9,1193,207,9,197,21,35.9,480,2,8,67.7,3,Intermediate,53.0,61.6,1,Service Tier Ready
STU-1699,Divya Iyengar,Information Technology,8.32,7,68.2,2177,750,10,321,15,44.2,112,1,3,21.6,5,Intermediate,66.3,81.7,2,Product Tier Ready
STU-1700,Arjun Mehta,Information Technology,9.08,8,90.0,887,17,3,105,13,18.2,51,2,8,33.4,2,Intermediate,46.3,50.1,0,Not Ready
STU-1701,Rohan Deshmukh,Computer Science,8.34,10,86.9,1119,187,7,139,11,24.1,49,1,10,30.6,5,Intermediate,66.3,57.9,1,Service Tier Ready
STU-1702,Siddharth Deshmukh,Computer Science,7.89,9,86.9,1184,184,4,206,6,24.2,385,0,2,34.8,3,Advanced,68.0,60.4,1,Service Tier Ready
STU-1703,Tanvi Deshmukh,Computer Science,8.64,7,74.9,1828,530,3,296,4,29.7,240,2,4,40.5,2,Intermediate,46.3,73.8,2,Product Tier Ready
STU-1704,Meera Singh,Computer Science,8.33,5,76.0,1104,161,12,261,26,46.8,395,0,2,35.6,3,Intermediate,53.0,58.1,1,Service Tier Ready
STU-1705,Siddharth Mehta,Civil,9.13,5,60.1,1110,203,10,269,15,39.9,353,2,5,51.6,7,Intermediate,79.7,60.1,1,Service Tier Ready
STU-1706,Yash Chawla,Computer Science,7.99,5,63.5,980,134,9,278,15,39.7,381,2,3,49.8,4,Intermediate,59.7,54.8,1,Service Tier Ready
STU-1707,Riya Deshmukh,Electrical & Electronics,7.58,11,100.0,998,98,8,322,13,41.3,37,2,10,36.3,5,Basic,48.3,47.8,0,Not Ready
STU-1708,Meera Sharma,Computer Science,8.55,3,52.6,802,32,8,166,12,27.8,336,3,10,66.9,2,Intermediate,46.3,49.0,0,Not Ready
STU-1709,Divya Verma,Electronics & Comm,9.82,8,85.7,1010,154,8,228,15,34.5,183,1,3,27.3,3,Intermediate,53.0,54.2,1,Service Tier Ready
STU-1710,Sneha Mehta,Electrical & Electronics,8.07,2,42.1,934,50,6,242,34,43.2,80,2,5,29.7,2,Intermediate,46.3,41.9,0,Not Ready
STU-1711,Tanvi Chawla,Information Technology,8.64,6,68.9,1084,171,9,184,21,34.8,275,3,4,50.0,5,Advanced,81.3,62.1,1,Service Tier Ready
STU-1712,Kavya Rao,Information Technology,7.89,5,63.8,1079,88,10,243,15,37.8,478,3,6,70.2,3,Production-Grade,80.0,59.3,1,Service Tier Ready
STU-1713,Shruti Verma,Information Technology,9.05,3,44.4,1067,167,11,260,25,45.2,183,2,5,38.0,3,Intermediate,53.0,58.1,1,Service Tier Ready
STU-1714,Ishita Verma,Computer Science,9.48,10,80.9,856,45,7,308,12,38.7,275,2,10,55.3,3,Basic,35.0,49.8,0,Not Ready
STU-1715,Amit Iyengar,Mechanical,9.51,2,35.6,1847,572,3,204,5,22.5,332,2,5,49.9,1,Basic,21.7,67.7,1,Service Tier Ready
STU-1716,Priya Reddy,Electrical & Electronics,9.64,5,62.7,1695,492,11,224,20,39.7,72,4,3,38.4,4,Basic,41.7,69.5,2,Product Tier Ready
STU-1717,Neha Iyengar,Civil,9.18,7,70.7,934,77,11,224,17,38.2,422,4,4,68.4,7,Production-Grade,100.0,60.9,1,Service Tier Ready
STU-1718,Kavya Chawla,Computer Science,8.64,5,59.7,1014,122,11,326,24,50.2,192,3,3,41.4,2,Production-Grade,73.3,57.9,1,Service Tier Ready
STU-1719,Aarav Sharma,Electronics & Comm,8.49,11,100.0,1370,227,9,296,17,42.2,495,1,3,52.3,3,Basic,35.0,58.7,1,Service Tier Ready
STU-1720,Siddharth Chatterjee,Mechanical,8.56,11,100.0,944,34,9,181,14,31.1,176,1,10,40.7,1,Intermediate,39.7,45.3,0,Not Ready
STU-1721,Ananya Nair,Computer Science,8.87,5,63.4,1007,92,7,178,13,28.3,461,1,9,61.5,5,Intermediate,66.3,55.3,1,Service Tier Ready
STU-1722,Pooja Gupta,Computer Science,8.32,3,47.1,895,87,5,264,10,32.0,365,0,10,49.2,3,Basic,35.0,46.5,0,Not Ready
STU-1723,Ishita Patel,Electronics & Comm,9.36,11,100.0,1690,497,11,206,19,37.7,185,3,6,46.8,3,Intermediate,53.0,73.5,2,Product Tier Ready
STU-1724,Sneha Kumar,Information Technology,7.61,10,83.6,1545,396,4,118,7,17.3,32,1,10,29.2,5,Advanced,81.3,68.5,2,Product Tier Ready
STU-1725,Ishita Joshi,Electrical & Electronics,7.54,10,86.5,1217,211,8,247,14,35.6,175,1,2,24.7,2,Advanced,61.3,54.1,1,Service Tier Ready
STU-1726,Tanvi Chatterjee,Computer Science,9.26,2,41.8,1189,181,9,309,17,43.2,298,4,1,52.5,3,Advanced,68.0,64.4,1,Service Tier Ready
STU-1727,Neha Patel,Electrical & Electronics,9.59,2,33.9,1806,577,8,249,17,37.2,440,1,3,47.9,2,Basic,28.3,69.1,2,Product Tier Ready
STU-1728,Neha Verma,Computer Science,8.83,9,91.4,1782,547,10,230,24,41.2,273,5,3,61.2,5,Intermediate,66.3,83.9,3,Dream Tier Ready
STU-1729,Divya Deshmukh,Computer Science,8.84,10,92.3,2016,697,10,662,15,72.7,325,2,4,47.3,1,Production-Grade,66.7,88.7,3,Dream Tier Ready
STU-1730,Arjun Joshi,Computer Science,9.43,4,50.1,992,70,7,130,13,24.3,324,1,4,40.6,4,Basic,41.7,49.8,0,Not Ready
STU-1731,Tanvi Rao,Electrical & Electronics,8.93,4,44.7,939,58,5,158,13,24.7,343,2,5,50.8,2,Intermediate,46.3,45.7,0,Not Ready
STU-1732,Riya Chawla,Electronics & Comm,8.76,3,45.3,1230,253,8,215,12,31.9,86,6,4,54.9,1,Intermediate,39.7,55.9,1,Service Tier Ready
STU-1733,Varun Patel,Information Technology,7.55,10,85.1,1129,177,9,189,23,36.2,309,1,2,35.4,0,Basic,15.0,48.1,0,Not Ready
STU-1734,Sneha Reddy,Information Technology,8.96,3,40.6,887,47,5,171,8,23.2,148,4,1,40.5,0,Intermediate,33.0,45.3,0,Not Ready
STU-1735,Amit Nair,Mechanical,8.3,8,78.6,835,44,6,132,16,25.0,51,0,10,24.1,5,Basic,48.3,41.6,0,Not Ready
STU-1736,Dev Nair,Information Technology,9.74,3,48.9,1687,467,5,148,11,22.8,80,4,7,47.1,2,Advanced,61.3,76.1,2,Product Tier Ready
STU-1737,Tanvi Sharma,Electrical & Electronics,7.5,11,100.0,1567,424,7,182,13,28.7,241,2,9,50.6,7,Basic,61.7,65.5,1,Service Tier Ready
STU-1738,Dev Chawla,Information Technology,7.91,11,100.0,969,109,11,346,24,51.8,245,2,9,50.9,1,Intermediate,39.7,53.9,1,Service Tier Ready
STU-1739,Kavya Mehta,Information Technology,8.07,7,77.7,1556,445,14,537,34,75.8,105,2,1,23.7,1,Production-Grade,66.7,74.2,2,Product Tier Ready
STU-1740,Meera Patel,Information Technology,7.51,4,49.8,1175,185,6,130,32,32.8,495,2,9,70.9,2,Production-Grade,73.3,59.6,1,Service Tier Ready
STU-1741,Rohan Reddy,Computer Science,9.31,2,40.3,1459,359,8,620,16,67.7,233,3,1,40.6,3,Intermediate,53.0,70.5,2,Product Tier Ready
STU-1742,Pooja Joshi,Electronics & Comm,8.79,7,68.6,968,113,11,479,18,59.9,195,0,1,17.6,5,Intermediate,66.3,53.4,1,Service Tier Ready
STU-1743,Kavya Mehta,Information Technology,7.06,3,45.1,861,48,14,263,29,50.4,412,3,2,57.0,0,Basic,15.0,39.5,0,Not Ready
STU-1744,Ishita Iyengar,Computer Science,8.62,8,76.9,1084,158,9,405,17,51.2,90,1,10,33.9,4,Advanced,74.7,63.3,1,Service Tier Ready
STU-1745,Rahul Reddy,Mechanical,7.5,10,95.6,1069,148,13,317,21,49.9,334,2,6,52.1,2,Production-Grade,73.3,55.1,1,Service Tier Ready
STU-1746,Kavya Rao,Information Technology,9.22,2,41.1,1112,168,9,373,24,52.1,308,0,9,42.6,2,Basic,28.3,53.7,1,Service Tier Ready
STU-1747,Arjun Deshmukh,Information Technology,7.23,5,62.9,800,35,8,435,17,52.8,289,2,5,46.5,8,Advanced,100.0,55.1,1,Service Tier Ready
STU-1748,Riya Verma,Mechanical,8.99,6,64.2,2156,750,10,375,17,49.8,105,2,9,39.7,0,Basic,15.0,70.2,2,Product Tier Ready
STU-1749,Sneha Singh,Electronics & Comm,8.25,10,97.9,857,66,13,285,21,47.2,238,2,9,50.4,4,Intermediate,59.7,52.1,1,Service Tier Ready
STU-1750,Varun Gupta,Computer Science,8.09,4,54.0,975,58,3,155,26,28.9,498,1,8,62.5,0,Intermediate,33.0,49.1,0,Not Ready
STU-1751,Varun Nair,Mechanical,8.55,7,71.8,1149,165,5,152,9,22.2,66,1,7,25.9,5,Intermediate,66.3,52.0,1,Service Tier Ready
STU-1752,Yash Nair,Electronics & Comm,9.61,6,65.5,1151,163,7,171,10,26.2,122,3,3,35.8,3,Intermediate,53.0,53.5,1,Service Tier Ready
STU-1753,Aarav Deshmukh,Computer Science,7.32,6,70.5,920,135,5,118,10,19.8,163,2,10,46.4,2,Intermediate,46.3,48.1,0,Not Ready
STU-1754,Tanvi Singh,Computer Science,7.88,3,47.2,1343,310,8,202,20,34.8,268,1,3,34.1,2,Basic,28.3,54.0,1,Service Tier Ready
STU-1755,Rahul Sharma,Electrical & Electronics,9.11,11,99.8,1118,179,8,307,15,41.1,441,1,4,49.9,1,Intermediate,39.7,53.7,1,Service Tier Ready
STU-1756,Varun Deshmukh,Electronics & Comm,8.87,6,74.0,1194,203,5,275,13,34.4,165,1,9,37.9,0,Basic,15.0,51.8,0,Not Ready
STU-1757,Tanvi Chatterjee,Information Technology,6.97,4,43.7,1331,270,10,497,15,58.9,252,4,3,52.8,0,Advanced,48.0,57.4,1,Service Tier Ready
STU-1758,Shruti Sharma,Mechanical,8.67,3,42.2,923,33,9,196,17,33.8,177,1,8,36.8,2,Intermediate,46.3,42.4,0,Not Ready
STU-1759,Divya Iyengar,Electrical & Electronics,8.71,7,69.5,1018,186,13,339,19,50.8,429,2,8,63.7,1,Production-Grade,66.7,55.8,1,Service Tier Ready
STU-1760,Riya Deshmukh,Computer Science,8.37,2,33.2,1580,456,8,262,15,37.3,426,3,6,66.1,2,Basic,28.3,64.2,1,Service Tier Ready
STU-1761,Kavya Chatterjee,Computer Science,9.35,7,71.5,876,41,7,147,13,25.8,281,2,2,39.8,2,Advanced,61.3,52.5,1,Service Tier Ready
STU-1762,Sneha Joshi,Computer Science,8.44,9,95.9,1039,110,10,225,26,41.8,108,2,6,34.0,1,Intermediate,39.7,52.9,1,Service Tier Ready
STU-1763,Pooja Rao,Electronics & Comm,9.47,4,47.6,1857,565,8,185,12,29.4,273,0,4,29.8,5,Intermediate,66.3,78.2,2,Product Tier Ready
STU-1764,Amit Rao,Computer Science,8.31,11,100.0,1039,120,8,570,12,61.5,347,2,7,55.1,1,Intermediate,39.7,56.1,1,Service Tier Ready
STU-1765,Divya Nair,Information Technology,7.76,8,82.1,1072,169,8,461,12,52.4,490,3,1,61.2,2,Intermediate,46.3,57.4,1,Service Tier Ready
STU-1766,Tanvi Chatterjee,Electrical & Electronics,9.2,4,59.3,2124,750,16,460,24,66.3,396,4,3,64.3,3,Intermediate,53.0,83.4,3,Dream Tier Ready
STU-1767,Shruti Chatterjee,Mechanical,8.9,7,76.7,928,89,11,262,17,41.3,479,1,8,61.0,4,Basic,41.7,51.1,0,Not Ready
STU-1768,Tanvi Mehta,Computer Science,8.91,8,85.2,800,20,8,174,18,31.5,149,2,1,27.3,2,Advanced,61.3,50.1,0,Not Ready
STU-1769,Vikram Mehta,Electrical & Electronics,9.25,4,62.1,1513,424,7,373,12,44.1,338,1,10,53.7,5,Advanced,81.3,74.3,2,Product Tier Ready
STU-1770,Priya Chawla,Computer Science,8.52,6,63.4,1535,439,10,211,22,38.6,151,3,3,38.1,2,Basic,28.3,65.6,1,Service Tier Ready
STU-1771,Amit Mehta,Electrical & Electronics,9.45,4,52.5,1135,177,9,235,14,35.6,241,3,3,45.3,3,Advanced,68.0,58.7,1,Service Tier Ready
STU-1772,Ananya Nair,Computer Science,8.04,5,56.6,1135,183,10,208,22,38.3,313,4,8,67.7,1,Basic,21.7,50.8,0,Not Ready
STU-1773,Dev Sharma,Information Technology,8.57,6,57.2,1439,381,8,498,12,55.5,283,1,1,31.3,1,Advanced,54.7,67.5,1,Service Tier Ready
STU-1774,Varun Gupta,Electrical & Electronics,8.71,8,73.1,1283,316,8,148,22,31.3,47,0,10,23.8,1,Intermediate,39.7,55.2,1,Service Tier Ready
STU-1775,Shruti Patel,Computer Science,8.96,5,59.8,941,89,5,109,12,20.1,292,7,5,80.0,2,Intermediate,46.3,51.4,0,Not Ready
STU-1776,Rohan Chawla,Computer Science,6.95,5,54.8,937,35,8,288,14,39.0,306,0,7,38.5,2,Intermediate,46.3,44.1,0,Not Ready
STU-1777,Kavya Gupta,Electronics & Comm,9.81,3,42.2,1113,174,4,88,9,15.8,70,2,4,26.9,5,Intermediate,66.3,54.2,1,Service Tier Ready
STU-1778,Shruti Singh,Electronics & Comm,8.69,6,72.6,1570,406,10,568,25,69.8,452,2,10,69.5,4,Intermediate,59.7,73.0,2,Product Tier Ready
STU-1779,Neha Rao,Electronics & Comm,8.44,4,54.7,1638,461,6,146,12,24.2,486,0,3,44.9,2,Intermediate,46.3,65.3,1,Service Tier Ready
STU-1780,Vikram Chatterjee,Electronics & Comm,6.99,5,66.2,1961,647,12,466,19,60.3,393,1,10,58.1,5,Advanced,81.3,85.0,3,Dream Tier Ready
STU-1781,Meera Chawla,Information Technology,8.85,9,90.6,1572,470,10,288,18,43.0,423,3,6,65.8,3,Basic,35.0,72.5,2,Product Tier Ready
STU-1782,Pooja Kumar,Computer Science,6.59,5,61.5,1181,223,4,172,14,25.3,60,0,5,14.8,6,Intermediate,73.0,52.4,1,Service Tier Ready
STU-1783,Karan Chawla,Computer Science,7.94,7,80.1,1010,132,8,390,29,55.0,327,4,2,56.8,0,Intermediate,33.0,53.1,1,Service Tier Ready
STU-1784,Rahul Deshmukh,Computer Science,8.0,4,52.7,1486,340,14,324,24,53.0,490,2,6,64.5,3,Intermediate,53.0,64.4,1,Service Tier Ready
STU-1785,Neha Nair,Mechanical,8.07,2,40.9,1381,318,2,87,3,10.8,482,3,3,64.6,1,Basic,21.7,51.2,0,Not Ready
STU-1786,Riya Chatterjee,Information Technology,9.19,5,57.6,1151,160,11,222,22,40.5,344,2,9,58.9,3,Basic,35.0,58.0,1,Service Tier Ready
STU-1787,Kavya Iyengar,Information Technology,8.72,7,74.0,948,51,8,159,35,38.8,147,3,3,37.8,3,Basic,35.0,47.6,0,Not Ready
STU-1788,Siddharth Chatterjee,Information Technology,8.11,10,92.9,1762,558,10,336,17,46.5,389,2,9,62.5,4,Intermediate,59.7,80.1,2,Product Tier Ready
STU-1789,Priya Reddy,Mechanical,7.36,6,68.5,1039,133,9,175,15,31.1,263,1,6,39.7,2,Intermediate,46.3,44.6,0,Not Ready
STU-1790,Rohan Patel,Computer Science,7.5,8,74.4,1111,126,7,176,13,28.2,451,2,8,65.4,3,Intermediate,53.0,53.2,1,Service Tier Ready
STU-1791,Sneha Deshmukh,Information Technology,9.22,2,37.4,1240,229,13,286,20,46.8,72,1,9,30.4,4,Intermediate,59.7,63.9,1,Service Tier Ready
STU-1792,Tanvi Iyengar,Information Technology,8.98,9,91.6,1244,233,11,307,30,51.6,257,3,8,56.6,2,Intermediate,46.3,63.6,1,Service Tier Ready
STU-1793,Tanvi Singh,Electronics & Comm,8.2,5,53.9,991,81,6,140,16,25.7,415,1,2,43.9,2,Advanced,61.3,49.4,0,Not Ready
STU-1794,Meera Gupta,Computer Science,9.85,9,90.5,1547,402,11,380,16,50.7,163,1,3,25.7,4,Intermediate,59.7,74.8,2,Product Tier Ready
STU-1795,Rohan Chatterjee,Mechanical,8.88,10,100.0,967,78,9,185,25,36.9,362,4,8,71.6,3,Intermediate,53.0,54.0,1,Service Tier Ready
STU-1796,Arjun Sharma,Mechanical,8.51,4,60.2,908,52,8,299,23,44.4,186,3,5,44.9,3,Intermediate,53.0,46.5,0,Not Ready
STU-1797,Rahul Kumar,Information Technology,8.1,5,53.7,995,118,8,333,13,42.2,235,4,10,65.5,4,Advanced,74.7,57.5,1,Service Tier Ready
STU-1798,Priya Reddy,Electronics & Comm,9.31,7,71.4,1222,264,12,237,21,42.2,443,1,4,50.1,1,Basic,21.7,55.8,1,Service Tier Ready
STU-1799,Pooja Mehta,Mechanical,8.32,4,56.6,1974,704,7,291,10,36.2,118,1,6,28.1,3,Intermediate,53.0,71.7,2,Product Tier Ready
STU-1800,Shruti Mehta,Electronics & Comm,9.11,10,92.1,1390,337,9,287,13,39.4,453,3,6,68.2,4,Basic,41.7,67.4,1,Service Tier Ready
STU-1801,Rahul Joshi,Computer Science,8.92,4,49.4,1840,566,8,351,14,44.2,128,2,7,37.6,2,Basic,28.3,75.1,2,Product Tier Ready
STU-1802,Arjun Deshmukh,Information Technology,9.19,8,80.8,936,69,15,341,22,54.4,66,3,5,35.3,1,Basic,21.7,50.0,0,Not Ready
STU-1803,Amit Gupta,Electronics & Comm,7.53,8,79.0,943,62,5,116,15,22.2,403,3,1,54.2,4,Intermediate,59.7,46.4,0,Not Ready
STU-1804,Priya Mehta,Information Technology,8.17,6,69.2,1103,172,11,441,27,61.2,420,2,8,62.9,3,Intermediate,53.0,59.4,1,Service Tier Ready
STU-1805,Sneha Reddy,Electronics & Comm,7.82,7,70.1,1085,83,8,300,12,39.0,463,2,1,52.4,4,Intermediate,59.7,50.4,0,Not Ready
STU-1806,Aarav Joshi,Mechanical,7.01,2,37.3,1561,367,8,146,12,26.2,431,2,4,55.8,1,Basic,21.7,51.0,0,Not Ready
STU-1807,Meera Gupta,Mechanical,9.26,4,53.0,1192,260,13,514,20,65.8,421,4,3,66.3,5,Advanced,81.3,65.8,1,Service Tier Ready
STU-1808,Divya Rao,Information Technology,8.11,4,51.5,2107,708,7,422,21,52.7,228,1,3,30.9,3,Basic,35.0,74.6,2,Product Tier Ready
STU-1809,Amit Verma,Computer Science,8.54,3,41.5,960,62,7,169,16,29.1,385,1,6,49.5,3,Advanced,68.0,54.7,1,Service Tier Ready
STU-1810,Amit Deshmukh,Civil,8.47,2,32.1,996,168,10,181,19,34.6,84,1,8,29.4,3,Basic,35.0,44.0,0,Not Ready
STU-1811,Dev Chawla,Electrical & Electronics,9.32,10,97.2,1105,165,6,188,14,28.7,134,0,5,20.7,3,Intermediate,53.0,53.8,1,Service Tier Ready
STU-1812,Yash Nair,Computer Science,7.37,5,57.6,962,76,10,424,15,52.8,461,4,6,75.5,4,Intermediate,59.7,53.6,1,Service Tier Ready
STU-1813,Amit Singh,Mechanical,7.77,9,88.3,1157,199,13,247,20,43.6,272,3,6,53.8,2,Advanced,61.3,54.0,1,Service Tier Ready
STU-1814,Priya Patel,Mechanical,8.38,8,74.5,1058,133,6,197,10,27.4,103,4,1,36.9,2,Advanced,61.3,49.9,0,Not Ready
STU-1815,Ananya Sharma,Information Technology,9.08,7,78.1,1097,163,5,221,11,28.9,343,1,7,48.1,4,Intermediate,59.7,58.8,1,Service Tier Ready
STU-1816,Kavya Reddy,Information Technology,9.19,2,38.7,1056,123,7,140,14,25.7,133,1,1,19.3,2,Advanced,61.3,55.4,1,Service Tier Ready
STU-1817,Priya Verma,Information Technology,8.08,4,50.6,940,35,10,252,15,38.5,250,0,7,34.0,3,Intermediate,53.0,50.3,0,Not Ready
STU-1818,Sneha Chawla,Computer Science,9.9,6,75.1,1113,153,11,207,18,37.2,45,1,8,26.3,4,Advanced,74.7,62.2,1,Service Tier Ready
STU-1819,Meera Patel,Computer Science,8.01,2,35.6,1063,114,7,207,15,31.8,438,3,4,63.0,3,Advanced,68.0,55.4,1,Service Tier Ready
STU-1820,Arjun Reddy,Electrical & Electronics,7.75,2,41.0,800,8,10,238,16,37.8,58,2,8,34.0,4,Production-Grade,86.7,45.7,0,Not Ready
STU-1821,Pooja Mehta,Computer Science,9.71,11,100.0,1122,123,7,156,10,25.0,293,1,6,42.1,1,Basic,21.7,53.4,1,Service Tier Ready
STU-1822,Shruti Iyengar,Computer Science,9.22,10,91.9,997,101,7,317,11,38.9,497,2,6,65.1,3,Intermediate,53.0,58.2,1,Service Tier Ready
STU-1823,Meera Singh,Information Technology,9.37,2,38.5,967,104,5,138,8,20.5,385,4,9,75.5,6,Basic,55.0,55.4,1,Service Tier Ready
STU-1824,Varun Iyengar,Information Technology,7.87,5,60.7,880,33,7,246,14,34.5,408,0,6,44.6,3,Intermediate,53.0,46.6,0,Not Ready
STU-1825,Shruti Patel,Mechanical,9.62,9,90.3,1111,188,4,228,6,26.0,212,1,5,33.6,2,Intermediate,46.3,54.0,1,Service Tier Ready
STU-1826,Ishita Mehta,Computer Science,8.27,10,94.6,1247,245,6,127,17,25.1,81,3,10,46.5,2,Basic,28.3,56.6,1,Service Tier Ready
STU-1827,Priya Deshmukh,Computer Science,8.39,7,74.6,1243,238,11,210,16,36.5,376,0,10,50.1,2,Intermediate,46.3,58.4,1,Service Tier Ready
STU-1828,Riya Joshi,Electronics & Comm,8.55,9,89.4,1361,331,4,72,9,14.5,362,1,6,47.6,2,Intermediate,46.3,61.4,1,Service Tier Ready
STU-1829,Ishita Nair,Information Technology,7.42,7,62.6,1043,131,6,144,19,27.5,439,1,8,57.8,3,Intermediate,53.0,51.8,0,Not Ready
STU-1830,Ananya Iyengar,Computer Science,9.72,9,85.7,1081,176,6,277,9,33.6,135,1,9,35.5,1,Basic,21.7,56.2,1,Service Tier Ready
STU-1831,Pooja Rao,Information Technology,9.1,8,81.6,1405,356,6,256,10,32.3,54,5,10,57.7,1,Production-Grade,66.7,71.5,2,Product Tier Ready
STU-1832,Dev Reddy,Computer Science,7.25,10,82.7,999,139,6,313,10,37.1,121,0,10,29.7,4,Basic,41.7,49.0,0,Not Ready
STU-1833,Sneha Deshmukh,Computer Science,7.78,10,95.6,1292,284,6,250,10,31.8,358,2,8,58.0,2,Production-Grade,73.3,67.2,1,Service Tier Ready
STU-1834,Pooja Verma,Information Technology,7.1,3,55.9,999,126,4,74,9,14.7,406,2,8,61.8,4,Intermediate,59.7,50.5,0,Not Ready
STU-1835,Tanvi Gupta,Information Technology,8.19,6,70.7,1100,154,6,156,10,24.0,55,2,7,31.7,5,Intermediate,66.3,54.6,1,Service Tier Ready
STU-1836,Meera Chawla,Mechanical,9.22,3,42.0,1454,333,9,162,13,29.0,489,3,1,61.1,6,Intermediate,73.0,65.8,1,Service Tier Ready
STU-1837,Amit Gupta,Information Technology,7.86,7,85.1,941,60,15,273,35,55.2,119,1,4,24.2,2,Intermediate,46.3,50.8,0,Not Ready
STU-1838,Ananya Singh,Information Technology,8.66,5,52.8,1028,100,8,209,17,33.9,204,0,4,24.3,0,Basic,15.0,44.6,0,Not Ready
STU-1839,Rahul Rao,Electronics & Comm,7.41,9,85.2,983,77,9,206,14,33.2,371,1,3,42.3,3,Intermediate,53.0,48.8,0,Not Ready
STU-1840,Priya Deshmukh,Computer Science,8.92,11,100.0,926,96,14,333,23,53.2,414,4,4,67.8,3,Production-Grade,80.0,63.3,1,Service Tier Ready
STU-1841,Dev Verma,Electronics & Comm,6.9,5,60.1,887,58,9,168,13,29.5,477,6,2,82.2,2,Advanced,61.3,46.9,0,Not Ready
STU-1842,Tanvi Rao,Computer Science,9.18,7,77.9,1218,183,3,142,4,16.8,425,2,3,53.3,5,Basic,48.3,59.0,1,Service Tier Ready
STU-1843,Amit Mehta,Civil,9.78,2,44.1,1399,348,8,150,12,26.5,437,2,3,54.3,3,Intermediate,53.0,63.8,1,Service Tier Ready
STU-1844,Divya Sharma,Computer Science,9.13,5,64.1,1520,349,13,289,25,49.6,59,4,10,51.4,1,Basic,21.7,66.0,1,Service Tier Ready
STU-1845,Ananya Chatterjee,Information Technology,8.62,5,53.3,950,95,3,97,6,14.1,43,2,1,18.8,2,Intermediate,46.3,47.2,0,Not Ready
STU-1846,Siddharth Rao,Computer Science,7.37,7,70.2,2047,750,3,79,11,15.1,436,2,7,62.2,1,Intermediate,39.7,73.2,2,Product Tier Ready
STU-1847,Vikram Chatterjee,Civil,9.62,9,86.9,1149,201,7,163,11,26.1,159,1,4,27.4,6,Intermediate,73.0,57.4,1,Service Tier Ready
STU-1848,Varun Rao,Information Technology,9.76,5,62.6,1108,148,10,180,20,35.0,160,2,8,42.1,3,Intermediate,53.0,59.0,1,Service Tier Ready
STU-1849,Rohan Deshmukh,Information Technology,8.29,5,59.9,1538,364,9,201,13,32.2,35,4,9,47.5,5,Intermediate,66.3,69.2,2,Product Tier Ready
STU-1850,Meera Rao,Computer Science,7.36,4,48.0,1253,293,9,170,17,31.7,240,2,2,36.5,5,Intermediate,66.3,59.2,1,Service Tier Ready
STU-1851,Varun Rao,Electronics & Comm,8.74,9,85.2,1370,294,11,452,18,57.7,178,3,2,38.2,6,Production-Grade,100.0,72.2,2,Product Tier Ready
STU-1852,Sneha Gupta,Computer Science,9.04,7,78.1,1003,88,8,151,13,27.1,305,3,2,48.4,5,Advanced,81.3,59.0,1,Service Tier Ready
STU-1853,Vikram Chatterjee,Mechanical,8.94,5,48.7,1151,159,7,431,17,51.4,178,0,8,30.2,1,Intermediate,39.7,48.9,0,Not Ready
STU-1854,Divya Sharma,Computer Science,9.48,6,66.5,1377,395,9,229,13,34.6,69,4,2,36.2,1,Basic,21.7,62.7,1,Service Tier Ready
STU-1855,Rahul Deshmukh,Computer Science,7.5,3,50.7,1215,185,14,323,32,56.9,225,1,6,36.7,2,Intermediate,46.3,54.3,1,Service Tier Ready
STU-1856,Vikram Patel,Computer Science,8.23,10,100.0,1308,270,8,299,18,41.9,438,2,5,58.4,4,Advanced,74.7,68.7,2,Product Tier Ready
STU-1857,Meera Nair,Information Technology,9.72,9,78.7,1218,220,12,334,19,49.3,400,2,10,65.3,3,Advanced,68.0,69.6,2,Product Tier Ready
STU-1858,Neha Verma,Information Technology,7.92,3,42.1,1604,418,10,207,33,43.8,153,1,9,36.9,5,Intermediate,66.3,71.3,2,Product Tier Ready
STU-1859,Tanvi Deshmukh,Computer Science,8.03,9,96.6,892,107,8,146,12,26.2,100,2,2,25.3,2,Intermediate,46.3,48.4,0,Not Ready
STU-1860,Aarav Patel,Electrical & Electronics,7.54,7,66.4,1171,178,14,402,23,59.0,228,1,1,26.9,1,Advanced,54.7,50.1,0,Not Ready
STU-1861,Aarav Gupta,Information Technology,9.21,2,41.2,1023,58,7,139,19,28.1,62,0,2,9.0,4,Basic,41.7,47.9,0,Not Ready
STU-1862,Sneha Joshi,Information Technology,8.28,11,100.0,1204,263,13,325,42,61.1,336,1,10,53.5,0,Advanced,48.0,64.1,1,Service Tier Ready
STU-1863,Siddharth Sharma,Information Technology,6.56,5,63.5,1351,308,10,465,16,56.8,119,2,5,32.9,3,Basic,35.0,57.7,1,Service Tier Ready
STU-1864,Neha Nair,Information Technology,9.6,6,69.6,866,36,10,259,20,41.6,494,3,8,75.5,3,Intermediate,53.0,57.5,1,Service Tier Ready
STU-1865,Ananya Patel,Information Technology,8.23,3,46.0,1294,265,5,123,8,19.2,485,0,8,54.8,2,Intermediate,46.3,57.7,1,Service Tier Ready
STU-1866,Shruti Singh,Computer Science,8.76,11,100.0,1069,138,10,199,20,36.6,119,4,2,40.2,4,Intermediate,59.7,58.6,1,Service Tier Ready
STU-1867,Karan Verma,Computer Science,8.71,6,62.2,858,51,12,218,18,39.2,402,4,5,68.8,6,Basic,55.0,51.7,0,Not Ready
STU-1868,Shruti Verma,Mechanical,8.02,2,39.5,1057,142,10,277,16,41.1,364,1,2,39.8,2,Advanced,61.3,49.0,0,Not Ready
STU-1869,Riya Reddy,Mechanical,9.57,3,51.6,1024,76,7,207,10,29.2,305,3,7,58.4,4,Basic,41.7,49.4,0,Not Ready
STU-1870,Pooja Kumar,Information Technology,9.51,2,31.1,1036,120,8,205,14,32.1,304,3,10,64.3,2,Basic,28.3,53.8,1,Service Tier Ready
STU-1871,Varun Verma,Computer Science,8.31,3,44.3,1036,121,7,147,15,26.8,228,5,8,67.6,5,Intermediate,66.3,56.9,1,Service Tier Ready
STU-1872,Dev Kumar,Electronics & Comm,8.62,3,42.0,1320,309,5,117,9,19.2,469,1,5,54.2,1,Production-Grade,66.7,60.2,1,Service Tier Ready
STU-1873,Sneha Joshi,Information Technology,8.57,8,86.4,1471,336,5,408,11,44.5,85,2,1,22.1,2,Basic,28.3,60.5,1,Service Tier Ready
STU-1874,Ananya Iyengar,Computer Science,8.68,8,78.4,1194,225,6,110,12,21.2,266,2,7,48.6,4,Intermediate,59.7,60.9,1,Service Tier Ready
STU-1875,Tanvi Kumar,Computer Science,8.53,8,92.7,800,48,3,99,5,13.8,30,4,3,35.1,3,Intermediate,53.0,47.6,0,Not Ready
STU-1876,Kavya Reddy,Electronics & Comm,8.37,3,54.1,1868,582,9,165,16,30.8,196,4,2,46.3,0,Intermediate,33.0,70.5,2,Product Tier Ready
STU-1877,Amit Sharma,Electronics & Comm,8.89,4,48.1,1330,275,7,147,10,24.2,66,3,6,37.3,3,Production-Grade,80.0,62.0,1,Service Tier Ready
STU-1878,Ananya Reddy,Computer Science,9.3,3,40.3,882,54,10,450,17,56.0,303,1,2,34.9,2,Intermediate,46.3,53.9,1,Service Tier Ready
STU-1879,Arjun Singh,Computer Science,8.79,6,73.6,1318,350,2,52,5,8.8,485,2,10,72.1,4,Production-Grade,86.7,70.3,2,Product Tier Ready
STU-1880,Tanvi Verma,Computer Science,9.68,4,52.0,879,75,10,271,15,40.1,108,1,8,31.3,1,Advanced,54.7,55.6,1,Service Tier Ready
STU-1881,Riya Iyengar,Electronics & Comm,8.24,11,96.3,1183,216,7,168,13,27.5,271,2,3,41.0,3,Intermediate,53.0,56.6,1,Service Tier Ready
STU-1882,Dev Verma,Computer Science,9.39,7,68.1,1025,136,8,244,17,36.8,163,2,2,30.4,4,Advanced,74.7,61.1,1,Service Tier Ready
STU-1883,Rohan Gupta,Computer Science,8.63,7,79.9,1061,133,7,317,12,39.4,281,5,8,71.8,1,Advanced,54.7,57.7,1,Service Tier Ready
STU-1884,Divya Patel,Electrical & Electronics,8.56,6,68.2,1702,485,8,177,16,30.8,386,2,6,56.2,1,Advanced,54.7,67.4,1,Service Tier Ready
STU-1885,Rohan Patel,Computer Science,9.22,3,40.6,1064,159,10,188,18,34.7,51,3,4,32.1,6,Intermediate,73.0,59.1,1,Service Tier Ready
STU-1886,Rahul Joshi,Electronics & Comm,9.24,9,88.1,818,49,8,166,18,30.8,296,1,5,40.3,3,Advanced,68.0,50.4,0,Not Ready
STU-1887,Amit Joshi,Computer Science,9.55,7,73.7,1959,604,8,201,14,31.8,247,1,10,46.4,2,Intermediate,46.3,82.7,2,Product Tier Ready
STU-1888,Meera Iyengar,Computer Science,9.09,3,50.3,1749,512,16,360,25,58.5,101,4,7,48.7,6,Advanced,88.0,85.3,3,Dream Tier Ready
STU-1889,Siddharth Singh,Computer Science,9.28,2,34.7,1306,263,9,446,20,56.2,38,1,4,17.7,2,Intermediate,46.3,62.0,1,Service Tier Ready
STU-1890,Divya Kumar,Electronics & Comm,9.2,7,70.3,1107,160,13,235,19,42.1,426,5,7,81.4,1,Intermediate,39.7,55.9,1,Service Tier Ready
STU-1891,Kavya Reddy,Mechanical,9.75,3,43.5,941,48,11,339,17,47.8,416,2,6,58.6,1,Intermediate,39.7,49.7,0,Not Ready
STU-1892,Karan Joshi,Electrical & Electronics,9.13,5,62.1,1364,324,7,133,14,25.1,480,2,5,61.7,3,Intermediate,53.0,60.9,1,Service Tier Ready
STU-1893,Ishita Verma,Information Technology,8.94,5,53.6,877,20,11,206,24,40.2,164,1,3,25.8,3,Advanced,68.0,51.4,0,Not Ready
STU-1894,Yash Verma,Electronics & Comm,8.21,10,99.0,880,26,5,196,7,24.8,224,4,1,46.6,2,Production-Grade,73.3,50.3,0,Not Ready
STU-1895,Amit Mehta,Computer Science,8.35,11,100.0,1159,182,5,329,7,35.9,488,1,8,61.7,4,Basic,41.7,58.3,1,Service Tier Ready
STU-1896,Meera Iyengar,Computer Science,7.77,11,100.0,864,69,2,69,4,9.8,331,1,7,47.1,4,Basic,41.7,46.7,0,Not Ready
STU-1897,Aditya Singh,Mechanical,8.69,8,75.4,844,21,10,211,16,35.6,87,1,6,25.6,2,Intermediate,46.3,44.3,0,Not Ready
STU-1898,Dev Chawla,Computer Science,7.06,10,93.9,1082,146,6,204,16,31.0,313,2,4,46.4,4,Intermediate,59.7,52.1,1,Service Tier Ready
STU-1899,Sneha Singh,Computer Science,9.41,7,71.4,942,30,7,275,23,41.4,316,2,5,48.6,3,Intermediate,53.0,56.8,1,Service Tier Ready
STU-1900,Siddharth Deshmukh,Computer Science,8.27,2,50.3,894,50,10,383,15,49.4,337,2,5,50.3,3,Advanced,68.0,54.2,1,Service Tier Ready
STU-1901,Dev Singh,Computer Science,8.34,11,100.0,935,45,6,136,9,21.8,280,2,2,39.7,3,Advanced,68.0,53.9,1,Service Tier Ready
STU-1902,Ishita Iyengar,Computer Science,6.88,9,82.6,822,54,2,170,11,21.7,422,2,6,59.1,2,Intermediate,46.3,45.3,0,Not Ready
STU-1903,Priya Gupta,Information Technology,9.24,5,50.7,1289,292,4,108,6,16.0,120,1,5,26.3,1,Intermediate,39.7,58.4,1,Service Tier Ready
STU-1904,Ishita Gupta,Information Technology,9.06,11,100.0,1433,340,6,186,10,26.5,233,3,1,40.6,0,Intermediate,33.0,65.0,1,Service Tier Ready
STU-1905,Tanvi Nair,Mechanical,8.73,9,84.3,1060,133,12,237,19,41.2,37,1,9,27.6,4,Intermediate,59.7,56.1,1,Service Tier Ready
STU-1906,Pooja Patel,Electrical & Electronics,8.65,4,47.7,1102,188,13,249,20,43.8,137,1,7,31.6,4,Production-Grade,86.7,60.0,1,Service Tier Ready
STU-1907,Tanvi Chawla,Computer Science,9.2,7,77.3,894,26,9,435,15,52.8,262,4,2,51.6,4,Intermediate,59.7,56.1,1,Service Tier Ready
STU-1908,Riya Verma,Computer Science,6.25,5,59.2,869,43,9,241,15,36.6,371,2,6,55.0,2,Intermediate,46.3,45.4,0,Not Ready
STU-1909,Rohan Deshmukh,Information Technology,8.5,11,100.0,903,63,6,108,12,21.0,303,1,1,32.9,4,Intermediate,59.7,52.8,1,Service Tier Ready
STU-1910,Rohan Verma,Information Technology,9.38,5,60.3,1159,202,9,319,17,44.1,149,2,2,29.3,2,Basic,28.3,54.5,1,Service Tier Ready
STU-1911,Ishita Verma,Computer Science,7.28,3,44.9,1437,317,2,153,5,17.2,334,1,7,47.4,4,Basic,41.7,55.5,1,Service Tier Ready
STU-1912,Shruti Iyengar,Electronics & Comm,7.4,5,66.1,1237,213,3,93,12,16.8,40,2,3,22.5,3,Basic,35.0,47.0,0,Not Ready
STU-1913,Pooja Chatterjee,Information Technology,9.04,2,29.4,1138,136,8,206,19,34.7,402,2,7,59.5,3,Advanced,68.0,61.2,1,Service Tier Ready
STU-1914,Vikram Kumar,Information Technology,7.81,2,30.5,895,38,12,275,18,43.9,415,2,6,58.5,3,Intermediate,53.0,48.8,0,Not Ready
STU-1915,Ananya Joshi,Information Technology,9.01,6,64.1,1445,305,12,248,21,43.2,442,3,5,65.4,3,Intermediate,53.0,69.9,2,Product Tier Ready
STU-1916,Meera Kumar,Computer Science,7.63,2,40.6,1040,127,9,556,19,64.8,212,0,10,37.0,2,Production-Grade,73.3,58.3,1,Service Tier Ready
STU-1917,Siddharth Mehta,Mechanical,8.71,4,56.1,1357,313,5,168,15,26.5,338,2,9,58.4,3,Basic,35.0,56.5,1,Service Tier Ready
STU-1918,Priya Singh,Electrical & Electronics,8.15,4,45.5,1069,162,12,443,19,58.4,439,2,10,68.5,4,Advanced,74.7,56.7,1,Service Tier Ready
STU-1919,Pooja Deshmukh,Computer Science,8.83,11,100.0,1322,295,9,250,16,37.8,208,1,5,33.3,2,Intermediate,46.3,63.3,1,Service Tier Ready
STU-1920,Tanvi Chatterjee,Mechanical,7.71,5,70.7,1681,493,9,279,16,40.2,235,2,5,42.1,4,Intermediate,59.7,67.1,1,Service Tier Ready
STU-1921,Ishita Deshmukh,Information Technology,9.11,2,40.7,1707,523,10,182,19,34.7,121,4,8,52.3,3,Intermediate,53.0,76.0,2,Product Tier Ready
STU-1922,Shruti Sharma,Mechanical,7.59,8,78.4,1076,170,9,233,15,35.9,256,0,7,34.5,1,Advanced,54.7,49.3,0,Not Ready
STU-1923,Kavya Joshi,Electrical & Electronics,8.57,5,65.0,1118,160,7,253,11,33.6,35,2,1,18.1,1,Intermediate,39.7,47.5,0,Not Ready
STU-1924,Kavya Gupta,Information Technology,8.01,8,86.8,926,84,13,246,24,45.5,385,2,10,64.1,5,Advanced,81.3,58.5,1,Service Tier Ready
STU-1925,Priya Joshi,Computer Science,9.52,6,65.4,1771,587,6,221,11,29.9,41,4,2,33.9,1,Basic,21.7,73.9,2,Product Tier Ready
STU-1926,Karan Rao,Computer Science,8.96,2,36.8,1022,172,7,134,10,23.2,279,3,4,50.3,3,Intermediate,53.0,55.8,1,Service Tier Ready
STU-1927,Vikram Mehta,Information Technology,8.25,5,59.8,800,36,4,236,17,32.2,447,0,9,53.8,3,Intermediate,53.0,51.8,0,Not Ready
STU-1928,Riya Rao,Electronics & Comm,9.77,6,71.4,984,142,9,542,14,61.2,406,1,7,53.1,0,Intermediate,33.0,55.0,1,Service Tier Ready
STU-1929,Priya Gupta,Computer Science,7.92,5,65.1,864,69,6,206,9,27.7,227,1,2,28.8,1,Production-Grade,66.7,51.9,0,Not Ready
STU-1930,Meera Gupta,Computer Science,8.72,8,79.9,1053,168,11,206,23,39.7,156,1,8,35.1,2,Production-Grade,73.3,60.4,1,Service Tier Ready
STU-1931,Priya Chatterjee,Electrical & Electronics,7.9,2,43.3,1113,166,8,232,13,33.8,477,5,1,73.5,1,Intermediate,39.7,46.8,0,Not Ready
STU-1932,Rahul Joshi,Civil,7.73,10,92.3,914,99,8,279,13,37.8,66,1,8,27.9,0,Intermediate,33.0,41.1,0,Not Ready
STU-1933,Sneha Chatterjee,Information Technology,7.24,7,84.3,860,59,8,414,15,50.0,410,5,5,76.1,1,Advanced,54.7,53.0,1,Service Tier Ready
STU-1934,Ishita Deshmukh,Computer Science,9.84,9,83.0,1795,604,7,130,10,22.8,450,2,1,51.3,1,Advanced,54.7,80.0,2,Product Tier Ready
STU-1935,Meera Chatterjee,Computer Science,8.68,9,91.5,1350,324,11,347,17,48.4,37,3,3,29.0,3,Intermediate,53.0,65.9,1,Service Tier Ready
STU-1936,Divya Joshi,Computer Science,7.9,10,93.9,1568,407,9,176,13,30.2,194,3,7,49.5,1,Intermediate,39.7,66.8,1,Service Tier Ready
STU-1937,Tanvi Mehta,Mechanical,8.61,6,66.0,1049,139,12,372,19,52.5,149,1,7,32.6,4,Advanced,74.7,56.4,1,Service Tier Ready
STU-1938,Meera Sharma,Computer Science,8.58,9,86.6,1387,324,11,417,24,57.8,261,0,8,36.9,6,Intermediate,73.0,70.0,2,Product Tier Ready
STU-1939,Divya Chawla,Information Technology,9.59,9,84.7,1091,162,12,413,27,59.9,254,4,4,55.0,3,Intermediate,53.0,64.6,1,Service Tier Ready
STU-1940,Tanvi Deshmukh,Computer Science,7.21,7,70.0,877,79,15,375,23,57.8,401,4,6,70.7,3,Basic,35.0,48.5,0,Not Ready
STU-1941,Yash Nair,Information Technology,8.14,11,96.9,912,74,14,321,21,51.2,262,4,7,61.6,3,Intermediate,53.0,56.2,1,Service Tier Ready
STU-1942,Aarav Patel,Electronics & Comm,8.34,9,87.4,998,104,9,369,14,46.8,459,2,8,66.1,3,Intermediate,53.0,54.7,1,Service Tier Ready
STU-1943,Rahul Iyengar,Electrical & Electronics,9.27,6,67.4,929,45,10,253,17,39.6,316,3,3,51.3,4,Intermediate,59.7,50.0,0,Not Ready
STU-1944,Kavya Chawla,Computer Science,6.88,11,99.4,2168,750,7,147,17,27.8,255,1,5,37.1,5,Intermediate,66.3,77.3,2,Product Tier Ready
STU-1945,Siddharth Gupta,Computer Science,8.99,9,77.3,887,24,11,484,24,63.3,424,1,8,56.6,6,Advanced,88.0,63.1,1,Service Tier Ready
STU-1946,Aarav Patel,Computer Science,9.73,11,100.0,1001,142,13,280,19,45.8,449,2,6,61.3,8,Intermediate,86.3,66.8,1,Service Tier Ready
STU-1947,Vikram Joshi,Mechanical,7.16,4,52.2,976,140,8,241,12,34.1,481,1,1,47.1,6,Basic,55.0,45.3,0,Not Ready
STU-1948,Tanvi Singh,Mechanical,9.61,5,64.8,915,113,9,184,14,31.3,174,2,2,31.3,3,Advanced,68.0,51.9,0,Not Ready
STU-1949,Rohan Patel,Information Technology,9.84,4,52.4,1186,192,7,137,17,26.9,279,1,3,35.0,2,Intermediate,46.3,57.7,1,Service Tier Ready
STU-1950,Shruti Mehta,Electronics & Comm,8.43,6,68.6,863,75,4,152,8,20.7,301,2,7,51.4,4,Intermediate,59.7,47.4,0,Not Ready
STU-1951,Aarav Verma,Electronics & Comm,9.65,6,72.9,1434,323,10,260,16,39.7,315,1,10,51.9,2,Production-Grade,73.3,70.2,2,Product Tier Ready
STU-1952,Shruti Kumar,Computer Science,9.38,6,76.9,999,123,12,262,30,48.8,68,2,3,24.8,2,Intermediate,46.3,55.6,1,Service Tier Ready
STU-1953,Aditya Singh,Mechanical,9.0,3,45.9,1220,187,9,199,23,37.1,73,1,9,30.5,3,Basic,35.0,50.3,0,Not Ready
STU-1954,Ishita Reddy,Information Technology,9.29,10,88.7,1261,269,7,172,12,27.3,482,1,9,63.2,2,Intermediate,46.3,63.7,1,Service Tier Ready
STU-1955,Siddharth Patel,Information Technology,7.23,8,88.1,1604,458,5,248,8,29.7,401,2,8,61.4,3,Intermediate,53.0,70.5,2,Product Tier Ready
STU-1956,Pooja Nair,Information Technology,7.9,9,71.0,1526,402,5,134,8,20.2,66,1,9,29.9,6,Advanced,88.0,72.4,2,Product Tier Ready
STU-1957,Shruti Gupta,Computer Science,9.22,3,40.8,1168,216,8,398,12,47.2,439,1,8,57.8,2,Basic,28.3,56.3,1,Service Tier Ready
STU-1958,Varun Joshi,Computer Science,7.49,11,98.0,1044,124,8,155,16,28.9,285,5,9,74.1,3,Intermediate,53.0,54.2,1,Service Tier Ready
STU-1959,Rohan Chawla,Electronics & Comm,7.96,11,100.0,1053,170,9,430,16,52.8,240,2,4,40.5,3,Basic,35.0,51.7,0,Not Ready
STU-1960,Ananya Patel,Computer Science,8.09,8,80.2,1397,327,6,224,12,30.7,434,3,4,62.7,1,Advanced,54.7,64.9,1,Service Tier Ready
STU-1961,Neha Chatterjee,Electronics & Comm,9.26,4,47.3,1520,421,9,204,13,32.5,121,2,5,33.0,1,Advanced,54.7,66.0,1,Service Tier Ready
STU-1962,Divya Sharma,Computer Science,9.43,6,79.5,899,61,11,198,22,38.5,48,0,7,17.8,4,Intermediate,59.7,53.9,1,Service Tier Ready
STU-1963,Tanvi Verma,Information Technology,9.1,8,79.1,956,125,11,360,19,50.5,129,2,9,41.7,1,Intermediate,39.7,53.7,1,Service Tier Ready
STU-1964,Rahul Reddy,Computer Science,6.55,10,89.3,1390,304,4,420,6,42.0,424,1,4,48.6,3,Advanced,68.0,63.0,1,Service Tier Ready
STU-1965,Tanvi Singh,Information Technology,8.65,11,95.9,985,113,3,458,9,45.7,176,0,7,28.1,3,Intermediate,53.0,54.1,1,Service Tier Ready
STU-1966,Riya Joshi,Electronics & Comm,8.58,2,32.9,1033,104,10,235,30,44.6,98,0,6,19.8,4,Intermediate,59.7,50.1,0,Not Ready
STU-1967,Dev Singh,Computer Science,9.85,7,74.2,1020,143,11,205,18,37.1,159,2,9,44.1,3,Production-Grade,80.0,67.1,1,Service Tier Ready
STU-1968,Rahul Rao,Information Technology,8.92,7,71.5,1191,218,9,199,13,32.1,54,1,9,29.0,2,Intermediate,46.3,57.3,1,Service Tier Ready
STU-1969,Karan Verma,Information Technology,9.0,3,43.4,2196,750,8,181,12,29.1,144,0,9,29.5,2,Basic,28.3,73.1,2,Product Tier Ready
STU-1970,Pooja Singh,Electronics & Comm,8.58,11,100.0,1004,146,11,208,16,36.3,119,0,5,19.5,6,Intermediate,73.0,53.4,1,Service Tier Ready
STU-1971,Priya Nair,Mechanical,9.46,10,93.9,858,57,8,218,17,34.7,315,4,3,57.9,4,Intermediate,59.7,51.3,0,Not Ready
STU-1972,Tanvi Mehta,Electronics & Comm,9.04,6,68.5,968,71,2,128,7,16.2,302,3,6,56.2,2,Basic,28.3,45.0,0,Not Ready
STU-1973,Varun Reddy,Computer Science,8.6,10,93.5,917,28,7,256,14,35.3,370,2,2,46.9,5,Intermediate,66.3,54.2,1,Service Tier Ready
STU-1974,Karan Mehta,Computer Science,9.13,5,58.4,1123,179,6,113,14,22.4,241,1,7,39.9,1,Intermediate,39.7,56.7,1,Service Tier Ready
STU-1975,Kavya Sharma,Computer Science,8.8,6,63.0,1041,161,7,158,39,39.7,431,4,7,75.1,3,Advanced,68.0,61.8,1,Service Tier Ready
STU-1976,Sneha Singh,Information Technology,9.73,6,66.3,908,69,10,223,17,37.1,140,6,2,55.2,1,Intermediate,39.7,55.0,1,Service Tier Ready
STU-1977,Divya Sharma,Computer Science,9.14,6,69.7,1379,267,8,366,16,46.5,493,2,6,64.8,3,Intermediate,53.0,68.7,2,Product Tier Ready
STU-1978,Aarav Rao,Information Technology,8.35,10,99.8,1271,299,10,411,16,52.2,377,1,4,44.8,2,Basic,28.3,59.5,1,Service Tier Ready
STU-1979,Kavya Rao,Information Technology,9.14,2,39.4,1002,98,10,210,16,35.5,105,1,7,29.1,6,Basic,55.0,54.5,1,Service Tier Ready
STU-1980,Vikram Chatterjee,Computer Science,8.12,9,71.0,1043,132,6,174,16,28.5,325,4,8,68.7,2,Basic,28.3,50.7,0,Not Ready
STU-1981,Rahul Nair,Electrical & Electronics,8.43,8,89.0,2092,750,10,235,18,38.6,419,3,10,73.5,1,Basic,21.7,71.3,2,Product Tier Ready
STU-1982,Siddharth Verma,Computer Science,9.38,2,35.5,1018,130,18,398,27,64.7,117,1,1,18.0,2,Intermediate,46.3,54.6,1,Service Tier Ready
STU-1983,Aarav Reddy,Computer Science,9.05,3,46.4,1282,318,8,177,14,29.8,456,2,5,59.8,2,Intermediate,46.3,64.3,1,Service Tier Ready
STU-1984,Shruti Singh,Electronics & Comm,8.53,2,42.0,1066,140,5,152,13,24.2,483,1,9,63.3,5,Intermediate,66.3,53.8,1,Service Tier Ready
STU-1985,Neha Patel,Information Technology,7.63,5,64.7,1426,336,13,249,30,48.8,430,2,2,51.7,1,Basic,21.7,58.7,1,Service Tier Ready
STU-1986,Arjun Kumar,Electronics & Comm,8.89,11,100.0,1331,333,9,285,17,41.2,199,0,4,23.9,2,Basic,28.3,59.7,1,Service Tier Ready
STU-1987,Yash Rao,Information Technology,8.43,10,96.2,1259,240,6,154,11,24.3,176,3,8,50.1,2,Advanced,61.3,64.4,1,Service Tier Ready
STU-1988,Karan Kumar,Computer Science,8.28,2,42.6,1524,421,12,294,19,46.0,396,1,5,48.3,4,Intermediate,59.7,70.2,2,Product Tier Ready
STU-1989,Tanvi Chatterjee,Electrical & Electronics,9.64,4,54.1,1815,585,10,272,17,41.2,269,3,8,57.5,3,Basic,35.0,72.6,2,Product Tier Ready
STU-1990,Pooja Verma,Electrical & Electronics,7.39,8,86.0,1131,211,7,307,13,39.1,84,2,10,40.1,4,Advanced,74.7,56.5,1,Service Tier Ready
STU-1991,Arjun Deshmukh,Electronics & Comm,8.1,5,65.1,993,89,10,188,15,33.2,121,3,10,49.7,1,Intermediate,39.7,44.6,0,Not Ready
STU-1992,Shruti Sharma,Computer Science,9.59,7,80.5,966,139,3,119,5,15.4,282,4,1,51.2,3,Basic,35.0,53.3,1,Service Tier Ready
STU-1993,Ishita Sharma,Information Technology,8.08,8,75.5,1301,323,7,350,14,43.2,186,0,7,28.9,2,Intermediate,46.3,62.5,1,Service Tier Ready
STU-1994,Dev Chawla,Information Technology,7.74,7,73.1,1157,215,8,184,16,31.3,398,1,6,50.5,3,Intermediate,53.0,58.4,1,Service Tier Ready
STU-1995,Rohan Deshmukh,Computer Science,8.17,9,93.1,899,71,12,274,22,45.8,467,1,2,48.0,2,Intermediate,46.3,54.1,1,Service Tier Ready
STU-1996,Siddharth Joshi,Mechanical,9.43,3,44.9,878,26,2,44,14,12.7,484,2,7,66.1,1,Advanced,54.7,47.6,0,Not Ready
STU-1997,Ishita Joshi,Computer Science,8.82,2,41.3,1258,257,0,138,3,13.0,496,1,3,52.3,6,Intermediate,73.0,63.1,1,Service Tier Ready
STU-1998,Arjun Iyengar,Civil,8.18,8,81.8,926,73,10,188,16,33.7,280,1,4,37.1,3,Intermediate,53.0,45.0,0,Not Ready
STU-1999,Amit Singh,Information Technology,8.75,4,51.9,1016,165,6,207,15,30.8,293,2,6,48.8,2,Intermediate,46.3,53.8,1,Service Tier Ready
STU-2000,Kavya Verma,Computer Science,9.48,5,51.1,1285,276,10,226,16,36.8,37,4,3,35.6,3,Intermediate,53.0,63.3,1,Service Tier Ready
STU-2001,Arjun Sharma,Information Technology,8.15,8,78.0,1063,213,4,113,7,16.9,354,3,1,50.3,5,Basic,48.3,53.7,1,Service Tier Ready
STU-2002,Siddharth Patel,Mechanical,7.96,3,48.0,880,38,10,268,18,41.3,328,3,10,66.2,5,Intermediate,66.3,44.0,0,Not Ready
STU-2003,Divya Reddy,Electronics & Comm,9.04,8,82.2,974,78,6,191,10,26.9,127,1,1,18.8,4,Intermediate,59.7,50.6,0,Not Ready
STU-2004,Yash Chawla,Electrical & Electronics,8.39,5,58.1,917,87,11,249,18,40.8,79,3,6,38.3,1,Production-Grade,66.7,47.8,0,Not Ready
STU-2005,Pooja Verma,Electronics & Comm,7.82,10,93.8,978,89,9,194,18,34.2,242,4,4,54.0,3,Intermediate,53.0,50.3,0,Not Ready
STU-2006,Ishita Deshmukh,Electronics & Comm,8.32,2,49.4,1116,188,5,160,29,32.8,33,0,7,16.6,0,Intermediate,33.0,45.8,0,Not Ready
STU-2007,Priya Rao,Electrical & Electronics,7.74,4,53.9,1146,158,8,175,16,30.6,393,2,9,62.8,5,Intermediate,66.3,50.9,0,Not Ready
STU-2008,Ishita Joshi,Computer Science,9.01,9,84.9,948,76,8,154,13,27.3,321,3,8,61.7,1,Advanced,54.7,54.7,1,Service Tier Ready
STU-2009,Arjun Kumar,Information Technology,8.86,8,74.8,807,33,3,214,4,22.8,418,5,3,72.8,4,Intermediate,59.7,53.7,1,Service Tier Ready
STU-2010,Rohan Singh,Computer Science,9.69,3,51.2,1009,84,11,319,18,46.6,270,3,7,55.6,2,Intermediate,46.3,56.8,1,Service Tier Ready
STU-2011,Kavya Iyengar,Civil,9.3,6,67.0,2191,750,9,170,13,29.7,48,3,1,25.8,2,Advanced,61.3,77.9,2,Product Tier Ready
STU-2012,Siddharth Rao,Mechanical,7.94,8,76.6,1009,128,7,143,13,25.4,455,2,2,53.7,3,Production-Grade,80.0,51.7,0,Not Ready
STU-2013,Siddharth Chatterjee,Computer Science,7.58,6,57.6,1620,442,10,190,19,35.3,395,0,9,49.6,4,Intermediate,59.7,69.5,2,Product Tier Ready
STU-2014,Neha Verma,Electronics & Comm,7.68,11,100.0,1570,415,4,228,8,27.0,428,0,10,54.2,4,Intermediate,59.7,65.9,1,Service Tier Ready
STU-2015,Karan Mehta,Mechanical,8.33,2,49.1,1082,169,13,382,27,58.3,471,1,8,60.3,3,Production-Grade,80.0,59.8,1,Service Tier Ready
STU-2016,Priya Kumar,Computer Science,9.32,6,72.9,1256,252,9,214,16,34.8,299,1,7,44.6,3,Intermediate,53.0,65.0,1,Service Tier Ready
STU-2017,Karan Rao,Information Technology,9.8,11,99.5,968,87,5,262,9,31.3,333,2,10,60.0,5,Intermediate,66.3,60.6,1,Service Tier Ready
STU-2018,Pooja Gupta,Mechanical,8.64,4,55.5,1232,259,8,508,13,56.8,357,0,2,32.6,4,Basic,41.7,56.9,1,Service Tier Ready
STU-2019,Shruti Deshmukh,Computer Science,7.75,2,31.8,1007,78,11,550,23,68.3,230,1,2,29.1,7,Intermediate,79.7,56.1,1,Service Tier Ready
STU-2020,Amit Deshmukh,Electronics & Comm,9.09,11,100.0,1361,367,5,485,16,53.4,133,2,7,38.0,4,Intermediate,59.7,70.2,2,Product Tier Ready
STU-2021,Vikram Rao,Computer Science,9.3,5,60.1,949,64,11,385,31,58.6,360,0,7,42.8,6,Basic,55.0,55.1,1,Service Tier Ready
STU-2022,Priya Patel,Mechanical,9.61,8,74.2,1295,309,8,168,27,35.5,393,2,6,56.8,8,Basic,68.3,63.7,1,Service Tier Ready
STU-2023,Rahul Rao,Civil,8.48,8,76.5,838,28,6,113,24,27.4,395,3,10,71.6,3,Basic,35.0,43.5,0,Not Ready
STU-2024,Neha Joshi,Mechanical,6.56,3,42.5,1513,441,11,364,21,51.8,111,1,5,25.5,3,Basic,35.0,53.8,1,Service Tier Ready
STU-2025,Vikram Chatterjee,Information Technology,6.42,3,48.0,910,98,11,234,19,40.0,348,4,6,66.5,3,Basic,35.0,44.8,0,Not Ready
STU-2026,Amit Verma,Mechanical,7.77,2,40.3,1242,248,8,185,12,29.4,84,3,9,44.7,6,Advanced,88.0,56.9,1,Service Tier Ready
STU-2027,Neha Chatterjee,Electrical & Electronics,8.48,3,41.4,1079,153,4,79,11,16.1,317,0,4,33.4,2,Basic,28.3,41.1,0,Not Ready
STU-2028,Amit Reddy,Computer Science,9.51,10,98.1,1034,101,7,251,15,35.4,265,1,10,47.9,3,Intermediate,53.0,59.9,1,Service Tier Ready
STU-2029,Dev Chatterjee,Electrical & Electronics,8.12,10,95.1,1185,225,9,218,20,37.2,193,0,1,17.4,2,Basic,28.3,51.0,0,Not Ready
STU-2030,Varun Chatterjee,Computer Science,9.47,8,89.7,1921,606,14,274,23,48.3,394,1,9,56.2,4,Intermediate,59.7,86.2,3,Dream Tier Ready
STU-2031,Varun Reddy,Information Technology,9.07,4,46.7,867,38,7,231,19,35.8,114,0,8,25.1,3,Intermediate,53.0,50.3,0,Not Ready
STU-2032,Tanvi Chawla,Computer Science,8.16,9,96.1,1784,531,7,516,15,57.5,248,1,2,30.5,1,Intermediate,39.7,74.6,2,Product Tier Ready
STU-2033,Varun Mehta,Computer Science,9.14,5,57.6,1127,212,7,194,11,28.7,397,3,4,59.8,2,Advanced,61.3,62.2,1,Service Tier Ready
STU-2034,Amit Joshi,Computer Science,8.87,6,74.9,1438,352,7,219,11,30.8,391,1,3,43.9,2,Basic,28.3,58.8,1,Service Tier Ready
STU-2035,Siddharth Deshmukh,Electronics & Comm,9.41,11,100.0,1009,106,11,215,23,40.4,242,3,3,45.4,5,Intermediate,66.3,57.4,1,Service Tier Ready
STU-2036,Amit Gupta,Computer Science,8.76,6,60.2,1007,129,5,107,9,18.4,232,6,6,70.6,3,Advanced,68.0,60.1,1,Service Tier Ready
STU-2037,Vikram Reddy,Electronics & Comm,9.04,3,46.7,1616,443,8,205,13,31.6,342,0,7,41.4,5,Advanced,81.3,73.4,2,Product Tier Ready
STU-2038,Rohan Reddy,Computer Science,7.15,10,100.0,1072,138,6,294,11,36.0,329,1,8,49.0,1,Production-Grade,66.7,56.2,1,Service Tier Ready
STU-2039,Dev Mehta,Computer Science,9.37,7,70.3,1110,187,11,437,17,55.9,271,1,7,42.3,1,Basic,21.7,57.0,1,Service Tier Ready
STU-2040,Kavya Chatterjee,Information Technology,8.78,7,79.9,912,41,3,156,13,22.5,191,4,9,59.9,2,Advanced,61.3,54.7,1,Service Tier Ready
STU-2041,Rahul Joshi,Electrical & Electronics,9.17,2,44.9,800,41,5,134,7,19.7,208,0,2,20.6,2,Intermediate,46.3,38.1,0,Not Ready
STU-2042,Ananya Gupta,Computer Science,7.94,3,53.8,1084,211,11,336,18,48.0,482,0,10,58.6,2,Basic,28.3,52.9,1,Service Tier Ready
STU-2043,Karan Verma,Electronics & Comm,9.44,5,62.7,1248,278,6,142,12,23.8,121,2,4,31.0,4,Intermediate,59.7,58.6,1,Service Tier Ready
STU-2044,Kavya Reddy,Mechanical,7.25,9,84.3,1145,184,7,150,18,28.5,167,0,2,17.4,4,Advanced,74.7,54.0,1,Service Tier Ready
STU-2045,Dev Sharma,Electronics & Comm,8.33,9,91.6,875,63,6,266,15,35.7,141,0,3,17.3,2,Basic,28.3,40.6,0,Not Ready
STU-2046,Ananya Gupta,Computer Science,9.48,10,100.0,1021,160,7,265,10,34.1,425,3,10,74.0,1,Intermediate,39.7,59.2,1,Service Tier Ready
STU-2047,Kavya Verma,Computer Science,9.34,2,43.2,964,94,8,357,18,46.8,198,3,1,37.8,3,Basic,35.0,52.3,1,Service Tier Ready
STU-2048,Amit Deshmukh,Mechanical,7.73,9,77.1,1060,142,9,247,17,38.1,416,2,8,62.6,3,Advanced,68.0,53.9,1,Service Tier Ready
STU-2049,Rohan Joshi,Computer Science,8.3,5,61.1,1511,413,7,353,11,41.9,350,4,5,64.7,0,Intermediate,33.0,65.0,1,Service Tier Ready
STU-2050,Divya Kumar,Mechanical,8.96,6,70.6,1300,311,12,218,21,40.7,130,1,5,27.1,3,Basic,35.0,54.5,1,Service Tier Ready
STU-2051,Arjun Reddy,Information Technology,9.7,11,100.0,917,65,6,137,15,24.9,325,0,8,42.0,3,Basic,35.0,51.2,0,Not Ready
STU-2052,Varun Kumar,Mechanical,9.44,6,59.2,1655,453,11,361,20,51.1,222,1,9,42.4,5,Advanced,81.3,74.8,2,Product Tier Ready
STU-2053,Shruti Chawla,Electrical & Electronics,9.1,8,75.5,971,129,8,199,40,44.6,490,6,9,97.2,2,Basic,28.3,50.7,0,Not Ready
STU-2054,Ananya Reddy,Civil,8.64,4,52.7,1401,290,6,135,11,22.8,387,2,10,64.3,1,Intermediate,39.7,57.2,1,Service Tier Ready
STU-2055,Varun Mehta,Information Technology,7.42,6,79.7,859,49,7,285,14,37.8,236,3,9,56.9,2,Intermediate,46.3,47.2,0,Not Ready
STU-2056,Aditya Gupta,Electrical & Electronics,7.2,8,84.9,1255,271,5,262,7,30.3,484,4,2,69.4,1,Basic,21.7,49.7,0,Not Ready
STU-2057,Divya Reddy,Information Technology,7.98,7,70.4,970,91,9,222,20,37.5,315,2,7,52.5,2,Basic,28.3,47.2,0,Not Ready
STU-2058,Karan Patel,Information Technology,8.24,3,45.8,1015,117,11,260,20,42.7,245,2,7,46.9,2,Advanced,61.3,55.4,1,Service Tier Ready
STU-2059,Ananya Reddy,Electronics & Comm,8.1,9,91.6,800,29,4,223,9,27.1,485,2,4,60.1,4,Intermediate,59.7,48.0,0,Not Ready
STU-2060,Priya Chatterjee,Mechanical,7.65,10,96.7,862,38,10,327,19,46.8,480,1,5,55.1,3,Basic,35.0,42.5,0,Not Ready
STU-2061,Siddharth Iyengar,Civil,6.89,10,96.2,899,39,6,309,12,37.8,492,1,6,58.0,4,Advanced,74.7,46.7,0,Not Ready
STU-2062,Rohan Kumar,Electrical & Electronics,7.71,10,92.8,989,77,8,247,17,37.1,257,0,7,34.6,6,Production-Grade,100.0,54.3,1,Service Tier Ready
STU-2063,Amit Patel,Information Technology,9.9,3,44.1,859,36,7,146,14,26.2,390,3,2,55.2,1,Advanced,54.7,52.0,1,Service Tier Ready
STU-2064,Ananya Rao,Information Technology,9.12,11,100.0,1214,240,8,223,14,33.6,72,0,10,25.8,3,Intermediate,53.0,62.1,1,Service Tier Ready
STU-2065,Yash Reddy,Electronics & Comm,7.07,4,56.2,895,33,10,228,15,36.5,210,0,2,20.8,2,Intermediate,46.3,41.2,0,Not Ready
STU-2066,Dev Kumar,Computer Science,9.6,5,51.0,1296,226,9,164,16,30.7,491,2,2,56.6,3,Production-Grade,80.0,69.0,2,Product Tier Ready
STU-2067,Karan Joshi,Computer Science,7.75,3,45.1,878,41,7,147,13,25.8,376,0,5,40.1,4,Advanced,74.7,50.9,0,Not Ready
STU-2068,Neha Gupta,Information Technology,7.37,7,80.6,1847,587,6,131,12,22.9,315,2,6,50.5,7,Intermediate,79.7,78.0,2,Product Tier Ready
STU-2069,Pooja Chawla,Computer Science,6.38,8,91.9,1923,589,11,206,18,37.2,326,3,6,58.1,1,Advanced,54.7,75.5,2,Product Tier Ready
STU-2070,Kavya Singh,Computer Science,9.54,10,99.3,921,99,10,240,15,37.5,73,1,3,18.5,6,Intermediate,73.0,58.3,1,Service Tier Ready
STU-2071,Ishita Chatterjee,Computer Science,9.29,2,41.9,1188,214,4,142,6,18.8,66,2,4,26.6,4,Production-Grade,86.7,63.3,1,Service Tier Ready
STU-2072,Siddharth Mehta,Computer Science,8.7,8,86.8,967,26,10,221,20,38.4,402,0,7,46.2,1,Advanced,54.7,54.3,1,Service Tier Ready
STU-2073,Divya Sharma,Computer Science,9.49,6,68.8,1873,584,7,179,14,28.9,278,0,7,36.2,3,Intermediate,53.0,79.1,2,Product Tier Ready
STU-2074,Amit Mehta,Civil,7.75,4,47.2,1167,183,6,187,10,26.6,419,2,6,58.9,3,Production-Grade,80.0,53.1,1,Service Tier Ready
STU-2075,Siddharth Verma,Information Technology,8.37,6,65.4,810,15,6,120,11,21.5,112,3,1,31.0,5,Intermediate,66.3,47.3,0,Not Ready
STU-2076,Siddharth Verma,Information Technology,8.9,7,66.9,987,88,7,208,11,29.8,409,0,10,52.7,2,Advanced,61.3,53.3,1,Service Tier Ready
STU-2077,Meera Mehta,Electronics & Comm,8.93,5,64.5,939,44,10,303,15,42.8,450,0,6,48.0,0,Basic,15.0,43.6,0,Not Ready
STU-2078,Arjun Nair,Computer Science,8.19,11,92.0,931,115,12,423,19,56.8,286,2,1,38.2,1,Advanced,54.7,55.0,1,Service Tier Ready
STU-2079,Rahul Iyengar,Mechanical,9.6,10,96.6,1203,227,7,161,11,25.9,246,1,5,36.3,2,Basic,28.3,52.6,1,Service Tier Ready
STU-2080,Tanvi Chawla,Electrical & Electronics,7.98,2,41.2,1069,140,5,227,7,27.4,39,1,6,21.8,2,Production-Grade,73.3,47.4,0,Not Ready
STU-2081,Divya Deshmukh,Computer Science,9.7,11,100.0,973,98,8,237,14,34.8,267,2,7,48.7,4,Basic,41.7,55.7,1,Service Tier Ready
STU-2082,Vikram Gupta,Information Technology,9.41,7,60.3,865,50,6,177,11,26.2,55,2,8,33.7,2,Intermediate,46.3,49.7,0,Not Ready
STU-2083,Rohan Joshi,Mechanical,9.29,11,94.9,1026,87,11,450,21,59.0,280,0,9,40.4,2,Basic,28.3,49.6,0,Not Ready
STU-2084,Tanvi Patel,Mechanical,6.84,3,46.7,937,71,8,240,15,35.5,244,1,6,38.2,4,Advanced,74.7,45.9,0,Not Ready
STU-2085,Pooja Nair,Information Technology,7.87,8,85.0,1445,378,13,279,21,46.8,174,4,7,54.6,4,Intermediate,59.7,68.0,2,Product Tier Ready
STU-2086,Amit Iyengar,Electronics & Comm,7.79,10,95.0,923,41,7,250,13,34.3,349,5,4,69.3,10,Advanced,100.0,57.5,1,Service Tier Ready
STU-2087,Tanvi Singh,Computer Science,8.2,7,80.7,1225,198,11,519,19,63.8,251,0,10,40.1,5,Advanced,81.3,68.0,2,Product Tier Ready
STU-2088,Vikram Joshi,Civil,8.82,11,100.0,1037,100,8,394,21,51.3,440,0,7,49.2,5,Advanced,81.3,59.9,1,Service Tier Ready
STU-2089,Yash Verma,Computer Science,7.65,10,95.1,952,96,2,428,19,47.2,488,4,10,85.7,1,Basic,21.7,51.4,0,Not Ready
STU-2090,Kavya Kumar,Mechanical,7.51,9,87.8,1197,231,6,117,15,23.2,353,0,1,30.2,4,Basic,41.7,48.5,0,Not Ready
STU-2091,Arjun Mehta,Electronics & Comm,8.21,6,63.6,987,133,8,202,15,32.3,47,2,3,23.1,3,Advanced,68.0,51.1,0,Not Ready
STU-2092,Siddharth Deshmukh,Electronics & Comm,7.88,9,100.0,1057,136,5,146,18,26.2,368,3,1,51.4,2,Basic,28.3,47.1,0,Not Ready
STU-2093,Vikram Mehta,Information Technology,8.78,6,71.1,1216,201,6,156,9,23.5,257,2,8,49.9,4,Advanced,74.7,64.1,1,Service Tier Ready
STU-2094,Yash Deshmukh,Computer Science,6.23,9,90.0,1139,173,9,181,18,33.1,265,1,3,33.9,0,Basic,15.0,43.2,0,Not Ready
STU-2095,Shruti Mehta,Computer Science,9.04,8,80.4,1019,73,5,268,9,31.8,395,3,7,65.6,3,Intermediate,53.0,57.3,1,Service Tier Ready
STU-2096,Karan Verma,Computer Science,8.98,6,68.0,1062,200,8,255,12,35.2,463,0,2,41.0,2,Production-Grade,73.3,60.7,1,Service Tier Ready
STU-2097,Amit Mehta,Computer Science,8.36,9,78.4,1240,241,11,291,16,43.2,375,0,5,40.0,6,Advanced,88.0,68.2,2,Product Tier Ready
STU-2098,Ishita Kumar,Electrical & Electronics,9.03,7,74.2,852,6,7,185,13,28.9,478,2,3,57.6,7,Basic,61.7,48.7,0,Not Ready
STU-2099,Pooja Sharma,Information Technology,9.2,8,80.8,1001,129,7,175,11,27.1,305,1,10,51.1,6,Intermediate,73.0,61.3,1,Service Tier Ready
STU-2100,Pooja Nair,Computer Science,9.07,6,53.5,820,43,12,370,19,52.3,150,0,3,18.0,4,Advanced,74.7,55.1,1,Service Tier Ready
STU-2101,Neha Rao,Civil,9.41,9,94.7,815,42,7,200,12,29.7,91,0,5,17.3,1,Basic,21.7,41.0,0,Not Ready
STU-2102,Siddharth Chatterjee,Mechanical,8.62,9,89.5,1123,177,3,147,9,19.8,360,1,8,51.5,6,Basic,55.0,55.6,1,Service Tier Ready
STU-2103,Riya Rao,Mechanical,8.49,2,39.9,1542,447,10,190,15,33.3,216,2,2,34.6,5,Intermediate,66.3,63.5,1,Service Tier Ready
STU-2104,Sneha Patel,Civil,7.81,9,84.5,1726,474,8,207,17,33.8,54,0,4,12.3,3,Basic,35.0,63.1,1,Service Tier Ready
STU-2105,Vikram Verma,Computer Science,6.11,11,100.0,881,31,5,103,13,20.1,409,2,4,54.1,3,Intermediate,53.0,46.5,0,Not Ready
STU-2106,Kavya Deshmukh,Information Technology,9.5,9,89.9,1005,120,6,113,12,21.4,368,1,5,46.1,2,Intermediate,46.3,55.3,1,Service Tier Ready
STU-2107,Priya Kumar,Electrical & Electronics,8.06,8,75.7,1121,181,13,350,20,52.2,125,0,6,22.0,1,Advanced,54.7,53.1,1,Service Tier Ready
STU-2108,Meera Deshmukh,Electronics & Comm,9.35,7,67.2,915,34,4,104,6,15.7,350,3,9,66.0,3,Production-Grade,80.0,56.6,1,Service Tier Ready
STU-2109,Shruti Chawla,Computer Science,8.29,11,96.8,1477,339,10,515,17,61.4,222,3,5,47.8,3,Intermediate,53.0,70.0,2,Product Tier Ready
STU-2110,Karan Sharma,Electrical & Electronics,9.44,4,50.7,1289,298,6,201,16,30.8,283,0,10,42.6,4,Intermediate,59.7,60.0,1,Service Tier Ready
STU-2111,Tanvi Gupta,Computer Science,8.09,8,78.0,1657,497,5,193,7,24.6,96,1,8,30.3,3,Advanced,68.0,71.9,2,Product Tier Ready
STU-2112,Divya Patel,Computer Science,9.03,5,57.1,848,37,6,129,14,23.8,343,3,5,57.4,3,Basic,35.0,50.2,0,Not Ready
STU-2113,Divya Singh,Information Technology,8.55,9,90.1,901,74,5,103,10,18.6,69,2,3,24.9,5,Production-Grade,93.3,58.6,1,Service Tier Ready
STU-2114,Vikram Patel,Information Technology,8.25,6,64.3,1345,353,10,254,24,43.2,253,2,6,45.6,3,Basic,35.0,60.5,1,Service Tier Ready
STU-2115,Neha Deshmukh,Information Technology,8.07,4,59.2,1236,265,10,439,16,54.6,460,2,4,58.1,1,Basic,21.7,57.7,1,Service Tier Ready
STU-2116,Yash Chatterjee,Computer Science,7.7,7,83.8,1621,476,5,95,12,18.9,385,1,5,47.5,5,Intermediate,66.3,71.1,2,Product Tier Ready
STU-2117,Divya Chatterjee,Mechanical,8.59,7,68.3,838,55,9,232,18,37.3,456,3,8,72.5,4,Intermediate,59.7,47.1,0,Not Ready
STU-2118,Neha Iyengar,Computer Science,9.06,7,80.5,1178,198,6,130,9,21.3,421,2,4,55.0,5,Intermediate,66.3,66.0,1,Service Tier Ready
STU-2119,Dev Sharma,Computer Science,9.81,9,83.4,1162,205,11,350,17,48.7,251,3,7,54.1,4,Basic,41.7,62.0,1,Service Tier Ready
STU-2120,Ishita Gupta,Mechanical,7.97,2,43.7,928,54,6,222,9,29.0,132,3,3,36.6,2,Intermediate,46.3,41.0,0,Not Ready
STU-2121,Tanvi Iyengar,Civil,7.48,11,100.0,1062,173,5,100,12,19.3,347,9,4,95.8,2,Advanced,61.3,53.4,1,Service Tier Ready
STU-2122,Sneha Reddy,Mechanical,6.94,2,44.9,1171,189,13,329,22,51.4,277,2,8,51.5,1,Intermediate,39.7,46.9,0,Not Ready
STU-2123,Divya Nair,Electrical & Electronics,7.54,11,96.3,897,50,9,573,13,63.2,191,2,8,44.6,4,Basic,41.7,45.4,0,Not Ready
STU-2124,Shruti Chatterjee,Electronics & Comm,8.51,8,84.5,911,77,5,165,8,22.8,293,1,9,48.1,3,Basic,35.0,46.8,0,Not Ready
STU-2125,Dev Rao,Information Technology,8.4,4,47.7,1314,241,8,177,12,28.8,54,1,4,19.0,1,Intermediate,39.7,55.2,1,Service Tier Ready
STU-2126,Meera Rao,Computer Science,8.86,9,86.6,1095,161,6,124,9,20.8,183,0,10,34.6,2,Advanced,61.3,58.6,1,Service Tier Ready
STU-2127,Kavya Chatterjee,Information Technology,7.62,4,48.9,1549,431,9,619,14,67.6,248,1,4,34.5,3,Intermediate,53.0,69.0,2,Product Tier Ready
STU-2128,Riya Chawla,Information Technology,8.89,7,68.4,1033,122,4,154,6,19.8,467,1,5,54.0,3,Advanced,68.0,56.2,1,Service Tier Ready
STU-2129,Aditya Gupta,Computer Science,8.85,2,39.5,882,72,5,136,8,20.3,283,2,5,46.0,3,Basic,35.0,46.9,0,Not Ready
STU-2130,Tanvi Joshi,Electronics & Comm,7.87,3,49.9,2141,750,9,186,16,32.5,496,5,3,79.0,4,Intermediate,59.7,77.9,2,Product Tier Ready
STU-2131,Dev Reddy,Information Technology,7.96,8,81.6,1772,484,5,389,10,42.4,244,2,1,34.9,5,Advanced,81.3,76.2,2,Product Tier Ready
STU-2132,Kavya Chatterjee,Computer Science,6.49,7,74.1,800,42,11,296,17,44.2,198,2,10,49.2,5,Production-Grade,93.3,51.2,0,Not Ready
STU-2133,Arjun Kumar,Computer Science,9.36,2,37.9,1378,336,5,95,8,16.9,109,2,1,24.1,4,Basic,41.7,61.5,1,Service Tier Ready
STU-2134,Karan Singh,Electronics & Comm,8.21,11,100.0,891,55,7,132,18,27.0,101,2,8,37.4,5,Basic,48.3,49.6,0,Not Ready
STU-2135,Neha Deshmukh,Computer Science,8.89,8,77.0,862,45,8,424,12,49.3,92,1,4,22.0,2,Intermediate,46.3,50.7,0,Not Ready
STU-2136,Aditya Chatterjee,Mechanical,8.31,5,64.4,911,76,5,213,7,26.2,485,2,10,72.1,2,Intermediate,46.3,42.3,0,Not Ready
STU-2137,Divya Patel,Information Technology,8.79,2,38.9,1073,105,11,208,17,36.8,104,1,2,19.0,2,Intermediate,46.3,51.9,0,Not Ready
STU-2138,Rahul Sharma,Information Technology,9.19,10,100.0,1416,358,9,259,16,38.6,292,3,6,55.4,5,Advanced,81.3,73.8,2,Product Tier Ready
STU-2139,Amit Reddy,Information Technology,8.55,4,53.6,1291,262,12,270,18,43.5,498,3,9,77.8,1,Production-Grade,66.7,66.3,1,Service Tier Ready
STU-2140,Pooja Kumar,Electrical & Electronics,8.82,10,94.4,2119,750,13,389,36,63.4,127,3,5,40.2,2,Basic,28.3,77.9,2,Product Tier Ready
STU-2141,Priya Iyengar,Computer Science,9.36,8,71.9,1293,263,12,247,19,42.1,114,2,3,28.5,3,Intermediate,53.0,63.2,1,Service Tier Ready
STU-2142,Karan Deshmukh,Electronics & Comm,8.75,9,94.4,1064,121,7,174,11,27.0,354,3,4,56.3,1,Basic,21.7,49.1,0,Not Ready
STU-2143,Priya Nair,Information Technology,7.9,8,76.3,1266,261,9,180,18,33.0,335,0,2,30.8,3,Advanced,68.0,61.7,1,Service Tier Ready
STU-2144,Rohan Chatterjee,Computer Science,7.52,11,100.0,2121,750,5,119,8,18.9,456,2,7,63.8,1,Basic,21.7,73.6,2,Product Tier Ready
STU-2145,Neha Nair,Mechanical,8.35,10,93.5,1303,283,5,110,9,18.7,407,5,4,73.9,2,Production-Grade,73.3,60.4,1,Service Tier Ready
STU-2146,Dev Chawla,Electrical & Electronics,7.62,4,55.8,1418,329,8,146,15,27.7,302,1,4,38.8,3,Intermediate,53.0,56.4,1,Service Tier Ready
STU-2147,Karan Patel,Electronics & Comm,8.98,9,86.6,1932,605,7,130,10,22.8,178,4,8,56.9,1,Intermediate,39.7,77.4,2,Product Tier Ready
STU-2148,Ishita Verma,Mechanical,6.43,3,39.8,946,74,7,306,17,41.0,35,0,10,22.8,2,Intermediate,46.3,36.4,0,Not Ready
STU-2149,Sneha Deshmukh,Mechanical,7.87,5,55.1,1251,253,6,270,11,34.0,138,2,5,34.4,1,Intermediate,39.7,51.9,0,Not Ready
STU-2150,Dev Chawla,Electronics & Comm,8.8,11,96.5,1576,396,8,159,13,27.8,228,1,3,30.9,2,Basic,28.3,61.2,1,Service Tier Ready
STU-2151,Pooja Chawla,Electrical & Electronics,8.68,5,60.9,1929,645,12,326,20,49.2,360,2,6,54.1,3,Intermediate,53.0,78.7,2,Product Tier Ready
STU-2152,Aarav Singh,Electronics & Comm,8.91,7,80.4,887,60,2,172,3,17.8,367,2,8,58.7,3,Advanced,68.0,50.9,0,Not Ready
STU-2153,Ananya Singh,Electronics & Comm,7.08,4,51.5,1193,169,10,185,20,35.4,67,3,10,45.4,3,Production-Grade,80.0,53.9,1,Service Tier Ready
STU-2154,Karan Gupta,Electronics & Comm,8.89,2,42.0,1286,273,8,153,15,28.2,348,3,1,49.8,1,Intermediate,39.7,56.9,1,Service Tier Ready
STU-2155,Sneha Singh,Electrical & Electronics,7.6,11,100.0,987,86,10,262,24,43.8,157,1,9,37.2,5,Advanced,81.3,53.2,1,Service Tier Ready
STU-2156,Rohan Gupta,Computer Science,8.98,9,89.5,1097,190,6,154,11,24.3,169,3,4,41.5,3,Advanced,68.0,59.4,1,Service Tier Ready
STU-2157,Sneha Sharma,Mechanical,8.07,10,90.8,974,69,5,210,14,29.5,277,3,5,52.2,5,Advanced,81.3,53.7,1,Service Tier Ready
STU-2158,Siddharth Chawla,Mechanical,7.97,8,87.4,949,115,11,279,17,42.8,435,4,10,81.5,5,Basic,48.3,48.8,0,Not Ready
STU-2159,Priya Deshmukh,Computer Science,8.51,10,91.0,951,118,4,75,6,13.2,288,1,3,35.7,2,Intermediate,46.3,50.1,0,Not Ready
STU-2160,Yash Mehta,Electrical & Electronics,9.12,7,75.6,1168,180,8,259,23,41.1,176,0,9,32.1,4,Basic,41.7,53.1,1,Service Tier Ready
STU-2161,Siddharth Chatterjee,Computer Science,8.08,4,53.0,1030,138,12,238,19,41.3,456,2,6,61.8,5,Intermediate,66.3,56.4,1,Service Tier Ready
STU-2162,Vikram Patel,Computer Science,7.18,10,97.4,1101,174,9,199,20,35.6,372,1,1,38.4,2,Advanced,61.3,56.9,1,Service Tier Ready
STU-2163,Ananya Nair,Electronics & Comm,8.59,2,40.9,1014,107,9,295,14,40.6,224,4,9,62.6,1,Advanced,54.7,52.8,1,Service Tier Ready
STU-2164,Riya Iyengar,Computer Science,8.32,2,43.0,852,37,6,255,9,31.8,244,2,5,42.9,1,Advanced,54.7,48.1,0,Not Ready
STU-2165,Vikram Chatterjee,Electrical & Electronics,8.48,3,46.5,808,34,5,132,12,22.0,406,2,3,51.8,2,Intermediate,46.3,38.5,0,Not Ready
STU-2166,Yash Reddy,Electrical & Electronics,9.9,5,63.0,910,77,15,279,28,52.2,270,4,4,56.3,1,Basic,21.7,48.9,0,Not Ready
STU-2167,Dev Joshi,Information Technology,8.84,4,57.5,1102,195,9,308,20,44.7,162,1,5,29.6,3,Basic,35.0,54.7,1,Service Tier Ready
STU-2168,Aarav Chawla,Computer Science,8.95,2,31.3,1479,345,2,240,11,27.5,58,2,1,20.0,1,Intermediate,39.7,60.5,1,Service Tier Ready
STU-2169,Rohan Sharma,Computer Science,6.42,8,87.6,950,50,11,531,19,64.8,127,2,10,43.5,3,Basic,35.0,46.7,0,Not Ready
STU-2170,Rahul Rao,Electronics & Comm,9.46,5,59.1,867,61,11,236,18,39.7,393,4,3,64.1,2,Basic,28.3,48.7,0,Not Ready
STU-2171,Vikram Kumar,Civil,8.01,2,40.7,1320,277,12,229,23,42.6,418,1,7,54.1,4,Intermediate,59.7,57.9,1,Service Tier Ready
STU-2172,Shruti Joshi,Electronics & Comm,9.07,7,74.8,973,104,7,403,13,47.1,458,0,9,54.6,4,Basic,41.7,52.5,1,Service Tier Ready
STU-2173,Karan Singh,Computer Science,7.93,7,72.0,2035,646,9,213,26,39.8,211,2,6,42.2,6,Intermediate,73.0,80.9,2,Product Tier Ready
STU-2174,Priya Chatterjee,Electronics & Comm,7.02,2,38.4,1372,252,8,153,13,27.2,181,1,4,29.1,2,Production-Grade,73.3,53.8,1,Service Tier Ready
STU-2175,Kavya Rao,Information Technology,8.27,8,81.7,1050,119,4,141,6,18.8,132,1,4,25.2,3,Basic,35.0,48.4,0,Not Ready
STU-2176,Kavya Verma,Electrical & Electronics,7.86,9,87.0,911,76,5,111,11,19.8,434,4,9,79.4,4,Advanced,74.7,51.5,0,Not Ready
STU-2177,Ananya Rao,Computer Science,8.12,6,72.5,1053,173,4,115,7,17.1,317,1,1,34.0,2,Production-Grade,73.3,57.9,1,Service Tier Ready
STU-2178,Ishita Mehta,Electrical & Electronics,8.69,11,100.0,898,48,4,110,7,16.7,264,1,6,39.8,3,Intermediate,53.0,47.7,0,Not Ready
STU-2179,Divya Reddy,Information Technology,9.45,8,78.4,855,35,7,562,13,60.3,162,1,4,27.6,3,Production-Grade,80.0,62.1,1,Service Tier Ready
STU-2180,Rohan Verma,Civil,7.88,9,98.0,886,88,8,246,22,39.5,475,0,3,44.0,2,Intermediate,46.3,45.5,0,Not Ready
STU-2181,Riya Joshi,Computer Science,9.37,8,73.5,1340,298,11,265,17,41.6,431,2,1,49.8,3,Production-Grade,80.0,72.5,2,Product Tier Ready
STU-2182,Meera Sharma,Electronics & Comm,9.76,4,47.7,1190,158,7,198,12,29.5,259,4,5,57.4,4,Advanced,74.7,61.8,1,Service Tier Ready
STU-2183,Amit Kumar,Mechanical,7.38,11,100.0,851,6,6,200,17,31.2,64,3,4,33.1,3,Advanced,68.0,43.5,0,Not Ready
STU-2184,Varun Rao,Computer Science,7.81,11,100.0,1150,227,14,458,30,67.2,387,4,10,77.6,3,Basic,35.0,62.3,1,Service Tier Ready
STU-2185,Yash Patel,Mechanical,8.87,3,42.3,1045,137,8,159,13,27.8,109,0,4,16.7,2,Advanced,61.3,49.9,0,Not Ready
STU-2186,Kavya Singh,Electronics & Comm,8.65,10,93.2,1092,152,8,235,16,35.6,384,4,8,73.4,5,Production-Grade,93.3,64.1,1,Service Tier Ready
STU-2187,Aarav Joshi,Computer Science,9.21,6,61.8,930,59,12,254,20,43.2,271,2,2,39.0,1,Advanced,54.7,53.0,1,Service Tier Ready
STU-2188,Pooja Rao,Computer Science,8.02,10,93.5,1096,210,7,210,21,35.0,373,3,10,69.8,2,Basic,28.3,53.6,1,Service Tier Ready
STU-2189,Varun Singh,Electronics & Comm,9.12,5,52.3,2144,750,8,216,17,34.5,162,1,10,39.6,4,Basic,41.7,75.1,2,Product Tier Ready
STU-2190,Neha Mehta,Computer Science,9.22,2,37.2,924,62,7,129,13,24.2,38,5,4,44.4,3,Intermediate,53.0,51.4,0,Not Ready
STU-2191,Tanvi Verma,Information Technology,8.04,9,86.0,914,69,8,231,18,36.2,417,2,1,48.7,2,Advanced,61.3,52.5,1,Service Tier Ready
STU-2192,Karan Gupta,Computer Science,9.44,6,61.3,872,94,11,321,41,58.2,282,1,2,33.2,0,Basic,15.0,49.0,0,Not Ready
STU-2193,Rohan Kumar,Electronics & Comm,8.01,5,67.4,965,96,10,208,17,35.8,62,3,10,45.0,3,Production-Grade,80.0,53.2,1,Service Tier Ready
STU-2194,Meera Kumar,Computer Science,9.59,10,98.0,1039,111,5,101,9,17.9,376,3,10,70.1,4,Intermediate,59.7,60.0,1,Service Tier Ready
STU-2195,Karan Kumar,Mechanical,9.11,10,100.0,1423,362,12,239,21,42.4,435,2,3,54.1,6,Intermediate,73.0,69.9,2,Product Tier Ready
STU-2196,Aarav Singh,Civil,9.7,3,46.3,1699,513,9,263,18,39.9,216,2,1,32.6,3,Intermediate,53.0,70.6,2,Product Tier Ready
STU-2197,Riya Sharma,Civil,9.17,2,41.4,979,61,3,117,9,17.2,40,2,2,20.5,4,Advanced,74.7,47.0,0,Not Ready
STU-2198,Amit Singh,Electronics & Comm,7.6,9,87.3,1099,172,10,380,17,50.2,98,1,7,28.5,2,Intermediate,46.3,50.9,0,Not Ready
STU-2199,Pooja Nair,Computer Science,9.87,10,94.2,1241,242,5,123,9,19.8,167,1,10,40.0,4,Intermediate,59.7,66.0,1,Service Tier Ready
STU-2200,Shruti Sharma,Electrical & Electronics,9.09,5,63.7,976,150,10,225,21,39.2,160,3,10,52.8,3,Intermediate,53.0,52.4,1,Service Tier Ready
STU-2201,Pooja Chatterjee,Computer Science,9.5,2,35.2,1035,160,7,201,23,35.2,428,4,6,72.9,4,Intermediate,59.7,60.1,1,Service Tier Ready
STU-2202,Rohan Gupta,Computer Science,7.36,8,80.3,1044,75,9,223,21,38.1,280,1,2,33.1,3,Advanced,68.0,53.0,1,Service Tier Ready
STU-2203,Sneha Iyengar,Computer Science,7.43,6,76.0,1197,175,12,295,22,47.6,152,3,1,34.2,3,Intermediate,53.0,55.2,1,Service Tier Ready
STU-2204,Tanvi Mehta,Information Technology,9.04,6,66.6,1010,104,6,145,10,23.1,395,2,10,64.9,3,Intermediate,53.0,53.8,1,Service Tier Ready
STU-2205,Priya Chatterjee,Electrical & Electronics,6.74,6,67.9,1324,355,6,126,12,22.5,450,1,9,60.7,1,Intermediate,39.7,52.6,1,Service Tier Ready
STU-2206,Varun Iyengar,Electronics & Comm,9.05,11,100.0,1332,333,7,288,10,36.0,453,3,1,58.2,6,Intermediate,73.0,68.7,2,Product Tier Ready
STU-2207,Siddharth Patel,Information Technology,7.99,10,100.0,868,76,14,256,24,47.3,302,3,10,64.2,6,Intermediate,73.0,57.9,1,Service Tier Ready
STU-2208,Ananya Gupta,Computer Science,9.18,8,86.0,812,45,13,280,25,48.8,433,3,5,64.6,0,Intermediate,33.0,52.8,1,Service Tier Ready
STU-2209,Meera Gupta,Civil,8.74,3,40.6,1664,491,4,81,7,14.2,272,2,9,53.1,1,Intermediate,39.7,61.9,1,Service Tier Ready
STU-2210,Amit Patel,Information Technology,8.94,11,99.6,1125,159,5,223,10,28.6,417,0,9,51.4,4,Intermediate,59.7,57.0,1,Service Tier Ready
STU-2211,Tanvi Reddy,Information Technology,7.43,10,100.0,1549,434,11,243,16,39.2,191,2,6,40.6,1,Intermediate,39.7,66.8,1,Service Tier Ready
STU-2212,Yash Reddy,Computer Science,9.72,5,59.0,879,53,6,111,16,23.2,124,2,3,29.3,5,Intermediate,66.3,55.5,1,Service Tier Ready
STU-2213,Amit Patel,Electrical & Electronics,9.78,6,69.7,1069,158,3,61,6,11.1,191,3,2,39.3,3,Intermediate,53.0,51.8,0,Not Ready
STU-2214,Vikram Verma,Electronics & Comm,8.3,3,50.0,1196,195,6,130,12,22.8,352,2,3,47.5,3,Basic,35.0,50.0,0,Not Ready
STU-2215,Yash Chatterjee,Computer Science,9.11,4,61.2,1562,399,8,298,13,39.3,313,3,1,47.0,4,Basic,41.7,68.5,2,Product Tier Ready
STU-2216,Dev Sharma,Computer Science,7.4,6,62.5,865,32,8,304,15,40.8,390,5,3,70.5,3,Basic,35.0,46.5,0,Not Ready
STU-2217,Kavya Rao,Electronics & Comm,8.73,2,40.3,1015,84,2,604,8,56.3,258,3,2,44.6,4,Advanced,74.7,54.3,1,Service Tier Ready
STU-2218,Ananya Chatterjee,Electronics & Comm,8.52,2,38.8,1004,124,11,225,18,38.8,145,2,8,40.9,3,Intermediate,53.0,51.6,0,Not Ready
STU-2219,Aditya Chawla,Computer Science,7.23,2,52.3,1643,420,10,186,17,34.0,250,0,10,40.0,4,Intermediate,59.7,67.3,1,Service Tier Ready
STU-2220,Ananya Gupta,Civil,8.35,8,78.1,1855,603,11,231,22,41.2,492,3,7,73.4,2,Production-Grade,73.3,79.3,2,Product Tier Ready
STU-2221,Kavya Kumar,Computer Science,8.64,11,97.2,2051,750,15,289,27,52.6,449,2,1,51.3,3,Basic,35.0,80.5,2,Product Tier Ready
STU-2222,Arjun Deshmukh,Information Technology,7.86,5,69.8,1921,658,12,339,18,49.2,448,4,1,64.5,4,Intermediate,59.7,83.8,3,Dream Tier Ready
STU-2223,Meera Reddy,Mechanical,8.4,5,73.3,800,8,9,510,16,59.5,198,2,5,39.2,4,Intermediate,59.7,46.6,0,Not Ready
STU-2224,Rahul Sharma,Information Technology,9.54,4,59.0,851,49,4,103,7,16.1,344,3,4,55.5,3,Advanced,68.0,56.1,1,Service Tier Ready
STU-2225,Amit Rao,Electronics & Comm,9.34,3,38.1,984,71,6,147,13,24.8,359,3,8,64.7,3,Production-Grade,80.0,56.8,1,Service Tier Ready
STU-2226,Kavya Gupta,Information Technology,8.1,5,55.1,984,115,9,205,13,32.6,174,3,8,49.9,5,Advanced,81.3,58.9,1,Service Tier Ready
STU-2227,Ananya Deshmukh,Computer Science,8.41,3,41.6,1382,361,10,374,16,49.2,315,4,3,57.9,3,Intermediate,53.0,66.1,1,Service Tier Ready
STU-2228,Amit Gupta,Civil,8.93,8,91.2,1531,447,8,230,12,33.2,211,0,5,26.9,5,Production-Grade,93.3,73.6,2,Product Tier Ready
STU-2229,Rahul Verma,Information Technology,9.27,11,100.0,896,55,11,562,26,70.8,337,2,7,54.3,4,Advanced,74.7,63.3,1,Service Tier Ready
STU-2230,Pooja Singh,Mechanical,9.04,7,75.5,1239,202,11,296,24,47.7,485,4,8,81.5,3,Advanced,68.0,62.7,1,Service Tier Ready
STU-2231,Arjun Iyengar,Computer Science,9.07,7,72.4,1795,547,8,266,25,42.7,436,2,3,54.2,3,Basic,35.0,74.8,2,Product Tier Ready
STU-2232,Dev Chawla,Computer Science,7.98,3,39.3,1102,142,6,117,13,22.2,304,2,8,53.7,10,Intermediate,99.7,63.7,1,Service Tier Ready
STU-2233,Arjun Gupta,Computer Science,9.4,6,63.4,890,39,5,392,14,44.7,66,2,10,38.6,4,Advanced,74.7,56.7,1,Service Tier Ready
STU-2234,Neha Reddy,Electronics & Comm,9.9,11,100.0,972,138,6,206,12,29.2,472,2,9,69.1,4,Basic,41.7,56.7,1,Service Tier Ready
STU-2235,Yash Reddy,Information Technology,8.98,9,87.8,1008,99,8,217,14,33.1,392,3,3,57.4,3,Advanced,68.0,60.8,1,Service Tier Ready
STU-2236,Pooja Chawla,Mechanical,8.53,3,36.8,1106,202,15,319,29,56.1,65,3,2,29.2,1,Basic,21.7,45.8,0,Not Ready
STU-2237,Karan Nair,Information Technology,7.11,9,91.3,1052,152,9,170,19,32.7,97,2,2,25.1,5,Intermediate,66.3,52.2,1,Service Tier Ready
STU-2238,Rohan Iyengar,Civil,8.69,10,94.6,805,23,10,194,20,36.2,439,3,5,65.1,5,Advanced,81.3,53.0,1,Service Tier Ready
STU-2239,Ishita Verma,Computer Science,6.89,4,52.7,2144,750,11,199,25,40.1,389,3,10,71.1,0,Intermediate,33.0,73.3,2,Product Tier Ready
STU-2240,Ishita Joshi,Mechanical,8.65,5,58.8,1125,188,13,897,30,100.0,150,1,1,20.7,1,Advanced,54.7,56.8,1,Service Tier Ready
STU-2241,Neha Kumar,Electrical & Electronics,7.18,9,82.2,1086,170,9,316,15,42.8,184,2,6,40.1,1,Intermediate,39.7,46.1,0,Not Ready
STU-2242,Kavya Gupta,Electrical & Electronics,9.42,3,42.7,1925,633,12,375,19,52.8,234,1,7,39.4,2,Intermediate,46.3,76.9,2,Product Tier Ready
STU-2243,Priya Verma,Electrical & Electronics,7.3,3,57.0,896,46,5,220,10,28.3,475,2,5,61.3,2,Intermediate,46.3,39.4,0,Not Ready
STU-2244,Siddharth Mehta,Electrical & Electronics,8.66,2,43.4,948,90,6,174,9,25.0,475,3,8,74.0,4,Intermediate,59.7,49.0,0,Not Ready
STU-2245,Kavya Nair,Electronics & Comm,8.93,3,49.5,1473,379,7,135,21,28.8,465,3,6,69.2,4,Advanced,74.7,68.2,2,Product Tier Ready
STU-2246,Dev Joshi,Computer Science,7.0,10,94.0,1031,73,7,133,27,31.6,73,0,1,7.8,4,Basic,41.7,47.2,0,Not Ready
STU-2247,Yash Singh,Computer Science,8.33,6,67.5,1458,337,6,356,13,42.2,318,7,9,90.1,3,Intermediate,53.0,69.2,2,Product Tier Ready
STU-2248,Neha Iyengar,Mechanical,9.86,5,68.5,915,78,7,126,15,25.0,395,0,5,41.6,3,Basic,35.0,47.7,0,Not Ready
STU-2249,Dev Gupta,Electronics & Comm,7.31,3,46.6,862,32,16,408,25,62.5,119,3,5,39.5,5,Intermediate,66.3,48.6,0,Not Ready
STU-2250,Dev Sharma,Electrical & Electronics,7.91,3,47.4,1141,189,4,171,14,25.2,241,2,1,34.6,5,Production-Grade,93.3,55.9,1,Service Tier Ready
STU-2251,Shruti Deshmukh,Information Technology,8.62,7,76.8,931,71,6,177,18,29.8,92,3,5,37.4,0,Basic,15.0,45.7,0,Not Ready
STU-2252,Pooja Joshi,Computer Science,8.3,8,74.8,1382,324,9,530,13,59.7,101,2,3,27.4,3,Intermediate,53.0,66.4,1,Service Tier Ready
STU-2253,Ishita Nair,Computer Science,9.68,5,59.4,1252,249,7,148,11,24.8,365,0,10,49.2,5,Advanced,81.3,69.4,2,Product Tier Ready
STU-2254,Amit Chatterjee,Electronics & Comm,9.22,8,74.8,1764,543,3,207,5,22.8,482,3,3,64.6,3,Intermediate,53.0,74.9,2,Product Tier Ready
STU-2255,Ananya Verma,Information Technology,8.85,2,25.1,1393,347,6,220,13,30.8,319,3,10,65.5,4,Intermediate,59.7,66.8,1,Service Tier Ready
STU-2256,Tanvi Mehta,Computer Science,6.84,9,80.6,913,74,5,456,8,47.0,396,1,8,54.3,3,Basic,35.0,45.2,0,Not Ready
STU-2257,Arjun Gupta,Information Technology,8.56,4,52.8,1330,343,7,397,11,45.6,56,6,9,62.5,6,Basic,55.0,65.5,1,Service Tier Ready
STU-2258,Karan Chatterjee,Computer Science,9.17,8,87.6,1219,214,10,193,16,34.1,449,2,6,61.3,1,Intermediate,39.7,61.9,1,Service Tier Ready
STU-2259,Shruti Mehta,Information Technology,8.58,8,82.7,1239,231,4,108,9,17.5,417,1,3,46.0,5,Advanced,81.3,65.3,1,Service Tier Ready
STU-2260,Neha Sharma,Computer Science,7.86,4,55.3,1609,394,8,334,26,48.8,391,1,8,53.9,3,Intermediate,53.0,68.0,2,Product Tier Ready
STU-2261,Vikram Deshmukh,Electrical & Electronics,8.56,6,72.1,1105,203,6,133,15,24.6,82,1,3,19.2,2,Advanced,61.3,51.9,0,Not Ready
STU-2262,Divya Mehta,Computer Science,8.61,3,55.3,1015,131,6,155,12,24.9,271,3,7,55.7,6,Intermediate,73.0,56.2,1,Service Tier Ready
STU-2263,Dev Sharma,Information Technology,7.65,10,98.7,1286,238,4,170,6,21.2,484,1,2,49.4,6,Advanced,88.0,63.8,1,Service Tier Ready
STU-2264,Vikram Verma,Computer Science,9.23,6,63.3,956,77,2,118,5,14.3,322,2,6,51.1,2,Production-Grade,73.3,56.6,1,Service Tier Ready
STU-2265,Sneha Chatterjee,Computer Science,7.78,5,59.8,1032,84,5,192,8,25.0,129,3,8,46.3,4,Basic,41.7,47.6,0,Not Ready
STU-2266,Amit Gupta,Information Technology,8.56,11,100.0,1239,203,8,268,13,36.8,108,1,3,21.3,0,Intermediate,33.0,56.6,1,Service Tier Ready
STU-2267,Pooja Singh,Information Technology,7.8,4,56.5,800,60,6,238,10,30.8,463,1,9,61.7,2,Basic,28.3,43.2,0,Not Ready
STU-2268,Varun Sharma,Electronics & Comm,9.52,2,35.2,845,18,4,205,7,24.6,398,3,9,69.8,1,Intermediate,39.7,45.1,0,Not Ready
STU-2269,Divya Patel,Computer Science,7.78,8,82.5,814,1,6,586,9,59.3,355,1,3,41.1,4,Intermediate,59.7,52.2,1,Service Tier Ready
STU-2270,Tanvi Reddy,Electronics & Comm,7.49,4,59.8,1175,209,6,152,12,24.7,439,2,3,54.5,1,Intermediate,39.7,50.8,0,Not Ready
STU-2271,Pooja Gupta,Mechanical,8.13,11,100.0,983,114,16,292,24,52.3,119,1,5,26.2,1,Intermediate,39.7,46.7,0,Not Ready
STU-2272,Dev Chatterjee,Electrical & Electronics,7.83,2,42.7,1410,296,9,204,17,34.5,405,5,9,83.7,1,Intermediate,39.7,58.1,1,Service Tier Ready
STU-2273,Rohan Joshi,Computer Science,9.53,11,96.9,1045,137,8,386,17,48.7,54,1,1,13.0,2,Basic,28.3,53.0,1,Service Tier Ready
STU-2274,Vikram Kumar,Information Technology,7.89,11,97.1,893,139,10,188,17,34.2,190,3,1,37.2,3,Basic,35.0,47.9,0,Not Ready
STU-2275,Pooja Singh,Computer Science,9.77,9,88.6,970,107,3,158,10,21.2,224,2,1,33.3,1,Basic,21.7,49.1,0,Not Ready
STU-2276,Siddharth Mehta,Computer Science,8.35,9,97.3,1331,238,3,109,18,21.1,230,2,4,39.7,6,Intermediate,73.0,64.0,1,Service Tier Ready
STU-2277,Rahul Rao,Civil,9.17,4,55.9,918,97,10,434,16,54.2,450,1,7,56.7,5,Intermediate,66.3,52.8,1,Service Tier Ready
STU-2278,Priya Sharma,Computer Science,7.98,11,100.0,2128,704,9,425,17,52.9,195,3,2,39.6,1,Basic,21.7,76.0,2,Product Tier Ready
STU-2279,Shruti Patel,Information Technology,9.49,4,49.8,1847,553,4,225,7,26.2,251,1,3,32.7,1,Advanced,54.7,76.3,2,Product Tier Ready
STU-2280,Riya Kumar,Electronics & Comm,8.93,3,49.9,1523,409,16,298,26,53.8,312,3,4,53.0,2,Intermediate,46.3,66.7,1,Service Tier Ready
STU-2281,Arjun Chawla,Electronics & Comm,7.9,9,93.9,1731,512,9,164,13,29.2,42,4,1,32.0,3,Intermediate,53.0,69.3,2,Product Tier Ready
STU-2282,Meera Verma,Information Technology,9.7,10,93.3,1034,132,4,86,6,14.2,436,1,2,45.5,3,Advanced,68.0,61.2,1,Service Tier Ready
STU-2283,Rahul Chatterjee,Computer Science,8.1,5,58.9,1121,193,5,128,13,22.2,480,3,2,62.4,3,Production-Grade,80.0,61.4,1,Service Tier Ready
STU-2284,Rahul Iyengar,Computer Science,8.3,5,57.4,1263,276,11,225,17,38.2,372,0,6,41.8,2,Basic,28.3,57.8,1,Service Tier Ready
STU-2285,Dev Rao,Information Technology,8.98,6,61.5,1299,238,14,298,25,51.3,384,1,4,45.4,5,Intermediate,66.3,66.3,1,Service Tier Ready
STU-2286,Divya Nair,Computer Science,8.06,4,45.0,1644,474,6,123,13,22.8,275,0,7,36.0,1,Production-Grade,66.7,70.1,2,Product Tier Ready
STU-2287,Yash Chawla,Information Technology,6.9,6,70.9,1285,291,13,373,41,64.6,117,0,8,25.4,1,Basic,21.7,55.9,1,Service Tier Ready
STU-2288,Riya Rao,Computer Science,9.76,5,53.4,2177,750,10,366,19,50.0,468,1,2,48.1,6,Basic,55.0,86.3,3,Dream Tier Ready
STU-2289,Priya Patel,Computer Science,7.8,9,92.6,1064,135,8,210,12,31.5,450,4,2,66.7,1,Intermediate,39.7,54.7,1,Service Tier Ready
STU-2290,Rohan Reddy,Information Technology,7.33,6,55.7,1411,381,4,385,9,40.6,169,2,5,36.9,4,Intermediate,59.7,66.4,1,Service Tier Ready
STU-2291,Neha Chawla,Computer Science,9.09,8,84.4,1214,248,10,192,17,34.5,339,2,4,48.5,2,Basic,28.3,57.5,1,Service Tier Ready
STU-2292,Yash Reddy,Information Technology,8.63,5,57.9,1215,278,8,155,21,31.4,285,2,10,56.1,5,Intermediate,66.3,61.9,1,Service Tier Ready
STU-2293,Rohan Chatterjee,Electronics & Comm,8.53,3,47.7,1109,101,13,256,24,46.3,305,4,2,55.1,3,Intermediate,53.0,53.5,1,Service Tier Ready
STU-2294,Tanvi Deshmukh,Electrical & Electronics,8.82,9,86.7,1363,323,7,527,13,57.4,175,4,9,58.7,3,Advanced,68.0,67.2,1,Service Tier Ready
STU-2295,Siddharth Mehta,Computer Science,9.46,5,57.7,1660,497,6,161,12,25.4,36,2,9,34.2,4,Advanced,74.7,76.2,2,Product Tier Ready
STU-2296,Pooja Iyengar,Computer Science,9.03,10,89.4,891,65,8,401,14,48.4,275,5,10,75.3,4,Advanced,74.7,61.6,1,Service Tier Ready
STU-2297,Rohan Kumar,Computer Science,7.02,7,73.8,1192,239,9,184,16,32.3,375,3,4,58.0,0,Intermediate,33.0,52.8,1,Service Tier Ready
STU-2298,Meera Nair,Electronics & Comm,6.74,9,95.6,1024,130,8,331,17,44.1,233,1,2,29.3,6,Intermediate,73.0,52.0,1,Service Tier Ready
STU-2299,Kavya Deshmukh,Electronics & Comm,9.36,10,98.7,2211,750,3,91,4,12.6,269,2,3,40.9,2,Intermediate,46.3,78.4,2,Product Tier Ready
STU-2300,Neha Iyengar,Computer Science,9.9,10,89.1,1092,160,9,294,17,42.0,123,4,8,52.5,1,Basic,21.7,58.0,1,Service Tier Ready
STU-2301,Yash Chawla,Mechanical,9.08,10,93.5,889,88,13,600,19,72.5,415,2,8,62.5,3,Basic,35.0,52.3,1,Service Tier Ready
STU-2302,Yash Mehta,Computer Science,8.34,8,79.0,915,96,3,324,12,36.0,339,5,7,74.5,3,Basic,35.0,48.4,0,Not Ready
STU-2303,Neha Chatterjee,Information Technology,8.75,4,55.7,1264,253,5,267,18,36.2,37,0,4,11.0,2,Basic,28.3,55.5,1,Service Tier Ready
STU-2304,Pooja Kumar,Electronics & Comm,8.54,9,80.3,830,40,7,131,16,25.9,446,1,1,44.3,3,Intermediate,53.0,45.4,0,Not Ready
STU-2305,Sneha Verma,Mechanical,8.82,8,86.2,1204,230,7,219,15,32.8,459,3,10,76.7,0,Advanced,48.0,57.7,1,Service Tier Ready
STU-2306,Aditya Chatterjee,Electronics & Comm,9.0,10,100.0,1931,555,10,360,26,53.0,199,2,9,47.3,2,Basic,28.3,76.0,2,Product Tier Ready
STU-2307,Vikram Rao,Electrical & Electronics,8.58,6,67.8,1493,413,11,248,17,40.2,148,0,7,25.8,1,Intermediate,39.7,61.7,1,Service Tier Ready
STU-2308,Riya Sharma,Computer Science,8.31,5,58.9,819,51,8,275,13,37.4,275,0,1,24.0,4,Advanced,74.7,51.2,0,Not Ready
STU-2309,Pooja Kumar,Electrical & Electronics,9.32,3,51.3,2112,750,13,248,22,44.7,157,0,5,22.6,3,Basic,35.0,73.1,2,Product Tier Ready
STU-2310,Varun Gupta,Computer Science,8.2,8,75.7,1228,288,4,91,6,14.6,251,3,3,46.1,6,Advanced,88.0,65.1,1,Service Tier Ready
STU-2311,Dev Chatterjee,Mechanical,8.33,7,80.1,1017,85,16,391,37,67.1,92,1,2,18.0,3,Advanced,68.0,52.7,1,Service Tier Ready
STU-2312,Meera Patel,Information Technology,9.2,7,69.3,800,14,10,237,15,37.2,146,3,3,37.7,3,Basic,35.0,47.0,0,Not Ready
STU-2313,Divya Chawla,Electrical & Electronics,9.4,11,100.0,826,42,5,114,11,20.0,138,0,6,23.0,1,Advanced,54.7,47.1,0,Not Ready
STU-2314,Rohan Verma,Information Technology,9.33,9,78.5,1402,372,4,105,7,16.2,263,0,7,35.0,3,Advanced,68.0,70.8,2,Product Tier Ready
STU-2315,Kavya Singh,Electronics & Comm,9.02,2,35.5,801,48,4,168,6,21.0,234,3,10,58.7,3,Basic,35.0,41.0,0,Not Ready
STU-2316,Yash Iyengar,Information Technology,9.12,2,41.0,907,61,6,237,9,30.2,117,1,9,34.0,2,Advanced,61.3,53.4,1,Service Tier Ready
STU-2317,Riya Kumar,Electronics & Comm,8.16,5,63.6,1333,317,7,149,11,24.9,446,4,10,82.3,1,Intermediate,39.7,60.0,1,Service Tier Ready
STU-2318,Ishita Chatterjee,Computer Science,7.48,9,85.5,1026,176,5,400,7,41.8,354,2,7,55.7,6,Advanced,88.0,62.2,1,Service Tier Ready
STU-2319,Ishita Deshmukh,Computer Science,6.73,6,73.3,1413,351,8,144,23,31.5,409,1,1,41.4,2,Intermediate,46.3,63.1,1,Service Tier Ready
STU-2320,Varun Verma,Computer Science,9.21,10,89.7,1327,283,10,300,16,43.0,269,1,7,42.2,2,Intermediate,46.3,65.0,1,Service Tier Ready
STU-2321,Vikram Gupta,Computer Science,8.79,4,47.5,878,56,16,322,24,54.8,227,1,1,26.8,5,Intermediate,66.3,53.0,1,Service Tier Ready
STU-2322,Amit Verma,Mechanical,8.03,7,67.4,1699,483,6,173,14,27.4,33,2,8,32.0,4,Intermediate,59.7,69.2,2,Product Tier Ready
STU-2323,Dev Reddy,Computer Science,8.96,7,75.1,1041,87,11,282,18,43.5,135,1,2,21.5,3,Advanced,68.0,55.4,1,Service Tier Ready
STU-2324,Tanvi Kumar,Civil,7.72,5,59.3,1195,197,8,226,19,36.3,136,0,2,14.9,2,Advanced,61.3,48.9,0,Not Ready
STU-2325,Pooja Patel,Computer Science,9.44,3,39.9,1267,254,8,293,19,41.9,281,2,1,37.8,3,Intermediate,53.0,63.7,1,Service Tier Ready
STU-2326,Meera Mehta,Computer Science,6.05,7,74.8,968,71,11,371,36,59.9,215,1,9,41.9,5,Production-Grade,93.3,55.8,1,Service Tier Ready
STU-2327,Varun Patel,Electrical & Electronics,8.14,11,96.2,2261,750,4,79,12,16.6,255,2,8,49.7,4,Advanced,74.7,76.6,2,Product Tier Ready
STU-2328,Vikram Singh,Electronics & Comm,9.83,4,54.4,990,146,10,301,15,42.6,442,2,9,66.7,6,Advanced,88.0,64.3,1,Service Tier Ready
STU-2329,Karan Chawla,Information Technology,7.69,9,92.6,862,17,7,176,14,28.7,50,0,8,20.0,1,Intermediate,39.7,43.5,0,Not Ready
STU-2330,Ananya Deshmukh,Information Technology,9.82,3,40.6,1810,589,6,278,11,34.7,183,2,4,36.0,1,Intermediate,39.7,74.3,2,Product Tier Ready
STU-2331,Priya Kumar,Electronics & Comm,7.28,4,51.0,1215,224,6,201,11,28.2,253,1,9,44.9,2,Intermediate,46.3,51.4,0,Not Ready
STU-2332,Vikram Nair,Computer Science,7.95,10,100.0,1221,271,9,163,14,29.6,115,3,8,45.2,3,Intermediate,53.0,61.8,1,Service Tier Ready
STU-2333,Neha Patel,Civil,8.17,3,43.7,1123,159,5,199,8,25.6,70,3,1,27.6,2,Production-Grade,73.3,49.7,0,Not Ready
STU-2334,Siddharth Chawla,Civil,9.31,11,99.3,1490,376,9,421,18,53.1,363,3,10,69.0,1,Basic,21.7,62.4,1,Service Tier Ready
STU-2335,Yash Rao,Electronics & Comm,8.35,2,50.7,894,11,11,206,16,36.2,447,2,5,59.1,1,Intermediate,39.7,41.3,0,Not Ready
STU-2336,Pooja Kumar,Computer Science,7.17,4,58.2,908,68,7,194,10,28.2,201,5,9,67.4,3,Basic,35.0,44.9,0,Not Ready
STU-2337,Kavya Deshmukh,Electronics & Comm,9.63,11,100.0,1029,136,11,296,18,44.7,414,2,8,62.5,2,Advanced,61.3,59.9,1,Service Tier Ready
STU-2338,Rohan Nair,Computer Science,8.96,7,77.1,871,48,4,93,11,17.2,189,3,1,37.1,4,Basic,41.7,47.2,0,Not Ready
STU-2339,Aditya Mehta,Computer Science,8.91,9,76.0,1416,274,7,231,18,35.2,189,1,6,33.8,3,Intermediate,53.0,65.9,1,Service Tier Ready
STU-2340,Meera Nair,Computer Science,8.74,11,98.6,1047,120,8,149,15,27.9,80,2,6,31.7,3,Intermediate,53.0,54.8,1,Service Tier Ready
STU-2341,Vikram Mehta,Information Technology,9.39,6,65.5,1056,105,6,344,16,42.7,147,4,2,42.4,0,Basic,15.0,49.1,0,Not Ready
STU-2342,Kavya Joshi,Mechanical,6.35,3,43.4,866,17,9,305,13,40.9,309,1,2,35.4,4,Intermediate,59.7,38.4,0,Not Ready
STU-2343,Meera Verma,Electronics & Comm,8.88,9,84.1,1348,280,9,445,15,53.6,201,2,1,31.4,4,Advanced,74.7,67.1,1,Service Tier Ready
STU-2344,Karan Mehta,Electronics & Comm,9.5,3,48.9,1376,361,11,252,17,40.5,498,4,6,78.5,3,Basic,35.0,62.7,1,Service Tier Ready
STU-2345,Neha Joshi,Information Technology,8.34,5,58.4,1004,129,5,93,10,17.8,361,3,9,66.9,4,Production-Grade,86.7,58.0,1,Service Tier Ready
STU-2346,Varun Patel,Computer Science,7.96,10,94.3,1069,167,6,149,19,27.9,113,2,8,38.4,3,Basic,35.0,53.0,1,Service Tier Ready
STU-2347,Neha Mehta,Information Technology,8.57,8,79.1,946,80,7,198,10,28.5,322,1,5,42.4,1,Intermediate,39.7,48.0,0,Not Ready
STU-2348,Divya Iyengar,Civil,7.16,4,50.5,1232,243,7,400,14,47.3,369,1,8,52.2,1,Advanced,54.7,51.8,0,Not Ready
STU-2349,Divya Gupta,Computer Science,7.86,2,42.2,800,38,4,286,12,33.8,95,0,2,11.6,7,Intermediate,79.7,47.6,0,Not Ready
STU-2350,Varun Sharma,Mechanical,9.74,7,77.3,1102,167,7,216,15,32.5,299,2,6,49.3,2,Intermediate,46.3,54.4,1,Service Tier Ready
STU-2351,Aarav Verma,Information Technology,8.76,10,98.8,1136,243,9,292,13,39.8,430,3,2,58.4,6,Basic,55.0,63.9,1,Service Tier Ready
STU-2352,Ananya Mehta,Information Technology,7.44,5,60.0,1812,541,6,415,9,45.1,373,3,8,65.8,4,Advanced,74.7,79.5,2,Product Tier Ready
STU-2353,Varun Nair,Electronics & Comm,7.63,8,81.0,977,96,7,316,10,38.3,300,2,2,41.3,6,Basic,55.0,48.9,0,Not Ready
STU-2354,Amit Rao,Information Technology,9.17,4,51.4,1429,315,10,287,15,41.4,90,1,5,23.9,2,Advanced,61.3,69.2,2,Product Tier Ready
STU-2355,Varun Singh,Mechanical,9.5,2,43.2,1138,182,8,221,17,34.9,206,4,7,57.1,3,Intermediate,53.0,54.7,1,Service Tier Ready
STU-2356,Divya Mehta,Mechanical,8.38,6,63.1,1723,526,4,136,8,19.3,383,2,7,58.0,1,Intermediate,39.7,64.0,1,Service Tier Ready
STU-2357,Aarav Reddy,Information Technology,8.77,2,39.5,973,140,11,339,21,49.8,146,0,4,19.7,3,Production-Grade,80.0,58.8,1,Service Tier Ready
STU-2358,Amit Kumar,Computer Science,9.1,3,45.5,942,90,4,237,7,27.2,165,2,8,42.5,3,Advanced,68.0,54.8,1,Service Tier Ready
STU-2359,Kavya Mehta,Information Technology,9.58,8,75.8,1626,481,6,132,9,21.5,288,3,7,57.0,2,Advanced,61.3,76.3,2,Product Tier Ready
STU-2360,Kavya Reddy,Mechanical,8.72,2,37.7,868,28,9,226,18,36.8,285,2,10,56.1,1,Advanced,54.7,45.0,0,Not Ready
STU-2361,Sneha Chatterjee,Computer Science,9.85,7,72.6,892,63,15,417,26,62.8,360,3,5,58.8,2,Basic,28.3,54.9,1,Service Tier Ready
STU-2362,Tanvi Singh,Electronics & Comm,9.32,8,85.8,862,18,3,166,4,18.8,440,2,4,56.5,3,Advanced,68.0,53.5,1,Service Tier Ready
STU-2363,Kavya Reddy,Electronics & Comm,7.25,5,61.3,1571,391,11,287,26,47.9,422,1,2,44.4,5,Basic,48.3,64.3,1,Service Tier Ready
STU-2364,Rohan Iyengar,Electronics & Comm,8.97,5,63.6,800,18,9,201,14,32.8,300,2,2,41.3,3,Intermediate,53.0,49.0,0,Not Ready
STU-2365,Ananya Patel,Computer Science,9.36,3,38.3,1548,416,8,237,16,35.8,61,0,4,12.9,2,Basic,28.3,64.5,1,Service Tier Ready
STU-2366,Dev Singh,Electronics & Comm,8.82,6,62.4,1101,169,10,274,15,40.3,283,3,8,58.6,1,Advanced,54.7,58.0,1,Service Tier Ready
STU-2367,Riya Reddy,Mechanical,8.44,8,87.1,844,16,7,182,12,28.2,296,0,6,35.7,2,Advanced,61.3,46.1,0,Not Ready
STU-2368,Aditya Gupta,Computer Science,6.6,5,55.7,1068,130,3,376,17,42.8,416,3,9,71.3,6,Basic,55.0,52.0,1,Service Tier Ready
STU-2369,Divya Patel,Computer Science,8.34,9,88.7,1003,69,7,231,19,35.8,311,3,2,48.9,4,Intermediate,59.7,57.3,1,Service Tier Ready
STU-2370,Siddharth Deshmukh,Civil,8.3,9,85.0,1135,217,6,298,10,35.8,36,4,7,43.5,0,Intermediate,33.0,49.6,0,Not Ready
STU-2371,Yash Gupta,Computer Science,8.78,8,84.9,1138,232,11,211,24,40.6,377,0,1,32.2,5,Intermediate,66.3,62.3,1,Service Tier Ready
STU-2372,Shruti Deshmukh,Mechanical,8.44,4,51.3,1093,158,8,285,13,38.2,468,0,2,41.4,3,Intermediate,53.0,51.2,0,Not Ready
STU-2373,Pooja Singh,Information Technology,9.16,11,100.0,912,50,7,218,18,34.2,68,2,9,36.8,4,Intermediate,59.7,55.4,1,Service Tier Ready
STU-2374,Vikram Chatterjee,Computer Science,6.87,10,91.0,1221,214,9,198,18,34.5,33,3,8,38.6,5,Intermediate,66.3,56.8,1,Service Tier Ready
STU-2375,Pooja Kumar,Mechanical,9.83,9,85.9,1436,375,8,158,13,27.7,59,2,9,36.1,0,Advanced,48.0,65.6,1,Service Tier Ready
STU-2376,Meera Verma,Information Technology,9.24,11,100.0,1208,271,7,173,20,31.4,195,2,7,42.9,5,Intermediate,66.3,65.9,1,Service Tier Ready
STU-2377,Siddharth Rao,Information Technology,9.7,2,38.7,1559,388,7,184,13,28.8,336,1,10,53.5,2,Advanced,61.3,73.5,2,Product Tier Ready
STU-2378,Dev Verma,Information Technology,8.26,10,89.7,940,64,6,123,10,21.2,491,2,9,70.6,2,Basic,28.3,48.4,0,Not Ready
STU-2379,Rahul Reddy,Information Technology,9.22,8,84.7,1648,482,9,272,14,38.7,65,0,4,13.2,4,Basic,41.7,71.3,2,Product Tier Ready
STU-2380,Sneha Patel,Computer Science,8.96,11,98.3,834,79,8,180,23,34.5,380,1,3,43.1,0,Basic,15.0,46.1,0,Not Ready
STU-2381,Priya Sharma,Information Technology,8.37,11,100.0,800,9,5,254,13,32.7,240,2,4,40.5,4,Basic,41.7,48.0,0,Not Ready
STU-2382,Kavya Singh,Civil,8.02,5,58.3,1556,401,7,230,12,32.2,142,4,5,48.0,2,Production-Grade,73.3,65.2,1,Service Tier Ready
STU-2383,Divya Singh,Computer Science,8.15,6,72.4,1930,616,8,181,13,29.6,146,1,10,38.3,1,Intermediate,39.7,79.3,2,Product Tier Ready
STU-2384,Sneha Deshmukh,Electronics & Comm,8.67,8,88.3,1146,231,9,206,14,33.2,345,1,4,42.3,3,Intermediate,53.0,58.4,1,Service Tier Ready
STU-2385,Neha Deshmukh,Computer Science,8.09,9,88.3,946,64,10,464,16,56.7,80,2,4,27.7,6,Intermediate,73.0,57.8,1,Service Tier Ready
STU-2386,Siddharth Chawla,Electrical & Electronics,9.89,5,45.8,914,66,7,421,10,47.1,489,3,7,73.1,5,Intermediate,66.3,53.6,1,Service Tier Ready
STU-2387,Varun Iyengar,Computer Science,9.07,8,79.6,1136,152,9,216,16,35.0,462,2,4,58.3,3,Basic,35.0,57.8,1,Service Tier Ready
STU-2388,Siddharth Rao,Civil,6.35,7,71.5,1609,469,8,257,12,35.4,44,1,4,18.2,1,Intermediate,39.7,56.9,1,Service Tier Ready
STU-2389,Neha Reddy,Information Technology,8.26,10,94.4,830,34,10,571,15,65.1,230,3,9,56.4,2,Intermediate,46.3,52.2,1,Service Tier Ready
STU-2390,Karan Reddy,Computer Science,8.62,5,64.2,1469,369,3,566,8,54.2,376,3,9,68.1,2,Production-Grade,73.3,76.8,2,Product Tier Ready
STU-2391,Riya Chawla,Computer Science,8.38,5,57.3,908,72,14,259,21,46.1,153,1,5,28.9,3,Intermediate,53.0,49.4,0,Not Ready
STU-2392,Kavya Reddy,Computer Science,8.52,4,52.4,1386,350,13,314,26,52.2,369,3,9,67.5,3,Production-Grade,80.0,71.8,2,Product Tier Ready
STU-2393,Aarav Verma,Information Technology,7.35,9,89.6,1885,552,7,255,10,33.2,185,2,2,32.1,2,Intermediate,46.3,73.0,2,Product Tier Ready
STU-2394,Arjun Kumar,Computer Science,9.0,9,90.4,1110,133,8,164,15,29.2,438,3,5,65.0,2,Basic,28.3,56.7,1,Service Tier Ready
STU-2395,Dev Rao,Electrical & Electronics,8.92,5,61.7,1002,139,9,334,18,45.8,237,2,7,46.3,7,Intermediate,79.7,56.0,1,Service Tier Ready
STU-2396,Aditya Joshi,Information Technology,7.93,4,48.8,1396,325,7,189,11,28.2,495,0,8,55.6,3,Advanced,68.0,63.8,1,Service Tier Ready
STU-2397,Pooja Sharma,Computer Science,9.1,7,79.2,1024,167,11,266,25,45.7,271,5,5,65.0,3,Intermediate,53.0,59.7,1,Service Tier Ready
STU-2398,Ananya Nair,Electronics & Comm,8.46,10,96.0,1333,249,6,140,11,23.2,193,0,9,33.4,6,Basic,55.0,58.0,1,Service Tier Ready
STU-2399,Riya Joshi,Electronics & Comm,9.27,9,78.7,1259,234,10,215,16,35.9,289,4,3,55.8,2,Basic,28.3,57.0,1,Service Tier Ready
STU-2400,Amit Mehta,Computer Science,7.17,8,75.7,952,57,8,152,21,31.2,306,4,8,67.1,5,Basic,48.3,48.2,0,Not Ready
STU-2401,Riya Nair,Computer Science,9.79,8,80.3,1491,391,11,466,24,61.8,376,4,9,74.7,3,Intermediate,53.0,76.2,2,Product Tier Ready
STU-2402,Meera Sharma,Computer Science,7.53,6,68.9,1004,81,7,174,15,29.0,222,4,7,58.4,4,Advanced,74.7,54.6,1,Service Tier Ready
STU-2403,Priya Singh,Electronics & Comm,8.11,3,50.0,1847,549,9,179,14,30.9,354,0,5,38.3,4,Intermediate,59.7,70.5,2,Product Tier Ready
STU-2404,Vikram Chawla,Electronics & Comm,7.77,10,100.0,939,82,5,105,9,18.2,267,2,9,52.7,1,Advanced,54.7,49.3,0,Not Ready
STU-2405,Rahul Iyengar,Information Technology,7.89,4,52.5,1259,287,9,214,18,35.8,423,1,8,56.5,0,Intermediate,33.0,56.6,1,Service Tier Ready
STU-2406,Pooja Chatterjee,Electrical & Electronics,8.75,10,95.3,1030,116,9,262,14,37.8,79,0,8,22.3,6,Intermediate,73.0,53.0,1,Service Tier Ready
STU-2407,Arjun Gupta,Electrical & Electronics,6.23,11,95.9,991,110,4,222,8,26.5,242,0,6,31.4,3,Basic,35.0,39.2,0,Not Ready
STU-2408,Ananya Singh,Information Technology,9.37,3,47.0,1083,106,4,330,11,37.0,295,2,2,40.9,1,Advanced,54.7,57.1,1,Service Tier Ready
STU-2409,Ananya Joshi,Mechanical,9.01,2,40.8,1338,298,10,280,19,42.8,119,3,4,37.5,1,Intermediate,39.7,56.0,1,Service Tier Ready
STU-2410,Meera Rao,Computer Science,7.65,11,100.0,1172,204,8,198,17,33.0,173,2,1,29.2,3,Intermediate,53.0,55.9,1,Service Tier Ready
STU-2411,Pooja Kumar,Computer Science,7.55,8,85.4,1653,452,9,216,22,38.0,195,1,10,42.3,5,Intermediate,66.3,72.7,2,Product Tier Ready
STU-2412,Kavya Verma,Computer Science,8.8,2,40.4,936,76,5,175,21,30.1,96,1,5,24.3,4,Basic,41.7,45.6,0,Not Ready
STU-2413,Arjun Kumar,Computer Science,9.18,9,89.8,1300,259,6,185,11,26.9,49,3,10,43.9,3,Intermediate,53.0,64.1,1,Service Tier Ready
STU-2414,Dev Chatterjee,Information Technology,8.24,4,54.0,1323,306,11,300,16,44.0,140,1,1,19.9,2,Intermediate,46.3,59.7,1,Service Tier Ready
STU-2415,Meera Nair,Mechanical,8.05,4,52.4,823,44,11,267,23,44.8,98,3,6,39.8,1,Intermediate,39.7,42.0,0,Not Ready
STU-2416,Divya Mehta,Computer Science,6.84,10,96.8,984,128,10,186,15,33.0,483,2,10,72.0,3,Intermediate,53.0,53.2,1,Service Tier Ready
STU-2417,Divya Verma,Computer Science,9.47,2,36.7,1105,179,9,231,14,35.2,54,1,8,27.0,7,Intermediate,79.7,62.6,1,Service Tier Ready
STU-2418,Vikram Verma,Information Technology,8.68,8,74.8,1041,131,8,146,16,28.2,374,3,10,69.9,2,Intermediate,46.3,54.2,1,Service Tier Ready
STU-2419,Arjun Gupta,Mechanical,8.94,3,42.1,977,85,10,199,20,36.6,339,3,1,49.1,5,Advanced,81.3,55.5,1,Service Tier Ready
STU-2420,Siddharth Kumar,Computer Science,7.6,4,53.9,1247,236,10,229,19,38.6,41,4,6,41.9,3,Intermediate,53.0,57.9,1,Service Tier Ready
STU-2421,Pooja Chatterjee,Information Technology,8.01,11,100.0,906,59,9,242,15,36.7,94,5,4,48.9,1,Basic,21.7,44.6,0,Not Ready
STU-2422,Vikram Rao,Computer Science,9.59,9,92.8,1264,288,3,74,14,16.2,211,2,9,48.2,4,Advanced,74.7,67.1,1,Service Tier Ready
STU-2423,Divya Kumar,Computer Science,9.43,4,64.4,1878,580,13,266,26,48.2,263,3,8,57.0,1,Basic,21.7,77.0,2,Product Tier Ready
STU-2424,Arjun Kumar,Civil,7.65,3,47.9,1072,193,9,208,17,34.8,352,1,4,42.8,3,Advanced,68.0,50.6,0,Not Ready
STU-2425,Ananya Sharma,Civil,8.49,8,76.0,1153,229,9,183,15,31.8,434,2,2,52.1,2,Intermediate,46.3,55.2,1,Service Tier Ready
STU-2426,Ananya Patel,Computer Science,8.22,4,50.6,906,58,8,813,14,82.8,162,1,6,31.6,0,Basic,15.0,47.4,0,Not Ready
STU-2427,Yash Gupta,Civil,8.79,9,94.0,1624,436,4,235,6,26.6,215,1,3,29.9,5,Advanced,81.3,71.0,2,Product Tier Ready
STU-2428,Riya Kumar,Electronics & Comm,8.07,5,64.7,986,86,9,328,19,45.8,108,1,1,17.3,2,Intermediate,46.3,45.7,0,Not Ready
STU-2429,Dev Patel,Mechanical,7.34,7,75.6,1223,238,11,282,24,46.5,161,4,7,53.5,2,Advanced,61.3,54.7,1,Service Tier Ready
STU-2430,Divya Chawla,Information Technology,9.7,9,82.7,2172,750,10,505,22,63.1,304,6,4,72.3,6,Intermediate,73.0,92.0,3,Dream Tier Ready
STU-2431,Karan Patel,Information Technology,8.47,5,63.7,1153,226,6,239,12,31.9,366,0,9,47.3,4,Intermediate,59.7,58.9,1,Service Tier Ready
STU-2432,Siddharth Chawla,Information Technology,9.52,6,66.9,1284,285,7,166,17,29.3,340,2,10,60.5,0,Production-Grade,60.0,65.3,1,Service Tier Ready
STU-2433,Divya Gupta,Electronics & Comm,7.65,4,54.3,1048,153,10,274,21,43.3,346,3,10,67.7,2,Intermediate,46.3,50.3,0,Not Ready
STU-2434,Neha Singh,Computer Science,9.5,5,70.4,805,30,7,204,17,32.5,229,2,3,37.7,2,Intermediate,46.3,52.2,1,Service Tier Ready
STU-2435,Divya Iyengar,Computer Science,8.84,11,100.0,1372,328,6,194,25,34.7,130,4,10,57.1,1,Intermediate,39.7,65.4,1,Service Tier Ready
STU-2436,Kavya Joshi,Computer Science,8.4,9,79.1,859,39,7,296,17,40.2,181,4,10,61.1,1,Intermediate,39.7,49.1,0,Not Ready
STU-2437,Siddharth Kumar,Electronics & Comm,9.06,8,85.0,1241,258,17,377,26,61.4,481,1,10,65.1,10,Intermediate,99.7,72.7,2,Product Tier Ready
STU-2438,Karan Kumar,Computer Science,8.13,7,68.3,815,16,6,238,15,33.3,245,0,1,21.6,3,Advanced,68.0,48.5,0,Not Ready
STU-2439,Riya Iyengar,Electronics & Comm,9.58,6,58.9,1382,403,9,190,15,32.3,176,2,2,31.4,5,Advanced,81.3,70.5,2,Product Tier Ready
STU-2440,Varun Nair,Civil,9.06,10,98.8,939,67,11,466,19,59.3,309,4,4,59.4,3,Basic,35.0,51.4,0,Not Ready
STU-2441,Riya Deshmukh,Computer Science,8.18,5,60.3,1121,190,13,243,25,45.8,339,1,7,47.8,5,Advanced,81.3,61.9,1,Service Tier Ready
STU-2442,Aarav Gupta,Electronics & Comm,8.62,4,49.8,1173,219,2,540,4,49.0,262,2,8,50.3,3,Production-Grade,80.0,61.5,1,Service Tier Ready
STU-2443,Siddharth Mehta,Information Technology,8.78,7,75.8,975,136,3,154,4,17.8,178,5,4,55.6,4,Intermediate,59.7,54.4,1,Service Tier Ready
STU-2444,Priya Singh,Mechanical,8.53,3,51.1,1030,85,9,225,18,36.8,366,3,3,55.3,5,Basic,48.3,49.3,0,Not Ready
STU-2445,Varun Nair,Computer Science,9.73,10,100.0,1121,134,5,127,16,23.6,485,2,10,72.1,4,Basic,41.7,62.1,1,Service Tier Ready
STU-2446,Shruti Deshmukh,Electronics & Comm,9.54,7,77.3,928,118,6,159,19,28.8,304,1,9,49.0,2,Basic,28.3,48.7,0,Not Ready
STU-2447,Yash Mehta,Electrical & Electronics,9.7,4,48.5,1004,120,10,332,21,48.2,488,1,8,61.7,4,Production-Grade,86.7,61.0,1,Service Tier Ready
STU-2448,Aarav Joshi,Mechanical,8.96,3,38.2,1065,122,2,51,13,12.8,210,4,6,55.5,7,Intermediate,79.7,53.5,1,Service Tier Ready
STU-2449,Riya Nair,Electronics & Comm,8.58,10,98.9,1115,185,11,227,23,41.4,463,2,9,68.4,3,Intermediate,53.0,57.7,1,Service Tier Ready
STU-2450,Amit Chatterjee,Information Technology,7.18,11,99.1,879,61,7,139,10,23.6,180,3,8,50.4,3,Intermediate,53.0,47.6,0,Not Ready
STU-2451,Varun Joshi,Electronics & Comm,7.92,4,47.9,2116,750,6,163,10,24.6,322,0,7,39.8,3,Basic,35.0,70.3,2,Product Tier Ready
STU-2452,Sneha Iyengar,Mechanical,8.79,7,75.6,1139,180,2,84,4,11.0,313,0,6,37.0,1,Intermediate,39.7,49.4,0,Not Ready
STU-2453,Ananya Joshi,Information Technology,9.13,10,93.3,1038,60,11,302,17,44.7,233,0,10,38.6,1,Advanced,54.7,56.4,1,Service Tier Ready
STU-2454,Riya Patel,Computer Science,8.3,4,52.7,1120,155,5,635,13,64.4,109,2,3,28.1,10,Intermediate,99.7,68.0,2,Product Tier Ready
STU-2455,Karan Mehta,Mechanical,9.13,10,94.1,1549,447,1,240,4,23.0,493,1,6,58.1,1,Basic,21.7,61.3,1,Service Tier Ready
STU-2456,Shruti Joshi,Electronics & Comm,8.46,3,53.0,824,31,8,356,19,47.2,491,0,4,47.3,2,Advanced,61.3,48.2,0,Not Ready
STU-2457,Arjun Patel,Electronics & Comm,8.44,5,64.6,1272,270,10,283,18,42.6,356,4,5,65.1,4,Production-Grade,86.7,67.2,1,Service Tier Ready
STU-2458,Tanvi Rao,Computer Science,7.7,11,98.2,1091,186,11,229,20,40.1,178,2,7,41.6,3,Intermediate,53.0,55.0,1,Service Tier Ready
STU-2459,Ananya Joshi,Electronics & Comm,9.53,4,52.6,850,57,5,138,9,21.0,306,2,7,51.8,1,Intermediate,39.7,45.4,0,Not Ready
STU-2460,Yash Verma,Information Technology,8.4,8,83.0,1458,345,9,190,19,34.3,454,0,9,54.3,2,Basic,28.3,62.4,1,Service Tier Ready
STU-2461,Aditya Sharma,Electronics & Comm,8.8,5,56.3,953,99,7,140,15,26.2,64,5,9,56.5,3,Intermediate,53.0,50.5,0,Not Ready
STU-2462,Dev Gupta,Computer Science,7.62,5,65.5,1000,101,8,201,13,31.2,395,3,6,63.6,6,Intermediate,73.0,57.9,1,Service Tier Ready
STU-2463,Ishita Patel,Electronics & Comm,8.58,2,32.8,1555,370,5,317,27,44.9,245,3,6,51.6,3,Advanced,68.0,68.0,2,Product Tier Ready
STU-2464,Ishita Iyengar,Civil,7.48,11,100.0,1196,235,13,370,21,54.3,30,2,2,19.7,7,Intermediate,79.7,58.2,1,Service Tier Ready
STU-2465,Aditya Singh,Computer Science,9.34,4,57.3,1666,474,7,544,12,58.3,235,1,8,41.5,6,Intermediate,73.0,80.4,2,Product Tier Ready
STU-2466,Karan Chatterjee,Civil,9.21,6,69.4,1148,222,10,201,19,36.2,497,3,3,65.8,1,Intermediate,39.7,55.7,1,Service Tier Ready
STU-2467,Divya Chawla,Information Technology,7.96,6,75.5,1348,293,9,231,14,35.2,121,3,1,31.7,3,Basic,35.0,57.9,1,Service Tier Ready
STU-2468,Riya Deshmukh,Mechanical,7.84,5,53.3,1545,378,11,355,23,52.1,495,3,4,67.6,4,Production-Grade,86.7,70.8,2,Product Tier Ready
STU-2469,Shruti Iyengar,Electrical & Electronics,9.9,8,79.5,914,29,9,223,18,36.6,480,3,5,68.4,3,Advanced,68.0,55.0,1,Service Tier Ready
STU-2470,Ananya Iyengar,Information Technology,8.26,11,93.8,1360,310,9,205,21,36.6,120,2,3,28.9,4,Intermediate,59.7,64.3,1,Service Tier Ready
STU-2471,Vikram Kumar,Electronics & Comm,9.04,11,100.0,1188,230,6,277,10,34.1,99,3,7,41.9,3,Basic,35.0,55.8,1,Service Tier Ready
STU-2472,Aditya Kumar,Mechanical,9.34,5,58.4,878,37,10,236,22,40.7,161,1,5,29.5,3,Advanced,68.0,50.2,0,Not Ready
STU-2473,Siddharth Mehta,Information Technology,8.09,8,93.1,1142,189,10,424,17,53.8,286,0,10,42.9,3,Intermediate,53.0,60.8,1,Service Tier Ready
STU-2474,Riya Kumar,Computer Science,9.65,7,79.1,886,35,7,157,10,25.1,434,5,5,78.1,3,Advanced,68.0,57.1,1,Service Tier Ready
STU-2475,Arjun Gupta,Electronics & Comm,7.96,7,77.1,1274,281,7,352,11,41.8,384,1,6,49.4,5,Basic,48.3,59.1,1,Service Tier Ready
STU-2476,Neha Reddy,Electrical & Electronics,8.43,6,73.1,1091,173,16,320,24,54.7,121,2,6,35.0,4,Intermediate,59.7,55.0,1,Service Tier Ready
STU-2477,Meera Gupta,Electrical & Electronics,8.75,9,84.6,1955,648,8,178,17,31.3,111,4,9,53.5,4,Intermediate,59.7,77.6,2,Product Tier Ready
STU-2478,Meera Gupta,Electrical & Electronics,8.26,10,97.4,946,63,11,252,17,40.5,401,1,3,44.7,4,Intermediate,59.7,51.3,0,Not Ready
STU-2479,Tanvi Chatterjee,Information Technology,9.67,10,84.8,1212,207,7,198,13,30.0,410,0,8,48.8,2,Intermediate,46.3,63.6,1,Service Tier Ready
STU-2480,Shruti Mehta,Electrical & Electronics,7.35,7,70.2,933,86,9,216,17,35.5,337,1,7,47.6,2,Basic,28.3,39.7,0,Not Ready
STU-2481,Amit Chatterjee,Computer Science,8.57,6,70.8,1142,222,7,324,16,42.0,128,2,9,41.6,1,Intermediate,39.7,56.5,1,Service Tier Ready
STU-2482,Yash Nair,Information Technology,9.71,2,47.2,1320,279,7,284,16,38.7,82,0,5,16.6,3,Advanced,68.0,65.7,1,Service Tier Ready
STU-2483,Divya Reddy,Computer Science,8.04,4,62.6,1331,275,8,181,17,31.6,370,2,7,56.9,7,Basic,61.7,63.2,1,Service Tier Ready
STU-2484,Aditya Rao,Computer Science,9.25,9,86.7,1457,369,6,179,9,25.4,109,5,8,58.1,1,Intermediate,39.7,65.6,1,Service Tier Ready
STU-2485,Rahul Kumar,Information Technology,7.06,2,42.3,1509,414,5,146,10,22.2,341,3,9,65.3,5,Intermediate,66.3,65.0,1,Service Tier Ready
STU-2486,Kavya Rao,Information Technology,7.49,2,38.0,876,56,5,95,8,16.9,388,2,8,60.4,0,Advanced,48.0,45.1,0,Not Ready
STU-2487,Kavya Chatterjee,Electronics & Comm,8.97,9,84.9,1045,91,3,191,10,23.9,486,7,2,89.5,1,Basic,21.7,50.9,0,Not Ready
STU-2488,Kavya Iyengar,Information Technology,7.73,8,92.8,1244,241,6,128,14,23.7,372,0,6,41.8,1,Intermediate,39.7,55.0,1,Service Tier Ready
STU-2489,Aditya Iyengar,Information Technology,8.59,3,41.6,1099,138,6,380,10,42.7,479,2,4,59.7,5,Intermediate,66.3,57.7,1,Service Tier Ready
STU-2490,Yash Reddy,Computer Science,8.43,7,72.5,873,63,4,122,10,19.2,480,1,4,53.1,7,Basic,61.7,51.7,0,Not Ready
STU-2491,Siddharth Reddy,Information Technology,9.73,10,100.0,1193,185,9,259,13,37.1,275,2,9,53.3,4,Intermediate,59.7,64.7,1,Service Tier Ready
STU-2492,Pooja Kumar,Computer Science,8.45,9,78.3,1089,136,8,314,17,42.7,318,0,7,39.4,3,Intermediate,53.0,57.2,1,Service Tier Ready
STU-2493,Shruti Nair,Computer Science,8.65,7,69.1,1054,144,6,127,15,24.1,308,2,6,50.0,2,Production-Grade,73.3,58.8,1,Service Tier Ready
STU-2494,Kavya Verma,Electronics & Comm,9.14,3,43.0,1509,377,6,185,10,26.4,291,1,2,33.9,3,Intermediate,53.0,62.6,1,Service Tier Ready
STU-2495,Varun Mehta,Electronics & Comm,8.28,4,51.3,1069,114,7,153,17,28.2,370,1,1,38.3,2,Basic,28.3,45.0,0,Not Ready
STU-2496,Meera Singh,Electronics & Comm,9.1,4,56.5,839,53,2,107,10,15.9,460,2,10,70.1,2,Intermediate,46.3,48.6,0,Not Ready
STU-2497,Arjun Deshmukh,Information Technology,9.76,10,95.1,809,20,9,248,14,36.7,471,0,4,45.7,2,Advanced,61.3,54.4,1,Service Tier Ready
STU-2498,Pooja Chatterjee,Information Technology,7.87,10,93.3,1557,406,12,234,19,41.0,290,0,9,41.2,2,Advanced,61.3,70.7,2,Product Tier Ready
STU-2499,Vikram Nair,Mechanical,8.77,6,63.3,2048,693,9,248,14,36.7,362,2,4,50.3,1,Production-Grade,66.7,78.2,2,Product Tier Ready
STU-2500,Ananya Nair,Information Technology,7.94,6,65.3,1274,252,10,240,16,38.0,261,0,2,24.9,3,Advanced,68.0,60.8,1,Service Tier Ready
STU-2501,Yash Verma,Information Technology,6.56,9,84.9,1068,130,7,199,12,29.6,277,2,8,51.5,3,Basic,35.0,46.9,0,Not Ready
STU-2502,Pooja Chawla,Computer Science,8.26,4,58.6,1838,563,11,433,19,56.6,284,2,6,48.1,7,Basic,61.7,78.3,2,Product Tier Ready
STU-2503,Dev Mehta,Computer Science,9.49,10,96.9,1195,227,3,120,4,15.0,490,3,1,61.2,3,Intermediate,53.0,64.3,1,Service Tier Ready
STU-2504,Rahul Iyengar,Information Technology,8.86,6,72.4,1496,392,7,190,10,27.8,112,4,4,43.6,5,Advanced,81.3,74.6,2,Product Tier Ready
STU-2505,Riya Rao,Information Technology,7.18,10,85.2,1466,327,8,207,16,33.2,294,4,10,70.2,4,Basic,41.7,60.5,1,Service Tier Ready
STU-2506,Aditya Deshmukh,Information Technology,9.38,11,100.0,1059,142,6,205,11,28.6,32,2,5,25.9,5,Basic,48.3,56.2,1,Service Tier Ready
STU-2507,Meera Nair,Information Technology,9.59,10,96.0,1134,148,8,189,12,29.8,474,0,1,39.9,5,Production-Grade,93.3,67.3,1,Service Tier Ready
STU-2508,Meera Iyengar,Electronics & Comm,8.22,5,58.2,1027,87,10,341,16,46.4,252,0,2,24.2,6,Production-Grade,100.0,59.2,1,Service Tier Ready
STU-2509,Rahul Patel,Electrical & Electronics,7.22,3,40.6,910,83,14,285,23,49.2,279,1,9,47.0,1,Basic,21.7,36.0,0,Not Ready
STU-2510,Priya Joshi,Electrical & Electronics,8.13,8,78.1,1387,306,7,161,14,27.4,221,5,1,53.0,2,Basic,28.3,54.6,1,Service Tier Ready
STU-2511,Shruti Joshi,Electronics & Comm,9.27,2,45.2,1568,457,9,250,14,36.8,75,3,8,42.0,3,Advanced,68.0,70.1,2,Product Tier Ready
STU-2512,Sneha Rao,Civil,8.07,8,80.5,1426,303,7,156,31,35.5,469,3,9,75.5,3,Intermediate,53.0,62.5,1,Service Tier Ready
STU-2513,Ananya Mehta,Computer Science,9.05,2,39.2,1061,140,8,153,14,27.8,324,3,2,49.9,0,Advanced,48.0,54.8,1,Service Tier Ready
STU-2514,Karan Rao,Computer Science,9.41,6,61.6,920,63,11,221,21,39.9,298,1,2,34.5,1,Intermediate,39.7,50.2,0,Not Ready
STU-2515,Amit Rao,Computer Science,9.08,2,42.7,800,22,9,406,23,54.3,70,3,7,39.6,5,Advanced,81.3,55.4,1,Service Tier Ready
STU-2516,Ananya Verma,Electronics & Comm,8.82,9,76.9,1000,128,7,127,10,22.6,168,2,10,46.8,3,Intermediate,53.0,51.6,0,Not Ready
STU-2517,Ishita Gupta,Mechanical,9.22,2,39.3,1048,132,12,230,21,41.7,70,1,9,30.3,5,Advanced,81.3,53.8,1,Service Tier Ready
STU-2518,Yash Reddy,Computer Science,7.35,7,70.5,1191,215,8,285,15,39.2,360,2,10,62.1,3,Intermediate,53.0,59.0,1,Service Tier Ready
STU-2519,Priya Mehta,Mechanical,7.01,2,44.4,800,4,10,570,15,65.0,204,0,9,34.3,2,Intermediate,46.3,38.0,0,Not Ready
STU-2520,Vikram Sharma,Computer Science,8.34,3,46.7,2193,750,9,278,18,41.2,462,3,3,63.0,6,Intermediate,73.0,84.3,3,Dream Tier Ready
STU-2521,Meera Chawla,Mechanical,8.67,5,62.7,987,104,5,345,8,37.8,478,0,7,52.2,5,Intermediate,66.3,51.4,0,Not Ready
STU-2522,Neha Singh,Information Technology,8.85,9,85.4,1476,404,11,391,21,54.1,320,1,6,44.3,0,Intermediate,33.0,67.0,1,Service Tier Ready
STU-2523,Amit Chawla,Computer Science,9.14,4,54.5,1194,199,14,317,22,51.4,448,0,8,51.8,2,Intermediate,46.3,60.3,1,Service Tier Ready
STU-2524,Riya Reddy,Information Technology,8.56,9,88.9,800,30,5,130,13,22.3,352,4,8,70.8,4,Basic,41.7,49.7,0,Not Ready
STU-2525,Amit Rao,Computer Science,7.3,8,81.7,1278,319,8,244,23,39.8,417,1,8,56.0,0,Advanced,48.0,59.6,1,Service Tier Ready
STU-2526,Kavya Gupta,Computer Science,9.2,7,75.1,1274,261,10,256,22,42.3,309,0,8,40.7,3,Basic,35.0,60.5,1,Service Tier Ready
STU-2527,Kavya Mehta,Computer Science,8.05,11,100.0,1052,169,4,74,8,14.2,123,0,10,29.8,1,Advanced,54.7,55.6,1,Service Tier Ready
STU-2528,Ananya Chawla,Electrical & Electronics,8.26,2,40.3,1107,166,3,369,5,36.2,381,2,6,55.8,1,Intermediate,39.7,47.3,0,Not Ready
STU-2529,Rohan Mehta,Information Technology,7.09,7,71.6,934,52,6,192,28,36.0,398,1,9,56.5,1,Intermediate,39.7,46.4,0,Not Ready
STU-2530,Varun Rao,Computer Science,7.79,7,70.2,1320,262,9,369,17,48.2,369,2,5,52.9,2,Intermediate,46.3,61.8,1,Service Tier Ready
STU-2531,Meera Iyengar,Electronics & Comm,7.8,11,99.6,1753,516,8,276,14,38.0,449,1,4,50.6,6,Production-Grade,100.0,80.6,2,Product Tier Ready
STU-2532,Shruti Deshmukh,Electronics & Comm,7.43,9,92.4,800,28,8,185,14,30.4,234,2,7,46.1,4,Basic,41.7,39.6,0,Not Ready
STU-2533,Ananya Chawla,Computer Science,7.49,7,71.7,879,64,9,393,14,48.8,85,3,3,32.8,1,Advanced,54.7,49.8,0,Not Ready
STU-2534,Neha Singh,Information Technology,9.26,3,51.7,1639,466,6,264,11,33.5,260,3,8,56.8,3,Basic,35.0,69.6,2,Product Tier Ready
STU-2535,Neha Chawla,Computer Science,8.77,11,100.0,926,70,6,164,9,24.2,289,4,8,65.8,3,Advanced,68.0,57.8,1,Service Tier Ready
STU-2536,Ananya Deshmukh,Computer Science,8.05,4,54.9,1161,227,5,273,9,32.2,249,2,5,43.3,6,Advanced,88.0,62.9,1,Service Tier Ready
STU-2537,Arjun Chatterjee,Electronics & Comm,8.05,3,41.5,1109,185,9,193,16,33.1,197,4,10,62.4,0,Production-Grade,60.0,53.7,1,Service Tier Ready
STU-2538,Riya Patel,Computer Science,9.15,4,57.1,1180,189,3,165,16,24.8,200,3,8,52.0,3,Advanced,68.0,64.4,1,Service Tier Ready
STU-2539,Shruti Deshmukh,Information Technology,7.85,2,37.2,1089,147,6,120,12,22.0,343,1,3,40.1,1,Intermediate,39.7,48.4,0,Not Ready
STU-2540,Kavya Chawla,Electronics & Comm,8.85,8,66.8,980,109,7,326,12,40.2,347,3,3,53.8,3,Basic,35.0,49.3,0,Not Ready
STU-2541,Ananya Sharma,Computer Science,9.36,6,70.8,900,27,4,202,6,23.8,420,1,4,48.3,2,Basic,28.3,48.0,0,Not Ready
STU-2542,Kavya Joshi,Information Technology,9.6,10,99.0,1252,288,10,196,20,36.3,166,4,9,57.9,6,Basic,55.0,66.4,1,Service Tier Ready
STU-2543,Divya Verma,Computer Science,7.73,8,78.6,1346,281,10,182,17,33.7,307,3,5,54.6,3,Basic,35.0,58.4,1,Service Tier Ready
STU-2544,Siddharth Nair,Civil,7.99,2,42.1,1273,244,7,175,10,26.6,289,1,6,41.8,2,Intermediate,46.3,51.1,0,Not Ready
STU-2545,Dev Mehta,Information Technology,9.0,2,31.6,1271,241,6,220,13,30.8,413,1,4,47.7,4,Advanced,74.7,64.5,1,Service Tier Ready
STU-2546,Meera Kumar,Electrical & Electronics,9.21,3,45.5,919,58,7,159,12,26.2,449,2,9,67.3,6,Basic,55.0,47.9,0,Not Ready
STU-2547,Riya Chawla,Information Technology,8.42,8,90.7,801,19,11,560,18,66.7,483,1,4,53.3,2,Basic,28.3,47.7,0,Not Ready
STU-2548,Vikram Deshmukh,Computer Science,6.86,8,76.8,1490,367,1,290,8,29.2,480,2,3,57.7,2,Intermediate,46.3,62.9,1,Service Tier Ready
STU-2549,Karan Reddy,Electronics & Comm,8.5,10,86.7,1079,167,7,217,11,30.6,320,0,2,29.6,2,Advanced,61.3,55.5,1,Service Tier Ready
STU-2550,Rahul Rao,Civil,7.91,4,52.7,974,91,11,235,18,39.6,318,0,3,31.4,3,Intermediate,53.0,44.2,0,Not Ready
STU-2551,Priya Gupta,Electronics & Comm,9.26,4,60.1,842,44,9,388,15,48.8,164,1,1,21.8,5,Intermediate,66.3,52.4,1,Service Tier Ready
STU-2552,Neha Iyengar,Electrical & Electronics,9.64,9,79.5,881,55,6,270,9,33.0,134,2,8,40.1,4,Intermediate,59.7,50.2,0,Not Ready
STU-2553,Dev Mehta,Mechanical,8.23,7,73.1,951,88,9,171,20,33.2,256,0,1,22.5,0,Intermediate,33.0,40.7,0,Not Ready
STU-2554,Rahul Iyengar,Computer Science,8.18,4,57.5,1458,355,7,190,17,31.3,468,0,6,49.4,1,Intermediate,39.7,62.6,1,Service Tier Ready
STU-2555,Neha Sharma,Computer Science,8.63,9,92.2,1809,545,10,577,19,67.6,406,2,2,49.8,5,Intermediate,66.3,82.3,2,Product Tier Ready
STU-2556,Shruti Gupta,Electronics & Comm,9.23,4,53.8,1728,469,12,276,27,48.5,460,1,3,49.5,1,Advanced,54.7,74.2,2,Product Tier Ready
STU-2557,Kavya Joshi,Information Technology,8.36,7,72.1,1802,553,7,396,11,45.5,219,4,9,62.2,3,Advanced,68.0,81.4,2,Product Tier Ready
STU-2558,Tanvi Chatterjee,Electrical & Electronics,9.56,2,41.0,1665,507,5,468,8,48.0,224,2,9,49.3,4,Advanced,74.7,74.1,2,Product Tier Ready
STU-2559,Aditya Patel,Mechanical,7.74,5,66.0,1190,195,11,246,16,39.5,93,4,6,46.1,1,Intermediate,39.7,48.2,0,Not Ready
STU-2560,Divya Deshmukh,Information Technology,8.79,7,71.1,917,56,5,423,11,45.8,406,0,7,46.5,2,Basic,28.3,46.5,0,Not Ready
STU-2561,Amit Chawla,Computer Science,9.52,6,71.5,1434,358,10,194,17,34.7,200,4,5,52.7,4,Basic,41.7,67.3,1,Service Tier Ready
STU-2562,Arjun Deshmukh,Electrical & Electronics,8.6,5,63.9,889,61,3,71,11,14.4,47,0,7,17.8,5,Intermediate,66.3,44.0,0,Not Ready
STU-2563,Ishita Kumar,Computer Science,8.41,11,100.0,907,77,7,158,13,26.7,288,4,6,61.7,2,Advanced,61.3,54.7,1,Service Tier Ready
STU-2564,Siddharth Verma,Electrical & Electronics,7.26,2,32.9,940,96,5,153,8,21.8,344,3,5,57.5,4,Intermediate,59.7,42.5,0,Not Ready
STU-2565,Arjun Mehta,Information Technology,9.35,5,56.0,1019,156,10,199,21,37.1,401,0,3,38.1,1,Production-Grade,66.7,60.6,1,Service Tier Ready
STU-2566,Priya Patel,Electronics & Comm,9.08,2,47.2,1001,85,11,239,18,39.9,219,2,2,34.9,2,Intermediate,46.3,48.6,0,Not Ready
STU-2567,Vikram Reddy,Computer Science,8.28,11,100.0,909,49,11,208,28,42.3,324,1,5,42.6,3,Basic,35.0,51.0,0,Not Ready
STU-2568,Siddharth Chawla,Electronics & Comm,9.9,5,61.9,1094,161,13,290,22,48.2,349,1,8,50.6,3,Advanced,68.0,61.0,1,Service Tier Ready
STU-2569,Sneha Sharma,Information Technology,9.09,4,65.3,1573,447,13,409,19,56.6,486,4,5,75.5,1,Advanced,54.7,75.7,2,Product Tier Ready
STU-2570,Rahul Singh,Information Technology,8.61,8,81.4,1239,214,12,306,25,50.0,282,5,3,61.9,3,Intermediate,53.0,63.0,1,Service Tier Ready
STU-2571,Sneha Reddy,Computer Science,8.71,7,67.9,1528,444,9,328,21,46.8,110,2,10,42.1,2,Basic,28.3,66.4,1,Service Tier Ready
STU-2572,Rahul Gupta,Electronics & Comm,9.02,7,66.9,923,72,9,176,15,31.2,89,3,3,33.1,3,Basic,35.0,48.5,0,Not Ready
STU-2573,Kavya Joshi,Mechanical,8.16,11,95.8,942,52,6,158,9,23.7,134,1,5,27.4,6,Basic,55.0,43.0,0,Not Ready
STU-2574,Shruti Joshi,Computer Science,7.43,4,55.2,1015,175,5,94,7,16.3,455,4,9,81.1,4,Intermediate,59.7,55.5,1,Service Tier Ready
STU-2575,Aarav Nair,Computer Science,9.31,7,71.6,1041,129,5,136,9,20.8,394,1,8,54.2,4,Basic,41.7,55.2,1,Service Tier Ready
STU-2576,Amit Gupta,Computer Science,8.62,4,50.0,1207,245,8,239,17,36.4,290,0,7,37.2,5,Intermediate,66.3,61.4,1,Service Tier Ready
STU-2577,Yash Rao,Electronics & Comm,7.87,8,81.0,1463,365,7,210,12,30.5,284,2,5,46.1,2,Intermediate,46.3,59.6,1,Service Tier Ready
STU-2578,Ananya Mehta,Electronics & Comm,8.58,3,55.1,1369,327,5,96,7,16.5,75,1,9,30.7,3,Intermediate,53.0,59.9,1,Service Tier Ready
STU-2579,Priya Reddy,Information Technology,7.46,10,100.0,1861,573,6,114,16,23.5,161,1,2,23.5,1,Intermediate,39.7,69.6,2,Product Tier Ready
STU-2580,Kavya Patel,Computer Science,9.38,11,100.0,1120,144,8,180,25,35.5,43,3,6,35.4,2,Intermediate,46.3,59.1,1,Service Tier Ready
STU-2581,Arjun Mehta,Information Technology,9.46,3,50.6,1031,59,8,291,13,38.8,296,1,7,44.3,4,Intermediate,59.7,55.3,1,Service Tier Ready
STU-2582,Karan Chawla,Information Technology,9.1,2,43.3,1143,194,10,182,15,32.7,473,1,7,58.5,4,Intermediate,59.7,61.8,1,Service Tier Ready
STU-2583,Yash Chatterjee,Information Technology,7.93,5,62.3,966,72,8,239,13,34.4,51,1,4,18.7,6,Intermediate,73.0,51.3,0,Not Ready
STU-2584,Kavya Iyengar,Civil,8.16,9,82.5,984,93,6,128,15,24.2,135,1,2,21.5,4,Basic,41.7,43.8,0,Not Ready
STU-2585,Priya Mehta,Computer Science,9.29,8,84.1,993,96,4,360,9,38.5,34,4,1,31.4,4,Intermediate,59.7,56.7,1,Service Tier Ready
STU-2586,Kavya Gupta,Electronics & Comm,9.21,7,71.4,1078,114,6,164,10,24.7,210,2,1,32.1,2,Basic,28.3,46.8,0,Not Ready
STU-2587,Divya Rao,Information Technology,9.78,11,98.7,886,67,6,112,10,20.3,425,1,3,46.7,2,Intermediate,46.3,52.0,1,Service Tier Ready
STU-2588,Sneha Patel,Information Technology,8.72,8,83.7,875,52,8,269,12,36.4,178,2,7,41.6,2,Advanced,61.3,54.7,1,Service Tier Ready
STU-2589,Riya Patel,Electronics & Comm,8.49,5,68.7,1221,239,7,192,12,29.0,364,3,5,59.1,3,Production-Grade,80.0,63.1,1,Service Tier Ready
STU-2590,Dev Iyengar,Electronics & Comm,8.4,9,90.0,1119,205,11,411,19,54.8,309,1,7,45.4,7,Production-Grade,100.0,65.5,1,Service Tier Ready
STU-2591,Divya Gupta,Civil,8.32,5,58.7,1276,265,13,339,23,52.8,42,1,9,28.0,3,Advanced,68.0,58.5,1,Service Tier Ready
STU-2592,Ishita Iyengar,Computer Science,7.64,11,100.0,1281,249,5,207,8,26.2,381,1,8,53.1,3,Advanced,68.0,61.3,1,Service Tier Ready
STU-2593,Meera Chawla,Computer Science,8.7,9,91.5,897,31,12,361,27,55.6,55,2,1,19.7,4,Production-Grade,86.7,57.5,1,Service Tier Ready
STU-2594,Riya Chatterjee,Electronics & Comm,9.11,6,66.0,997,115,4,126,8,18.5,69,3,4,33.5,2,Advanced,61.3,51.8,0,Not Ready
STU-2595,Meera Chatterjee,Information Technology,8.72,10,94.0,923,37,8,301,14,40.1,311,0,5,34.9,1,Intermediate,39.7,49.0,0,Not Ready
STU-2596,Tanvi Deshmukh,Computer Science,7.97,8,78.1,1387,384,8,149,15,27.9,458,4,7,77.3,2,Intermediate,46.3,65.6,1,Service Tier Ready
STU-2597,Aditya Chatterjee,Computer Science,8.14,11,99.2,1440,291,7,271,11,35.1,315,1,8,47.9,6,Intermediate,73.0,69.8,2,Product Tier Ready
STU-2598,Sneha Mehta,Computer Science,9.27,11,100.0,927,55,10,281,15,40.9,93,3,8,43.4,1,Basic,21.7,50.3,0,Not Ready
STU-2599,Divya Deshmukh,Mechanical,8.13,7,74.8,989,117,8,227,13,33.4,140,1,4,25.9,1,Intermediate,39.7,42.8,0,Not Ready
STU-2600,Rohan Kumar,Computer Science,8.48,3,43.4,2092,705,8,182,12,29.2,358,2,7,56.0,0,Intermediate,33.0,75.7,2,Product Tier Ready
STU-2601,Dev Kumar,Computer Science,8.95,7,74.5,1152,200,5,102,9,18.0,117,2,2,26.7,3,Advanced,68.0,61.6,1,Service Tier Ready
STU-2602,Yash Gupta,Computer Science,8.75,2,41.7,1330,353,9,266,17,39.7,153,1,9,36.9,1,Advanced,54.7,66.0,1,Service Tier Ready
STU-2603,Rohan Chawla,Information Technology,9.56,3,41.3,1002,111,13,297,26,50.8,451,0,6,48.1,4,Production-Grade,86.7,63.1,1,Service Tier Ready
STU-2604,Varun Verma,Computer Science,9.45,6,69.1,937,51,9,186,16,32.5,175,3,4,42.0,2,Intermediate,46.3,52.0,1,Service Tier Ready
STU-2605,Ananya Deshmukh,Information Technology,8.42,8,84.1,1470,346,11,202,21,38.3,422,2,6,59.1,2,Production-Grade,73.3,72.9,2,Product Tier Ready
STU-2606,Meera Chawla,Computer Science,8.37,2,47.8,1316,280,16,365,31,61.9,243,1,7,40.1,2,Advanced,61.3,64.6,1,Service Tier Ready
STU-2607,Karan Rao,Electrical & Electronics,8.45,3,48.1,1287,244,6,121,14,23.1,469,2,10,70.9,5,Basic,48.3,53.2,1,Service Tier Ready
STU-2608,Varun Kumar,Computer Science,8.95,5,53.0,1197,209,6,373,10,42.1,157,3,8,48.6,3,Intermediate,53.0,61.2,1,Service Tier Ready
STU-2609,Vikram Patel,Information Technology,8.51,10,98.3,1194,213,5,106,10,18.8,323,3,4,53.8,5,Intermediate,66.3,61.2,1,Service Tier Ready
STU-2610,Siddharth Deshmukh,Mechanical,9.06,9,89.4,1278,285,11,201,17,36.2,178,2,9,45.6,4,Basic,41.7,57.5,1,Service Tier Ready
STU-2611,Karan Reddy,Electronics & Comm,9.12,11,100.0,939,87,7,156,13,26.5,356,2,6,53.8,1,Intermediate,39.7,50.2,0,Not Ready
STU-2612,Priya Mehta,Information Technology,8.85,10,100.0,1013,126,8,163,14,28.6,169,3,1,35.5,3,Intermediate,53.0,55.1,1,Service Tier Ready
STU-2613,Aditya Iyengar,Computer Science,8.73,5,62.3,1591,432,11,354,18,49.5,321,2,3,45.0,0,Intermediate,33.0,69.4,2,Product Tier Ready
STU-2614,Varun Reddy,Computer Science,8.55,8,84.7,998,88,12,250,18,41.8,151,3,1,34.1,2,Production-Grade,73.3,58.7,1,Service Tier Ready
STU-2615,Rohan Chawla,Electronics & Comm,7.99,4,49.5,1111,190,7,154,13,26.3,40,2,6,28.5,4,Intermediate,59.7,52.2,1,Service Tier Ready
STU-2616,Karan Reddy,Civil,8.7,9,90.4,1198,260,11,724,21,81.8,413,0,6,45.0,2,Basic,28.3,59.0,1,Service Tier Ready
STU-2617,Ananya Reddy,Electronics & Comm,7.23,8,78.8,2221,750,7,142,13,25.3,480,1,7,59.1,2,Advanced,61.3,75.8,2,Product Tier Ready
STU-2618,Vikram Kumar,Information Technology,9.5,9,85.8,1030,155,9,170,13,29.7,312,2,1,40.3,5,Intermediate,66.3,59.8,1,Service Tier Ready
STU-2619,Ishita Reddy,Electronics & Comm,8.24,10,93.1,1033,116,7,162,20,30.5,281,2,1,37.8,3,Intermediate,53.0,50.0,0,Not Ready
STU-2620,Varun Sharma,Information Technology,9.49,7,67.2,1503,384,5,141,7,20.2,476,4,5,74.7,2,Advanced,61.3,71.4,2,Product Tier Ready
STU-2621,Meera Reddy,Computer Science,7.76,5,58.5,1450,371,11,340,25,51.8,484,1,5,55.4,0,Basic,15.0,58.1,1,Service Tier Ready
STU-2622,Tanvi Chatterjee,Information Technology,8.49,4,52.4,1388,310,3,365,10,38.4,223,1,1,26.5,4,Intermediate,59.7,62.6,1,Service Tier Ready
STU-2623,Kavya Iyengar,Civil,8.49,4,49.6,1020,156,5,234,7,28.0,359,2,7,56.1,2,Advanced,61.3,51.7,0,Not Ready
STU-2624,Aarav Singh,Computer Science,8.07,7,81.8,1061,100,4,201,7,24.2,224,0,7,31.9,7,Intermediate,79.7,56.6,1,Service Tier Ready
STU-2625,Rahul Deshmukh,Electronics & Comm,9.59,9,88.2,1345,230,9,638,15,69.7,110,3,6,40.8,4,Basic,41.7,64.8,1,Service Tier Ready
STU-2626,Aarav Iyengar,Computer Science,8.06,9,86.2,1667,448,7,270,20,39.5,136,5,7,58.2,3,Advanced,68.0,73.8,2,Product Tier Ready
STU-2627,Aditya Joshi,Information Technology,8.16,9,84.7,1555,442,6,123,24,28.2,350,0,6,40.0,2,Production-Grade,73.3,72.0,2,Product Tier Ready
STU-2628,Rohan Sharma,Computer Science,8.39,10,100.0,800,60,9,223,13,34.1,447,0,10,55.8,1,Advanced,54.7,55.6,1,Service Tier Ready
STU-2629,Ishita Gupta,Information Technology,9.09,2,36.0,1070,137,5,160,9,22.8,490,2,2,56.5,3,Advanced,68.0,59.6,1,Service Tier Ready
STU-2630,Yash Verma,Electrical & Electronics,8.95,8,81.5,989,141,9,198,14,32.5,235,2,5,42.1,5,Intermediate,66.3,56.3,1,Service Tier Ready
STU-2631,Meera Sharma,Computer Science,8.02,11,100.0,2129,750,5,107,8,17.9,238,1,7,39.7,1,Intermediate,39.7,78.4,2,Product Tier Ready
STU-2632,Rohan Chawla,Electronics & Comm,8.38,10,89.1,1371,275,15,394,38,66.8,156,5,2,49.8,6,Intermediate,73.0,68.0,2,Product Tier Ready
STU-2633,Riya Sharma,Electrical & Electronics,9.54,3,44.5,1127,137,7,158,27,33.7,63,2,5,28.4,1,Advanced,54.7,52.4,1,Service Tier Ready
STU-2634,Kavya Singh,Mechanical,8.92,5,61.1,944,32,6,205,11,28.6,93,3,3,33.4,0,Production-Grade,60.0,46.9,0,Not Ready
STU-2635,Neha Chatterjee,Computer Science,8.42,7,73.5,1112,171,8,182,12,29.2,46,3,9,41.7,6,Advanced,88.0,61.9,1,Service Tier Ready
STU-2636,Vikram Chatterjee,Information Technology,8.52,5,62.1,947,57,6,178,12,26.8,464,1,10,63.8,4,Basic,41.7,52.0,1,Service Tier Ready
STU-2637,Amit Iyengar,Computer Science,8.91,10,95.4,1357,365,7,167,12,26.9,278,4,1,50.9,2,Intermediate,46.3,67.6,1,Service Tier Ready
STU-2638,Amit Singh,Civil,7.93,11,100.0,1311,326,11,251,27,45.4,134,2,7,38.1,5,Production-Grade,93.3,68.1,2,Product Tier Ready
STU-2639,Pooja Chawla,Mechanical,8.44,2,33.6,1039,141,9,293,20,43.4,469,2,10,70.9,3,Intermediate,53.0,49.6,0,Not Ready
STU-2640,Arjun Reddy,Information Technology,6.91,10,97.4,1097,142,8,359,13,44.4,374,3,4,57.9,3,Intermediate,53.0,54.1,1,Service Tier Ready
STU-2641,Arjun Singh,Electrical & Electronics,8.08,11,100.0,1606,460,3,125,4,15.4,137,4,5,47.6,2,Advanced,61.3,66.7,1,Service Tier Ready
STU-2642,Rohan Mehta,Information Technology,9.66,2,39.4,964,69,8,238,36,45.8,251,4,1,48.7,1,Advanced,54.7,54.4,1,Service Tier Ready
STU-2643,Tanvi Deshmukh,Electronics & Comm,7.56,2,40.8,868,70,10,379,19,51.1,205,3,5,46.4,3,Intermediate,53.0,45.8,0,Not Ready
STU-2644,Meera Patel,Computer Science,5.78,6,61.3,1885,600,8,159,14,28.2,257,2,8,49.9,4,Basic,41.7,66.7,1,Service Tier Ready
STU-2645,Amit Deshmukh,Electrical & Electronics,7.16,2,37.6,1441,341,6,125,10,21.4,219,2,6,42.9,4,Intermediate,59.7,53.8,1,Service Tier Ready
STU-2646,Pooja Verma,Computer Science,7.43,11,100.0,1500,368,9,206,13,32.7,469,1,2,48.2,6,Production-Grade,100.0,76.4,2,Product Tier Ready
STU-2647,Neha Kumar,Electrical & Electronics,8.6,10,90.8,892,64,12,252,18,42.0,424,1,2,44.6,1,Intermediate,39.7,49.0,0,Not Ready
STU-2648,Arjun Kumar,Electrical & Electronics,7.02,7,74.8,859,32,14,681,21,81.2,242,1,9,44.0,2,Intermediate,46.3,45.7,0,Not Ready
STU-2649,Vikram Iyengar,Electronics & Comm,7.5,10,95.8,803,45,11,281,20,44.4,433,1,1,43.3,2,Advanced,61.3,46.7,0,Not Ready
STU-2650,Sneha Deshmukh,Computer Science,9.29,6,68.2,926,73,13,308,23,50.2,250,2,2,37.3,6,Intermediate,73.0,58.7,1,Service Tier Ready
STU-2651,Aarav Chatterjee,Computer Science,9.1,7,61.7,1417,313,8,230,17,35.7,353,2,8,57.6,3,Intermediate,53.0,67.8,1,Service Tier Ready
STU-2652,Aarav Nair,Computer Science,8.28,3,53.5,912,70,10,388,15,49.8,191,0,6,27.3,4,Intermediate,59.7,52.7,1,Service Tier Ready
STU-2653,Dev Mehta,Information Technology,7.27,10,90.3,1306,302,5,117,7,18.2,327,1,3,38.8,3,Intermediate,53.0,58.6,1,Service Tier Ready
STU-2654,Shruti Kumar,Computer Science,8.89,4,60.0,950,62,6,179,13,27.4,454,1,3,49.0,3,Basic,35.0,50.0,0,Not Ready
STU-2655,Ishita Kumar,Mechanical,9.43,6,62.3,1119,114,11,229,19,39.6,278,2,9,53.6,5,Basic,48.3,53.4,1,Service Tier Ready
STU-2656,Arjun Deshmukh,Information Technology,9.49,9,90.1,2258,750,10,331,23,49.1,219,1,2,28.2,2,Advanced,61.3,84.9,3,Dream Tier Ready
STU-2657,Sneha Rao,Computer Science,8.5,6,64.8,921,60,7,276,13,36.5,430,2,10,67.7,4,Basic,41.7,51.7,0,Not Ready
STU-2658,Dev Gupta,Information Technology,9.17,11,97.9,1094,142,9,477,15,56.2,41,0,5,13.3,3,Basic,35.0,57.5,1,Service Tier Ready
STU-2659,Vikram Nair,Information Technology,7.96,5,73.2,1052,95,8,203,14,31.9,97,5,7,55.1,4,Intermediate,59.7,55.1,1,Service Tier Ready
STU-2660,Aditya Chawla,Electronics & Comm,8.08,5,58.8,938,70,5,107,13,20.4,70,1,6,24.3,2,Intermediate,46.3,42.3,0,Not Ready
STU-2661,Shruti Chatterjee,Information Technology,9.18,6,59.9,1080,143,7,352,10,41.3,427,1,1,42.8,3,Intermediate,53.0,58.0,1,Service Tier Ready
STU-2662,Priya Sharma,Mechanical,9.21,4,60.2,958,97,5,311,17,39.4,289,5,10,76.5,0,Intermediate,33.0,47.9,0,Not Ready
STU-2663,Tanvi Singh,Information Technology,8.28,11,100.0,1359,245,7,152,15,27.2,155,1,3,25.1,5,Basic,48.3,59.1,1,Service Tier Ready
STU-2664,Divya Chatterjee,Civil,7.41,5,67.8,1478,357,11,230,25,42.7,255,1,5,37.1,3,Basic,35.0,54.5,1,Service Tier Ready
STU-2665,Aarav Rao,Mechanical,9.11,6,60.3,1132,192,9,199,26,38.6,239,6,3,65.1,3,Basic,35.0,51.7,0,Not Ready
STU-2666,Aditya Verma,Computer Science,9.13,5,55.5,816,25,12,276,19,44.5,362,2,3,48.3,2,Production-Grade,73.3,55.6,1,Service Tier Ready
STU-2667,Priya Joshi,Mechanical,9.18,4,54.9,1095,216,6,284,12,35.7,359,1,5,45.4,1,Intermediate,39.7,53.6,1,Service Tier Ready
STU-2668,Ananya Reddy,Computer Science,6.72,2,37.2,800,15,8,159,14,28.2,427,3,8,70.2,6,Intermediate,73.0,48.1,0,Not Ready
STU-2669,Divya Mehta,Electrical & Electronics,9.83,3,43.1,1123,200,12,336,21,50.5,294,1,10,50.2,2,Intermediate,46.3,56.6,1,Service Tier Ready
STU-2670,Yash Deshmukh,Information Technology,9.16,10,98.5,1319,263,8,187,12,29.6,200,0,8,32.0,5,Intermediate,66.3,67.6,1,Service Tier Ready
STU-2671,Ananya Rao,Mechanical,9.01,11,95.9,895,44,5,111,17,22.8,433,2,8,64.0,5,Intermediate,66.3,52.7,1,Service Tier Ready
STU-2672,Shruti Sharma,Mechanical,9.36,3,40.0,1414,376,6,149,21,28.9,30,0,6,14.4,1,Advanced,54.7,61.5,1,Service Tier Ready
STU-2673,Arjun Reddy,Electrical & Electronics,9.35,3,47.5,1639,492,4,148,10,21.3,393,3,9,69.4,7,Intermediate,79.7,73.9,2,Product Tier Ready
STU-2674,Sneha Kumar,Electrical & Electronics,9.45,6,62.1,1436,346,6,362,10,41.2,378,2,5,53.6,4,Intermediate,59.7,65.1,1,Service Tier Ready
STU-2675,Aditya Chatterjee,Computer Science,7.85,11,99.7,1045,90,7,224,16,33.7,238,0,10,39.0,3,Production-Grade,80.0,60.5,1,Service Tier Ready
STU-2676,Ananya Patel,Computer Science,9.65,10,96.1,1086,190,14,345,26,55.8,270,2,7,48.9,6,Intermediate,73.0,68.5,2,Product Tier Ready
STU-2677,Karan Nair,Information Technology,9.02,4,49.6,1724,501,12,227,21,41.4,101,0,1,10.1,5,Intermediate,66.3,76.2,2,Product Tier Ready
STU-2678,Sneha Deshmukh,Computer Science,8.38,10,90.7,934,87,9,170,14,30.2,302,3,4,52.2,3,Intermediate,53.0,51.9,0,Not Ready
STU-2679,Shruti Joshi,Electronics & Comm,8.4,5,66.4,1427,360,8,157,12,27.1,498,4,1,68.5,2,Intermediate,46.3,64.3,1,Service Tier Ready
STU-2680,Siddharth Joshi,Computer Science,9.41,4,51.9,800,25,5,100,11,18.8,118,6,10,69.4,1,Basic,21.7,44.3,0,Not Ready
STU-2681,Divya Chatterjee,Civil,8.31,6,70.3,833,1,15,355,23,56.1,49,2,2,21.3,3,Basic,35.0,40.0,0,Not Ready
STU-2682,Tanvi Deshmukh,Electronics & Comm,9.01,8,78.1,1340,314,10,240,20,40.0,344,3,6,59.5,1,Basic,21.7,57.5,1,Service Tier Ready
STU-2683,Siddharth Rao,Electrical & Electronics,8.99,8,80.2,1322,300,5,90,8,16.5,498,2,1,55.2,2,Advanced,61.3,60.5,1,Service Tier Ready
STU-2684,Kavya Chawla,Computer Science,8.34,3,47.0,1421,318,5,133,17,24.6,170,1,9,38.3,2,Production-Grade,73.3,65.8,1,Service Tier Ready
STU-2685,Vikram Mehta,Mechanical,9.46,8,81.0,1868,565,5,103,16,21.6,406,4,6,71.1,2,Basic,28.3,71.7,2,Product Tier Ready
STU-2686,Karan Rao,Mechanical,9.75,8,82.2,840,43,10,623,16,69.9,362,3,8,65.0,2,Basic,28.3,49.7,0,Not Ready
STU-2687,Ishita Nair,Information Technology,8.46,3,56.7,982,93,5,151,7,21.1,204,3,10,56.3,0,Intermediate,33.0,47.1,0,Not Ready
STU-2688,Rahul Sharma,Electronics & Comm,9.25,11,100.0,1712,482,6,163,12,25.6,79,3,10,46.3,3,Intermediate,53.0,73.9,2,Product Tier Ready
STU-2689,Meera Joshi,Electrical & Electronics,8.98,10,97.8,897,59,5,193,9,25.6,123,1,8,32.5,7,Intermediate,79.7,54.4,1,Service Tier Ready
STU-2690,Shruti Chawla,Computer Science,8.91,9,93.6,1270,243,8,188,12,29.7,490,1,2,49.9,1,Advanced,54.7,62.7,1,Service Tier Ready
STU-2691,Neha Mehta,Information Technology,9.9,3,43.9,1063,155,8,269,15,37.9,197,1,2,26.4,8,Advanced,100.0,65.1,1,Service Tier Ready
STU-2692,Tanvi Singh,Information Technology,9.27,7,82.2,894,62,9,397,33,58.6,420,1,3,46.3,3,Basic,35.0,53.1,1,Service Tier Ready
STU-2693,Meera Reddy,Computer Science,7.46,9,80.6,886,74,8,213,12,31.8,84,0,8,22.7,5,Basic,48.3,46.1,0,Not Ready
STU-2694,Ananya Gupta,Information Technology,9.52,10,97.6,1234,194,6,156,10,24.0,80,1,8,29.1,0,Advanced,48.0,59.1,1,Service Tier Ready
STU-2695,Amit Mehta,Computer Science,8.4,2,45.8,1474,388,10,253,18,40.1,361,4,5,65.5,7,Intermediate,79.7,71.1,2,Product Tier Ready
STU-2696,Arjun Chatterjee,Computer Science,8.79,8,73.9,1249,272,6,200,15,30.2,415,5,2,70.5,4,Production-Grade,86.7,71.4,2,Product Tier Ready
STU-2697,Karan Gupta,Computer Science,8.37,11,100.0,1141,219,15,458,22,64.2,299,3,4,51.9,4,Intermediate,59.7,62.3,1,Service Tier Ready
STU-2698,Yash Singh,Civil,8.0,6,64.4,1088,158,4,122,11,19.7,391,1,4,45.9,3,Intermediate,53.0,48.3,0,Not Ready
STU-2699,Ishita Patel,Information Technology,8.42,10,88.3,961,118,4,77,6,13.4,174,1,7,34.6,2,Intermediate,46.3,49.0,0,Not Ready
STU-2700,Kavya Singh,Civil,8.73,10,96.1,832,38,4,171,13,24.8,106,3,4,36.5,3,Basic,35.0,43.5,0,Not Ready
STU-2701,Neha Chatterjee,Information Technology,9.65,4,51.3,1057,121,9,595,18,67.6,158,1,10,39.3,1,Intermediate,39.7,56.2,1,Service Tier Ready
STU-2702,Meera Reddy,Computer Science,9.31,11,100.0,905,46,9,354,15,46.0,404,2,6,57.7,2,Advanced,61.3,57.3,1,Service Tier Ready
STU-2703,Sneha Deshmukh,Information Technology,7.41,8,80.7,896,91,6,249,15,34.2,140,4,2,41.9,5,Basic,48.3,46.9,0,Not Ready
STU-2704,Sneha Nair,Information Technology,8.47,4,47.7,1063,126,9,181,18,33.1,30,0,2,6.4,2,Basic,28.3,45.8,0,Not Ready
STU-2705,Yash Patel,Computer Science,8.82,5,59.2,1042,134,10,318,20,46.5,396,3,5,61.7,2,Intermediate,46.3,55.4,1,Service Tier Ready
STU-2706,Dev Chawla,Electronics & Comm,7.61,9,85.6,889,18,7,134,11,23.7,55,2,1,19.7,5,Intermediate,66.3,45.6,0,Not Ready
STU-2707,Ananya Kumar,Computer Science,8.25,2,46.3,1198,182,16,356,27,59.2,145,2,2,28.9,0,Basic,15.0,51.7,0,Not Ready
STU-2708,Ishita Singh,Electronics & Comm,9.81,5,61.8,1075,198,8,190,12,29.8,203,2,3,35.6,3,Intermediate,53.0,59.9,1,Service Tier Ready
STU-2709,Meera Kumar,Electronics & Comm,9.72,5,60.0,926,49,10,415,21,55.1,42,2,9,34.7,1,Intermediate,39.7,47.8,0,Not Ready
STU-2710,Vikram Singh,Computer Science,8.43,4,62.8,1918,576,10,197,17,34.9,63,4,9,49.7,2,Advanced,61.3,80.7,2,Product Tier Ready
STU-2711,Sneha Nair,Computer Science,8.69,3,47.5,896,48,7,281,17,38.9,347,1,7,48.4,2,Advanced,61.3,52.1,1,Service Tier Ready
STU-2712,Aditya Gupta,Electrical & Electronics,8.63,9,85.9,1574,411,13,238,20,42.8,261,1,5,37.5,2,Advanced,61.3,68.4,2,Product Tier Ready
STU-2713,Amit Verma,Information Technology,8.57,7,72.4,818,4,5,210,8,26.5,102,2,2,25.5,2,Advanced,61.3,48.1,0,Not Ready
STU-2714,Dev Deshmukh,Computer Science,8.33,3,48.7,1644,442,7,160,15,27.8,80,3,2,30.4,2,Advanced,61.3,70.8,2,Product Tier Ready
STU-2715,Pooja Verma,Civil,8.53,9,84.3,891,40,10,552,15,63.5,240,1,8,41.9,1,Advanced,54.7,51.9,0,Not Ready
STU-2716,Meera Iyengar,Computer Science,8.4,9,100.0,1246,304,5,201,8,25.8,244,4,3,52.2,4,Basic,41.7,60.2,1,Service Tier Ready
STU-2717,Aditya Sharma,Electronics & Comm,7.63,8,82.5,1018,125,11,234,26,43.5,70,1,7,26.3,3,Intermediate,53.0,48.2,0,Not Ready
STU-2718,Rahul Singh,Civil,9.1,9,88.8,1339,305,1,44,2,5.7,340,6,6,79.2,1,Intermediate,39.7,57.0,1,Service Tier Ready
STU-2719,Tanvi Joshi,Computer Science,7.74,10,85.9,1082,137,8,245,13,34.9,441,1,6,53.9,3,Production-Grade,80.0,58.2,1,Service Tier Ready
STU-2720,Divya Sharma,Computer Science,7.2,4,41.6,929,39,4,103,17,21.1,123,2,3,29.2,0,Intermediate,33.0,39.3,0,Not Ready
STU-2721,Rohan Rao,Computer Science,9.25,3,42.9,1326,299,5,110,7,17.7,218,0,6,29.4,1,Basic,21.7,55.0,1,Service Tier Ready
STU-2722,Varun Iyengar,Computer Science,8.94,8,78.3,800,31,9,266,15,38.7,164,3,4,41.1,2,Production-Grade,73.3,54.8,1,Service Tier Ready
STU-2723,Tanvi Kumar,Computer Science,7.43,3,42.4,1763,527,7,254,16,36.2,235,1,1,27.5,2,Advanced,61.3,70.6,2,Product Tier Ready
STU-2724,Aditya Reddy,Electronics & Comm,9.15,4,52.2,869,60,3,81,14,16.8,31,2,8,31.8,2,Advanced,61.3,46.9,0,Not Ready
STU-2725,Aditya Deshmukh,Computer Science,9.35,7,64.1,1025,142,9,238,18,37.8,233,1,9,43.3,3,Advanced,68.0,60.4,1,Service Tier Ready
STU-2726,Siddharth Nair,Information Technology,6.66,10,98.1,1439,289,9,270,22,42.5,270,0,3,27.6,1,Intermediate,39.7,57.8,1,Service Tier Ready
STU-2727,Aarav Rao,Civil,8.38,10,94.7,985,122,8,428,12,49.7,287,2,1,38.3,2,Basic,28.3,48.0,0,Not Ready
STU-2728,Aditya Iyengar,Electrical & Electronics,7.96,11,100.0,829,60,10,342,15,46.0,185,1,1,23.5,6,Intermediate,73.0,50.0,0,Not Ready
STU-2729,Priya Iyengar,Electronics & Comm,8.81,3,47.4,1359,294,15,324,27,55.5,83,2,1,22.0,4,Production-Grade,86.7,66.2,1,Service Tier Ready
STU-2730,Riya Chawla,Computer Science,9.14,2,35.1,1409,319,9,348,19,47.5,489,3,9,77.1,4,Intermediate,59.7,68.2,2,Product Tier Ready
STU-2731,Sneha Iyengar,Electronics & Comm,8.82,7,75.9,1824,545,8,202,15,32.3,123,3,10,49.8,3,Advanced,68.0,77.1,2,Product Tier Ready
STU-2732,Divya Iyengar,Information Technology,8.0,8,87.8,1059,121,7,139,15,26.1,343,5,5,70.8,3,Intermediate,53.0,55.2,1,Service Tier Ready
STU-2733,Aditya Singh,Information Technology,9.34,9,84.3,1104,165,10,221,22,39.4,460,2,3,56.1,3,Advanced,68.0,66.3,1,Service Tier Ready
STU-2734,Sneha Kumar,Computer Science,8.93,5,65.0,1041,130,7,289,13,37.6,90,3,10,47.2,4,Intermediate,59.7,57.6,1,Service Tier Ready
STU-2735,Siddharth Chatterjee,Mechanical,8.0,8,87.5,958,62,6,419,20,50.9,389,3,9,69.1,2,Intermediate,46.3,48.5,0,Not Ready
STU-2736,Kavya Singh,Information Technology,9.37,10,95.6,1467,326,10,590,19,68.7,197,2,10,49.1,5,Basic,48.3,70.1,2,Product Tier Ready
STU-2737,Dev Kumar,Computer Science,9.36,2,38.2,929,107,6,209,11,28.9,499,0,9,57.9,3,Basic,35.0,51.7,0,Not Ready
STU-2738,Amit Gupta,Information Technology,6.74,4,51.7,1050,156,9,227,15,35.4,303,5,6,69.6,3,Advanced,68.0,54.2,1,Service Tier Ready
STU-2739,Kavya Nair,Information Technology,9.47,6,67.6,1034,113,11,215,22,39.9,427,3,5,64.2,6,Basic,55.0,60.5,1,Service Tier Ready
STU-2740,Pooja Kumar,Electrical & Electronics,8.6,8,92.7,1289,265,8,154,15,28.3,54,3,1,26.3,2,Advanced,61.3,59.7,1,Service Tier Ready
STU-2741,Riya Reddy,Electronics & Comm,6.44,6,63.8,1612,501,5,163,14,25.6,423,1,6,52.5,4,Intermediate,59.7,63.1,1,Service Tier Ready
STU-2742,Priya Chatterjee,Electrical & Electronics,8.21,2,41.7,1246,264,10,310,21,46.3,385,1,5,47.5,3,Advanced,68.0,59.2,1,Service Tier Ready
STU-2743,Shruti Reddy,Computer Science,8.92,2,40.8,1083,149,7,165,13,27.2,77,2,9,37.5,0,Basic,15.0,48.6,0,Not Ready
STU-2744,Siddharth Chawla,Information Technology,9.17,2,44.3,1410,339,10,292,26,47.3,461,1,7,57.5,3,Intermediate,53.0,67.7,1,Service Tier Ready
STU-2745,Aditya Gupta,Information Technology,9.45,9,87.8,1174,218,8,228,16,35.0,218,3,3,43.4,4,Intermediate,59.7,62.6,1,Service Tier Ready
STU-2746,Siddharth Singh,Computer Science,8.12,8,82.7,987,39,8,426,12,49.5,82,0,5,16.6,2,Basic,28.3,45.4,0,Not Ready
STU-2747,Ananya Joshi,Computer Science,9.7,4,49.1,910,62,8,167,15,29.4,270,1,6,40.3,2,Advanced,61.3,53.9,1,Service Tier Ready
STU-2748,Sneha Iyengar,Electrical & Electronics,9.65,5,57.1,860,27,10,269,15,39.9,422,6,2,77.8,4,Intermediate,59.7,51.7,0,Not Ready
STU-2749,Vikram Sharma,Computer Science,9.07,9,87.7,1110,169,8,197,15,31.9,424,1,7,54.6,4,Basic,41.7,59.2,1,Service Tier Ready
STU-2750,Rahul Kumar,Information Technology,9.45,8,72.8,1469,366,9,192,19,34.5,56,3,9,42.5,1,Intermediate,39.7,68.7,2,Product Tier Ready
STU-2751,Varun Joshi,Computer Science,7.06,8,79.1,958,87,6,152,15,26.2,88,3,10,47.0,4,Basic,41.7,46.2,0,Not Ready
STU-2752,Shruti Singh,Computer Science,9.31,7,76.3,944,138,8,178,16,30.8,215,0,9,35.2,4,Advanced,74.7,57.6,1,Service Tier Ready
STU-2753,Kavya Patel,Computer Science,8.74,10,100.0,1623,485,13,309,25,51.2,170,1,5,30.3,2,Intermediate,46.3,72.7,2,Product Tier Ready
STU-2754,Aditya Gupta,Civil,8.46,7,71.3,1452,371,9,243,16,37.2,478,1,8,60.9,1,Basic,21.7,57.3,1,Service Tier Ready
STU-2755,Sneha Singh,Electrical & Electronics,8.74,2,38.6,1299,255,9,362,16,47.2,424,3,9,71.9,5,Intermediate,66.3,60.8,1,Service Tier Ready
STU-2756,Varun Deshmukh,Civil,6.79,6,67.1,947,90,13,386,27,58.7,86,3,6,38.9,3,Advanced,68.0,49.2,0,Not Ready
STU-2757,Sneha Reddy,Information Technology,8.28,9,85.3,812,30,7,162,13,27.0,224,1,4,32.6,5,Advanced,81.3,52.3,1,Service Tier Ready
STU-2758,Meera Mehta,Computer Science,9.67,7,72.2,922,42,8,411,13,48.8,479,5,4,79.7,3,Basic,35.0,52.8,1,Service Tier Ready
STU-2759,Tanvi Gupta,Information Technology,6.79,6,70.8,926,33,10,382,21,52.3,395,0,3,37.6,1,Basic,21.7,43.2,0,Not Ready
STU-2760,Rahul Chatterjee,Information Technology,9.36,10,100.0,933,117,12,314,18,47.2,135,0,9,28.8,2,Advanced,61.3,59.6,1,Service Tier Ready
STU-2761,Riya Iyengar,Electrical & Electronics,9.4,8,82.3,1137,185,3,55,17,16.1,309,0,10,44.7,1,Intermediate,39.7,50.5,0,Not Ready
STU-2762,Amit Iyengar,Computer Science,8.01,8,86.3,800,57,7,149,12,25.4,497,0,6,51.8,3,Basic,35.0,45.5,0,Not Ready
STU-2763,Riya Reddy,Information Technology,9.1,2,32.3,915,73,7,281,14,37.4,462,4,8,79.6,3,Basic,35.0,50.1,0,Not Ready
STU-2764,Neha Iyengar,Computer Science,8.36,3,47.8,1018,69,6,168,13,26.5,197,3,2,39.8,7,Intermediate,79.7,57.5,1,Service Tier Ready
STU-2765,Pooja Patel,Computer Science,7.95,11,100.0,1198,219,4,85,6,14.1,364,2,4,50.5,1,Advanced,54.7,56.1,1,Service Tier Ready
STU-2766,Vikram Iyengar,Electronics & Comm,8.72,6,72.5,1139,227,10,232,21,39.8,275,2,2,39.3,3,Intermediate,53.0,55.6,1,Service Tier Ready
STU-2767,Meera Reddy,Information Technology,8.11,4,52.0,1047,175,5,113,10,19.4,483,4,3,71.3,2,Basic,28.3,49.6,0,Not Ready
STU-2768,Neha Chawla,Information Technology,8.56,9,92.9,911,88,9,385,15,48.6,369,1,2,40.2,1,Intermediate,39.7,52.8,1,Service Tier Ready
STU-2769,Meera Mehta,Information Technology,9.23,5,61.6,984,121,6,328,16,41.3,243,4,9,64.1,2,Intermediate,46.3,57.8,1,Service Tier Ready
STU-2770,Ananya Kumar,Information Technology,8.59,8,74.1,800,26,7,174,14,28.5,31,1,9,27.1,2,Intermediate,46.3,47.6,0,Not Ready
STU-2771,Ananya Deshmukh,Electrical & Electronics,8.49,6,62.9,960,80,10,194,21,36.7,467,0,6,49.4,4,Intermediate,59.7,49.7,0,Not Ready
STU-2772,Rohan Deshmukh,Mechanical,8.26,7,77.6,1701,486,6,152,28,32.7,428,0,7,48.2,4,Production-Grade,86.7,71.9,2,Product Tier Ready
STU-2773,Tanvi Sharma,Civil,7.75,8,79.9,2132,750,8,157,12,27.1,333,1,5,43.3,3,Intermediate,53.0,72.1,2,Product Tier Ready
STU-2774,Aarav Singh,Electrical & Electronics,9.39,9,80.5,1343,245,9,198,19,35.0,383,3,10,70.6,4,Intermediate,59.7,63.7,1,Service Tier Ready
STU-2775,Vikram Deshmukh,Computer Science,9.18,4,54.1,1712,519,7,273,16,37.8,211,3,1,38.9,4,Intermediate,59.7,77.1,2,Product Tier Ready
STU-2776,Amit Rao,Electronics & Comm,9.18,4,50.0,1257,221,8,178,20,32.8,331,5,4,67.8,1,Intermediate,39.7,56.3,1,Service Tier Ready
STU-2777,Rohan Iyengar,Information Technology,8.19,3,32.5,800,24,3,132,6,17.0,470,2,4,58.9,1,Intermediate,39.7,42.5,0,Not Ready
STU-2778,Vikram Sharma,Computer Science,8.65,7,73.4,2164,750,3,66,12,14.5,212,0,8,33.0,3,Intermediate,53.0,77.8,2,Product Tier Ready
STU-2779,Aditya Kumar,Electrical & Electronics,9.73,3,37.2,937,64,6,150,13,25.0,473,2,5,61.2,3,Advanced,68.0,53.3,1,Service Tier Ready
STU-2780,Dev Gupta,Computer Science,8.94,2,38.6,1178,230,7,130,10,22.8,124,2,3,29.3,4,Basic,41.7,55.0,1,Service Tier Ready
STU-2781,Ananya Joshi,Mechanical,8.87,2,38.4,930,68,8,223,12,32.6,443,0,1,37.4,2,Intermediate,46.3,43.2,0,Not Ready
STU-2782,Amit Mehta,Information Technology,9.3,10,100.0,963,111,13,276,22,47.0,185,2,1,30.1,4,Intermediate,59.7,57.6,1,Service Tier Ready
STU-2783,Divya Chawla,Electronics & Comm,9.07,2,41.9,1239,253,6,313,15,39.6,209,3,5,46.7,4,Intermediate,59.7,59.8,1,Service Tier Ready
STU-2784,Riya Mehta,Electronics & Comm,8.92,8,82.6,1023,132,7,175,12,27.6,126,0,8,26.1,6,Intermediate,73.0,53.5,1,Service Tier Ready
STU-2785,Riya Sharma,Mechanical,9.38,6,73.4,866,76,12,297,25,49.2,454,0,9,54.3,3,Advanced,68.0,52.5,1,Service Tier Ready
STU-2786,Aarav Kumar,Electronics & Comm,9.25,7,71.9,1040,119,7,501,13,55.2,398,1,10,58.5,3,Intermediate,53.0,57.2,1,Service Tier Ready
STU-2787,Meera Singh,Electronics & Comm,9.46,11,99.9,1045,120,12,318,18,47.5,306,1,10,51.1,3,Advanced,68.0,60.7,1,Service Tier Ready
STU-2788,Aarav Sharma,Computer Science,8.97,10,91.3,1978,665,12,285,32,51.8,267,4,2,52.0,3,Basic,35.0,83.5,3,Dream Tier Ready
STU-2789,Karan Iyengar,Information Technology,7.54,4,58.8,1472,367,8,154,14,27.8,372,4,5,66.4,4,Basic,41.7,61.4,1,Service Tier Ready
STU-2790,Rahul Kumar,Computer Science,9.21,7,74.9,998,136,9,334,17,45.3,327,3,4,54.2,1,Basic,21.7,53.2,1,Service Tier Ready
STU-2791,Kavya Sharma,Electronics & Comm,8.95,8,77.7,897,89,6,210,9,28.0,42,1,3,16.0,4,Intermediate,59.7,51.0,0,Not Ready
STU-2792,Karan Deshmukh,Information Technology,6.76,3,49.9,1438,366,7,137,11,23.9,330,2,8,55.7,4,Intermediate,59.7,62.8,1,Service Tier Ready
STU-2793,Yash Mehta,Electronics & Comm,8.22,7,68.0,899,36,4,100,8,16.3,375,1,2,40.7,4,Basic,41.7,44.6,0,Not Ready
STU-2794,Ishita Chatterjee,Computer Science,7.22,7,69.7,960,91,5,167,15,26.4,211,2,2,34.2,2,Intermediate,46.3,44.7,0,Not Ready
STU-2795,Neha Verma,Computer Science,8.6,6,65.5,999,123,10,184,15,32.8,432,2,5,57.9,4,Intermediate,59.7,57.1,1,Service Tier Ready
STU-2796,Priya Kumar,Electronics & Comm,8.41,8,81.5,1612,442,8,270,18,39.5,184,3,10,54.7,1,Intermediate,39.7,65.5,1,Service Tier Ready
STU-2797,Vikram Rao,Computer Science,7.96,10,96.7,853,55,9,187,16,32.6,453,0,10,56.2,1,Intermediate,39.7,51.5,0,Not Ready
STU-2798,Aditya Joshi,Computer Science,7.56,8,79.9,871,74,1,85,4,10.1,280,2,10,55.7,3,Production-Grade,80.0,53.5,1,Service Tier Ready
STU-2799,Karan Nair,Computer Science,9.47,3,47.2,1079,165,7,153,18,28.8,420,0,1,35.6,6,Advanced,88.0,64.1,1,Service Tier Ready
STU-2800,Pooja Nair,Civil,7.71,5,63.8,885,71,6,175,9,25.1,310,2,7,52.1,6,Basic,55.0,43.0,0,Not Ready
STU-2801,Arjun Verma,Electronics & Comm,8.24,2,46.7,1089,194,3,75,23,20.8,206,1,9,41.1,2,Advanced,61.3,52.7,1,Service Tier Ready
STU-2802,Pooja Singh,Information Technology,9.19,3,46.2,1097,140,6,198,16,30.5,389,4,2,61.8,0,Intermediate,33.0,54.6,1,Service Tier Ready
STU-2803,Dev Joshi,Computer Science,9.38,10,100.0,1126,120,7,367,12,43.6,449,3,10,75.9,3,Basic,35.0,59.0,1,Service Tier Ready
STU-2804,Sneha Iyengar,Computer Science,9.27,8,81.6,850,71,8,308,14,40.7,100,1,1,16.7,2,Basic,28.3,48.0,0,Not Ready
STU-2805,Sneha Nair,Electrical & Electronics,9.74,9,86.7,878,55,5,117,7,18.2,404,1,9,57.0,2,Advanced,61.3,47.8,0,Not Ready
STU-2806,Tanvi Deshmukh,Electronics & Comm,7.25,9,85.5,1494,381,3,122,7,16.7,113,3,2,33.0,3,Intermediate,53.0,61.6,1,Service Tier Ready
STU-2807,Rohan Mehta,Computer Science,9.15,3,39.6,1525,451,9,217,16,35.1,437,1,9,59.6,5,Intermediate,66.3,74.4,2,Product Tier Ready
STU-2808,Amit Chatterjee,Computer Science,6.8,6,64.7,943,86,11,534,26,68.5,218,0,8,33.4,2,Intermediate,46.3,48.4,0,Not Ready
STU-2809,Ananya Verma,Computer Science,8.54,2,42.7,895,57,8,304,13,39.8,121,1,7,30.3,2,Production-Grade,73.3,54.1,1,Service Tier Ready
STU-2810,Arjun Singh,Electronics & Comm,9.4,10,91.2,899,42,3,65,7,11.9,398,2,1,47.2,2,Advanced,61.3,48.7,0,Not Ready
STU-2811,Arjun Kumar,Electrical & Electronics,7.84,6,63.1,1141,211,15,288,27,52.5,98,1,4,22.5,2,Production-Grade,73.3,56.4,1,Service Tier Ready
STU-2812,Riya Sharma,Computer Science,9.26,2,36.5,1246,264,6,229,12,31.1,337,5,7,74.3,4,Basic,41.7,61.3,1,Service Tier Ready
STU-2813,Amit Sharma,Computer Science,9.71,8,84.1,1084,131,12,233,18,40.4,193,2,6,40.8,4,Intermediate,59.7,59.1,1,Service Tier Ready
STU-2814,Yash Patel,Computer Science,7.51,10,91.8,1297,265,11,498,17,61.0,208,2,1,32.0,4,Intermediate,59.7,63.3,1,Service Tier Ready
STU-2815,Rohan Reddy,Civil,8.83,2,29.2,1291,253,9,657,14,70.8,62,0,7,19.0,3,Basic,35.0,55.2,1,Service Tier Ready
STU-2816,Ishita Mehta,Computer Science,8.53,2,30.2,1774,590,5,240,8,29.0,82,4,2,37.2,2,Intermediate,46.3,73.6,2,Product Tier Ready
STU-2817,Siddharth Joshi,Electrical & Electronics,9.9,2,34.6,822,31,10,182,16,33.2,245,2,8,48.9,0,Basic,15.0,40.0,0,Not Ready
STU-2818,Priya Chawla,Electronics & Comm,8.35,8,81.3,969,52,2,101,8,14.4,231,2,2,35.8,1,Production-Grade,66.7,49.1,0,Not Ready
STU-2819,Karan Chawla,Information Technology,7.25,11,100.0,884,49,7,178,10,26.8,67,3,4,33.4,2,Intermediate,46.3,44.7,0,Not Ready
STU-2820,Ananya Rao,Computer Science,9.11,4,52.4,1582,438,8,304,18,42.3,457,2,6,61.9,3,Intermediate,53.0,73.1,2,Product Tier Ready
STU-2821,Aditya Chawla,Computer Science,9.8,10,100.0,1431,353,7,159,11,25.8,290,3,8,59.2,2,Intermediate,46.3,70.8,2,Product Tier Ready
STU-2822,Yash Chawla,Electronics & Comm,9.73,10,100.0,1225,193,7,174,14,28.5,403,4,3,64.9,4,Intermediate,59.7,64.8,1,Service Tier Ready
STU-2823,Varun Reddy,Electrical & Electronics,7.66,8,75.6,838,42,6,117,12,21.8,60,2,6,30.1,6,Intermediate,73.0,42.7,0,Not Ready
STU-2824,Rahul Sharma,Electronics & Comm,8.02,4,46.6,948,64,4,113,6,16.4,422,2,6,59.1,5,Production-Grade,93.3,52.4,1,Service Tier Ready
STU-2825,Rohan Mehta,Information Technology,7.15,11,100.0,971,88,8,508,13,56.8,317,3,1,47.4,1,Advanced,54.7,54.0,1,Service Tier Ready
STU-2826,Rahul Chawla,Computer Science,9.05,9,88.4,1053,179,8,428,13,50.2,454,1,6,55.0,2,Intermediate,46.3,57.5,1,Service Tier Ready
STU-2827,Meera Joshi,Civil,9.29,7,74.1,936,84,5,228,11,29.5,34,3,1,24.7,4,Intermediate,59.7,48.6,0,Not Ready
STU-2828,Tanvi Sharma,Electrical & Electronics,7.77,5,55.0,842,47,11,435,22,58.2,208,5,9,68.0,1,Advanced,54.7,48.7,0,Not Ready
STU-2829,Neha Chawla,Computer Science,9.49,9,81.4,1242,281,10,203,37,45.4,83,0,4,14.6,2,Basic,28.3,58.0,1,Service Tier Ready
STU-2830,Siddharth Sharma,Civil,8.9,4,40.7,1016,87,6,205,9,27.6,248,2,5,43.2,2,Advanced,61.3,49.6,0,Not Ready
STU-2831,Aditya Joshi,Electronics & Comm,9.35,2,39.5,974,131,4,141,17,24.2,313,4,1,53.7,1,Advanced,54.7,52.0,1,Service Tier Ready
STU-2832,Vikram Chatterjee,Information Technology,7.88,5,64.4,909,40,4,126,9,19.0,456,1,1,45.1,8,Advanced,100.0,56.0,1,Service Tier Ready
STU-2833,Yash Deshmukh,Electronics & Comm,7.68,10,97.7,1383,348,9,201,15,33.2,297,2,9,55.1,0,Basic,15.0,55.7,1,Service Tier Ready
STU-2834,Arjun Chawla,Electrical & Electronics,8.94,8,82.3,1202,186,4,273,7,30.2,482,2,6,63.9,2,Basic,28.3,51.3,0,Not Ready
STU-2835,Rohan Nair,Electronics & Comm,9.35,2,34.1,1655,487,9,228,14,35.0,229,2,10,51.7,3,Basic,35.0,67.2,1,Service Tier Ready
STU-2836,Neha Joshi,Computer Science,8.54,2,32.1,1137,178,9,290,16,41.2,302,3,10,64.2,2,Basic,28.3,53.3,1,Service Tier Ready
STU-2837,Sneha Joshi,Computer Science,9.66,2,42.3,1871,611,7,248,22,38.7,293,1,6,42.1,3,Production-Grade,80.0,86.7,3,Dream Tier Ready
STU-2838,Arjun Mehta,Mechanical,9.28,7,68.0,1577,492,5,104,8,17.7,255,4,5,57.1,4,Advanced,74.7,72.5,2,Product Tier Ready
STU-2839,Meera Gupta,Computer Science,9.57,11,97.8,1080,202,5,95,9,17.4,47,3,6,35.8,1,Basic,21.7,54.0,1,Service Tier Ready
STU-2840,Arjun Chatterjee,Information Technology,9.82,11,98.1,1680,542,12,399,18,54.2,272,0,8,37.8,1,Intermediate,39.7,77.7,2,Product Tier Ready
STU-2841,Shruti Patel,Information Technology,9.49,10,94.9,980,93,6,175,9,25.1,146,1,7,32.3,3,Basic,35.0,51.2,0,Not Ready
STU-2842,Yash Iyengar,Information Technology,9.0,4,53.2,1046,138,9,328,21,46.8,39,1,7,23.8,4,Basic,41.7,52.1,1,Service Tier Ready
STU-2843,Rohan Kumar,Electronics & Comm,7.25,4,57.1,896,37,7,161,11,25.9,68,2,9,36.8,3,Intermediate,53.0,41.2,0,Not Ready
STU-2844,Shruti Gupta,Mechanical,9.82,8,81.2,1122,198,8,341,13,42.9,70,3,9,43.6,1,Intermediate,39.7,55.9,1,Service Tier Ready
STU-2845,Ananya Verma,Computer Science,7.84,7,73.5,1204,285,8,321,21,45.2,137,4,9,55.6,5,Basic,48.3,62.2,1,Service Tier Ready
STU-2846,Ishita Rao,Computer Science,8.27,10,100.0,1403,299,13,282,21,47.0,73,1,1,14.5,2,Intermediate,46.3,63.3,1,Service Tier Ready
STU-2847,Rohan Gupta,Computer Science,7.74,4,49.8,968,66,2,89,3,10.9,226,2,6,43.4,2,Advanced,61.3,47.5,0,Not Ready
STU-2848,Divya Chatterjee,Mechanical,8.45,8,81.1,1040,123,6,151,14,25.6,328,1,5,42.9,1,Basic,21.7,43.6,0,Not Ready
STU-2849,Divya Joshi,Electronics & Comm,7.97,8,75.8,1001,81,10,183,17,33.8,238,2,8,48.4,1,Intermediate,39.7,46.1,0,Not Ready
STU-2850,Arjun Chatterjee,Computer Science,8.81,10,95.8,1235,245,3,170,10,22.2,460,0,10,56.8,4,Advanced,74.7,67.2,1,Service Tier Ready
STU-2851,Siddharth Sharma,Electrical & Electronics,9.25,7,78.0,879,37,9,193,16,33.1,488,5,8,88.4,5,Basic,48.3,48.5,0,Not Ready
STU-2852,Amit Nair,Mechanical,8.76,10,91.9,1664,500,8,359,13,44.4,396,0,8,47.7,3,Advanced,68.0,74.8,2,Product Tier Ready
STU-2853,Dev Reddy,Electrical & Electronics,7.97,7,82.3,859,63,7,353,10,41.4,205,1,5,33.1,4,Intermediate,59.7,46.8,0,Not Ready
STU-2854,Sneha Gupta,Mechanical,9.44,3,46.2,924,113,9,290,21,43.7,304,1,10,51.0,1,Intermediate,39.7,47.6,0,Not Ready
STU-2855,Meera Singh,Computer Science,9.49,7,76.8,1453,384,6,128,9,21.2,306,2,10,57.8,1,Basic,21.7,63.4,1,Service Tier Ready
STU-2856,Ishita Patel,Electrical & Electronics,7.27,6,59.3,1242,172,8,153,26,33.8,265,1,1,29.9,6,Intermediate,73.0,51.9,0,Not Ready
STU-2857,Tanvi Joshi,Information Technology,8.9,7,81.0,800,36,10,349,16,47.1,32,1,4,17.2,7,Advanced,94.7,58.5,1,Service Tier Ready
STU-2858,Tanvi Singh,Electrical & Electronics,9.58,10,100.0,1082,183,7,349,17,44.6,389,1,7,51.8,2,Basic,28.3,52.4,1,Service Tier Ready
STU-2859,Rohan Chatterjee,Electronics & Comm,8.34,7,64.1,868,35,2,79,9,13.1,341,0,2,31.3,10,Intermediate,99.7,50.1,0,Not Ready
STU-2860,Divya Nair,Electrical & Electronics,8.75,6,60.1,2269,750,5,133,9,20.6,412,3,7,67.0,7,Intermediate,79.7,80.3,2,Product Tier Ready
STU-2861,Sneha Iyengar,Electronics & Comm,8.84,6,71.0,1100,196,9,211,15,34.1,456,2,5,59.8,2,Intermediate,46.3,56.2,1,Service Tier Ready
STU-2862,Rohan Verma,Computer Science,8.38,4,57.7,944,98,10,355,19,49.1,414,2,6,58.5,3,Intermediate,53.0,52.3,1,Service Tier Ready
STU-2863,Rahul Patel,Information Technology,8.91,6,57.7,1218,214,5,212,10,27.7,373,4,6,68.5,1,Intermediate,39.7,55.7,1,Service Tier Ready
STU-2864,Arjun Iyengar,Civil,9.01,6,70.7,929,55,5,103,11,19.1,283,5,5,66.0,1,Intermediate,39.7,46.4,0,Not Ready
STU-2865,Amit Patel,Mechanical,9.8,11,98.7,1391,348,9,262,16,38.8,65,1,10,31.9,2,Intermediate,46.3,64.0,1,Service Tier Ready
STU-2866,Shruti Singh,Computer Science,8.94,4,52.5,1712,530,11,198,19,37.0,35,0,7,16.8,5,Intermediate,66.3,75.5,2,Product Tier Ready
STU-2867,Siddharth Gupta,Computer Science,9.78,8,79.9,1612,439,4,195,6,23.2,359,3,4,56.7,4,Intermediate,59.7,75.5,2,Product Tier Ready
STU-2868,Priya Verma,Computer Science,8.08,9,84.2,963,99,8,288,12,38.0,331,5,1,61.8,3,Intermediate,53.0,54.3,1,Service Tier Ready
STU-2869,Aarav Nair,Electronics & Comm,8.84,8,79.8,999,103,5,258,9,31.0,436,3,9,72.9,0,Advanced,48.0,53.8,1,Service Tier Ready
STU-2870,Dev Gupta,Electrical & Electronics,8.67,3,41.4,822,17,8,242,14,35.2,49,2,7,31.3,2,Production-Grade,73.3,48.0,0,Not Ready
STU-2871,Rahul Verma,Computer Science,9.17,8,77.9,1247,239,4,91,15,19.1,466,1,9,61.9,2,Basic,28.3,58.7,1,Service Tier Ready
STU-2872,Vikram Verma,Information Technology,8.19,2,33.2,1179,198,8,301,14,40.1,451,4,9,80.7,4,Intermediate,59.7,59.3,1,Service Tier Ready
STU-2873,Neha Singh,Electrical & Electronics,9.68,4,59.2,990,160,13,464,21,62.2,320,4,7,66.3,3,Intermediate,53.0,56.8,1,Service Tier Ready
STU-2874,Dev Kumar,Electronics & Comm,8.99,11,99.4,1667,495,8,244,16,36.3,191,1,2,25.9,5,Advanced,81.3,76.8,2,Product Tier Ready
STU-2875,Meera Kumar,Information Technology,8.12,5,64.8,928,62,6,140,9,22.2,267,3,2,45.4,5,Advanced,81.3,54.8,1,Service Tier Ready
STU-2876,Ishita Verma,Information Technology,7.71,7,76.8,899,33,10,199,23,38.1,463,1,4,51.7,6,Advanced,88.0,56.3,1,Service Tier Ready
STU-2877,Aarav Verma,Information Technology,7.61,10,100.0,880,54,4,98,8,16.2,76,1,9,30.7,4,Intermediate,59.7,48.6,0,Not Ready
STU-2878,Pooja Kumar,Computer Science,7.51,10,92.7,866,88,6,109,19,24.6,321,1,7,46.3,1,Basic,21.7,45.3,0,Not Ready
STU-2879,Rohan Joshi,Information Technology,7.8,7,73.0,961,55,7,127,11,23.1,45,2,9,34.9,3,Intermediate,53.0,49.1,0,Not Ready
STU-2880,Divya Chatterjee,Electronics & Comm,9.37,10,95.5,1136,163,9,197,16,33.4,137,1,4,25.6,9,Intermediate,93.0,62.2,1,Service Tier Ready
STU-2881,Siddharth Deshmukh,Mechanical,7.74,7,67.9,996,106,12,472,24,63.3,206,3,9,54.5,2,Basic,28.3,45.7,0,Not Ready
STU-2882,Arjun Sharma,Electronics & Comm,8.91,8,81.4,918,79,10,277,18,42.1,94,1,7,28.2,3,Basic,35.0,48.6,0,Not Ready
STU-2883,Kavya Singh,Electrical & Electronics,7.69,7,72.5,1348,288,8,192,16,32.0,92,1,8,30.0,1,Advanced,54.7,54.6,1,Service Tier Ready
STU-2884,Arjun Chatterjee,Computer Science,8.41,4,58.9,923,81,4,73,7,13.6,337,2,1,42.3,4,Production-Grade,86.7,54.5,1,Service Tier Ready
STU-2885,Rohan Iyengar,Information Technology,8.45,2,46.1,1279,242,8,601,13,64.6,102,2,9,39.5,2,Basic,28.3,57.9,1,Service Tier Ready
STU-2886,Meera Chawla,Computer Science,8.25,5,69.0,1053,91,8,204,14,32.0,233,3,8,54.6,5,Advanced,81.3,58.8,1,Service Tier Ready
STU-2887,Sneha Joshi,Computer Science,8.5,2,30.0,1045,150,6,584,9,59.2,283,3,1,44.6,2,Production-Grade,73.3,59.4,1,Service Tier Ready
STU-2888,Karan Patel,Electronics & Comm,8.77,11,100.0,1868,572,8,271,12,36.6,89,2,8,36.5,2,Intermediate,46.3,74.7,2,Product Tier Ready
STU-2889,Tanvi Singh,Civil,8.7,2,37.3,828,34,9,167,20,32.9,130,2,5,33.7,9,Intermediate,93.0,51.4,0,Not Ready
STU-2890,Neha Patel,Computer Science,9.23,6,63.6,1114,146,7,321,16,41.8,46,3,3,29.7,2,Advanced,61.3,59.7,1,Service Tier Ready
STU-2891,Rahul Nair,Information Technology,7.79,9,95.6,1484,387,11,273,27,47.2,224,6,8,73.9,6,Basic,55.0,69.5,2,Product Tier Ready
STU-2892,Rahul Reddy,Electrical & Electronics,8.98,2,33.9,1261,216,13,294,23,49.0,280,2,3,41.7,2,Advanced,61.3,56.0,1,Service Tier Ready
STU-2893,Vikram Verma,Computer Science,8.97,6,68.0,985,111,11,339,18,48.2,67,2,8,34.7,5,Intermediate,66.3,57.8,1,Service Tier Ready
STU-2894,Neha Singh,Information Technology,8.84,9,83.3,974,122,10,329,15,44.9,314,1,5,41.8,1,Intermediate,39.7,54.4,1,Service Tier Ready
STU-2895,Rahul Singh,Electronics & Comm,7.71,4,40.9,1193,228,11,357,24,52.8,60,2,8,34.1,3,Intermediate,53.0,54.4,1,Service Tier Ready
STU-2896,Kavya Reddy,Electronics & Comm,9.33,7,66.5,1663,486,0,142,2,12.8,472,3,3,63.8,3,Intermediate,53.0,71.4,2,Product Tier Ready
STU-2897,Rohan Gupta,Computer Science,7.89,8,69.5,916,58,12,318,21,49.0,339,2,10,60.5,2,Advanced,61.3,54.7,1,Service Tier Ready
STU-2898,Rahul Rao,Information Technology,9.55,11,99.8,835,29,10,292,16,42.3,387,3,6,63.0,4,Basic,41.7,53.8,1,Service Tier Ready
STU-2899,Shruti Mehta,Electrical & Electronics,8.68,9,81.6,965,85,5,285,10,33.8,210,4,6,55.5,3,Intermediate,53.0,51.3,0,Not Ready
STU-2900,Riya Joshi,Information Technology,8.71,4,58.8,933,67,9,279,19,41.8,311,1,4,39.5,5,Advanced,81.3,57.1,1,Service Tier Ready
STU-2901,Divya Rao,Computer Science,7.98,2,41.9,933,86,16,298,28,54.8,170,2,5,36.9,5,Advanced,81.3,55.3,1,Service Tier Ready
STU-2902,Dev Verma,Electrical & Electronics,9.57,11,97.4,910,52,12,319,36,56.6,274,2,7,49.3,6,Advanced,88.0,56.2,1,Service Tier Ready
STU-2903,Vikram Nair,Computer Science,7.89,9,82.8,902,73,11,216,19,38.5,470,2,1,52.9,1,Intermediate,39.7,50.2,0,Not Ready
STU-2904,Aarav Singh,Electronics & Comm,9.42,5,57.1,973,41,6,109,12,21.1,304,4,8,67.0,3,Advanced,68.0,52.1,1,Service Tier Ready
STU-2905,Siddharth Deshmukh,Computer Science,7.65,3,44.1,1797,546,9,186,13,31.0,253,3,3,46.2,3,Intermediate,53.0,73.8,2,Product Tier Ready
STU-2906,Divya Singh,Civil,9.03,2,45.1,951,67,11,214,18,37.8,396,1,7,52.3,0,Intermediate,33.0,41.2,0,Not Ready
STU-2907,Siddharth Reddy,Information Technology,8.92,7,71.4,876,48,5,100,17,21.8,56,5,9,55.8,1,Intermediate,39.7,49.2,0,Not Ready
STU-2908,Siddharth Singh,Computer Science,8.11,2,39.5,873,61,9,186,15,32.0,279,3,2,46.3,1,Intermediate,39.7,44.6,0,Not Ready
STU-2909,Amit Joshi,Computer Science,6.54,7,71.2,1857,564,9,244,19,38.8,260,6,10,80.8,1,Basic,21.7,69.8,2,Product Tier Ready
STU-2910,Vikram Nair,Computer Science,7.56,9,90.8,1378,312,7,142,25,31.3,42,4,10,50.0,2,Intermediate,46.3,60.7,1,Service Tier Ready
STU-2911,Siddharth Joshi,Mechanical,8.01,4,56.6,1248,322,6,140,9,22.2,337,0,7,41.0,2,Intermediate,46.3,54.8,1,Service Tier Ready
STU-2912,Yash Rao,Civil,9.73,7,79.9,950,30,6,297,10,35.8,127,1,1,18.8,3,Basic,35.0,43.8,0,Not Ready
STU-2913,Riya Gupta,Information Technology,8.93,7,78.6,1533,387,8,362,14,45.2,221,2,5,41.0,3,Basic,35.0,67.8,1,Service Tier Ready
STU-2914,Neha Singh,Information Technology,8.36,6,54.9,971,106,3,94,5,13.3,215,1,7,37.9,1,Intermediate,39.7,47.6,0,Not Ready
STU-2915,Siddharth Nair,Electronics & Comm,9.49,4,45.4,988,88,7,355,10,41.6,48,2,5,27.2,4,Advanced,74.7,54.4,1,Service Tier Ready
STU-2916,Shruti Iyengar,Mechanical,9.04,7,75.0,1215,219,9,250,16,37.8,368,0,5,39.4,0,Intermediate,33.0,53.9,1,Service Tier Ready
STU-2917,Amit Reddy,Information Technology,8.2,2,40.2,1461,354,4,97,9,16.6,288,2,6,48.4,4,Intermediate,59.7,62.4,1,Service Tier Ready
STU-2918,Varun Chatterjee,Information Technology,8.19,5,58.6,1386,350,9,302,17,42.7,96,4,10,54.3,2,Basic,28.3,61.5,1,Service Tier Ready
STU-2919,Sneha Gupta,Information Technology,8.36,9,92.8,1665,479,6,363,16,44.2,55,2,10,37.7,2,Intermediate,46.3,73.4,2,Product Tier Ready
STU-2920,Arjun Nair,Electronics & Comm,8.97,7,81.5,1826,562,9,269,14,38.4,35,1,6,21.5,0,Intermediate,33.0,69.8,2,Product Tier Ready
STU-2921,Arjun Gupta,Computer Science,7.01,5,56.6,1028,93,9,184,13,30.8,170,1,10,40.3,5,Basic,48.3,48.7,0,Not Ready
STU-2922,Priya Chawla,Electronics & Comm,9.35,7,66.2,1040,131,7,134,10,23.2,267,2,2,38.7,3,Production-Grade,80.0,57.3,1,Service Tier Ready
STU-2923,Varun Rao,Information Technology,8.97,2,41.2,875,30,12,242,20,42.2,259,2,10,54.1,4,Advanced,74.7,54.5,1,Service Tier Ready
STU-2924,Varun Kumar,Electrical & Electronics,8.59,4,50.0,1580,459,5,131,17,24.4,56,0,10,24.5,2,Production-Grade,73.3,66.3,1,Service Tier Ready
STU-2925,Neha Mehta,Computer Science,8.27,8,70.3,922,66,7,166,26,33.8,134,1,9,35.4,2,Intermediate,46.3,48.0,0,Not Ready
STU-2926,Meera Sharma,Information Technology,8.47,2,40.4,1572,405,7,195,11,28.8,373,3,3,55.8,1,Advanced,54.7,68.0,2,Product Tier Ready
STU-2927,Shruti Reddy,Information Technology,8.34,3,48.2,988,124,6,178,9,25.3,39,2,1,18.5,5,Intermediate,66.3,49.9,0,Not Ready
STU-2928,Yash Rao,Electronics & Comm,8.05,4,49.5,1023,135,7,189,12,28.8,301,5,1,59.4,4,Advanced,74.7,55.1,1,Service Tier Ready
STU-2929,Dev Chatterjee,Computer Science,7.28,5,59.2,800,8,4,114,8,17.5,308,3,9,62.6,3,Production-Grade,80.0,50.1,0,Not Ready
STU-2930,Kavya Deshmukh,Information Technology,9.51,7,75.6,957,125,8,155,18,29.9,332,2,6,51.9,3,Basic,35.0,56.4,1,Service Tier Ready
STU-2931,Yash Verma,Information Technology,8.98,10,100.0,1602,470,5,144,13,23.5,41,2,7,30.6,4,Basic,41.7,69.9,2,Product Tier Ready
STU-2932,Ishita Mehta,Information Technology,8.89,2,42.1,842,8,8,569,22,66.4,185,2,2,32.1,3,Basic,35.0,48.7,0,Not Ready
STU-2933,Riya Patel,Electronics & Comm,9.28,5,52.5,1021,130,11,304,24,48.3,106,0,1,10.5,3,Advanced,68.0,54.6,1,Service Tier Ready
STU-2934,Amit Nair,Electronics & Comm,8.36,5,67.4,800,21,4,129,8,18.8,47,3,2,27.8,6,Intermediate,73.0,46.7,0,Not Ready
STU-2935,Sneha Nair,Electrical & Electronics,8.59,7,82.5,1148,133,12,224,18,39.7,87,3,3,33.0,4,Intermediate,59.7,55.5,1,Service Tier Ready
STU-2936,Tanvi Patel,Computer Science,7.57,2,41.1,856,51,8,167,13,28.4,159,1,3,25.4,6,Advanced,88.0,51.9,0,Not Ready
STU-2937,Yash Singh,Electrical & Electronics,7.86,10,100.0,975,80,5,175,11,25.1,203,3,8,52.2,4,Advanced,74.7,51.6,0,Not Ready
STU-2938,Arjun Verma,Information Technology,8.79,2,32.9,1585,427,4,140,8,19.7,430,3,4,62.4,4,Production-Grade,86.7,72.7,2,Product Tier Ready
STU-2939,Dev Joshi,Computer Science,9.17,11,100.0,1082,150,10,181,16,33.1,116,3,1,31.3,2,Basic,28.3,54.4,1,Service Tier Ready
STU-2940,Riya Joshi,Computer Science,7.77,2,43.3,857,83,6,117,9,20.2,349,4,2,58.6,4,Intermediate,59.7,47.0,0,Not Ready
STU-2941,Arjun Kumar,Computer Science,9.9,4,54.3,1192,183,6,152,9,23.2,372,3,9,67.8,3,Production-Grade,80.0,67.4,1,Service Tier Ready
STU-2942,Karan Chawla,Electrical & Electronics,9.72,2,35.3,929,63,4,87,7,14.8,478,3,2,62.2,1,Intermediate,39.7,45.7,0,Not Ready
STU-2943,Yash Singh,Electronics & Comm,8.14,5,55.0,1002,87,6,424,17,49.8,83,1,9,31.3,2,Intermediate,46.3,46.8,0,Not Ready
STU-2944,Meera Sharma,Electrical & Electronics,9.2,8,82.4,1229,207,6,111,13,21.8,456,2,5,59.8,2,Production-Grade,73.3,60.0,1,Service Tier Ready
STU-2945,Pooja Iyengar,Information Technology,8.77,10,98.8,1051,92,8,509,15,57.9,107,4,4,43.2,8,Advanced,100.0,68.5,2,Product Tier Ready
STU-2946,Meera Joshi,Information Technology,7.92,5,54.3,1210,256,10,286,15,41.3,233,2,4,40.0,1,Intermediate,39.7,57.5,1,Service Tier Ready
STU-2947,Amit Chawla,Computer Science,8.0,7,71.3,1088,180,12,268,24,46.3,468,3,3,63.4,5,Intermediate,66.3,63.0,1,Service Tier Ready
STU-2948,Rohan Verma,Computer Science,9.04,3,57.7,1377,337,7,203,13,30.4,299,2,2,41.3,4,Advanced,74.7,67.5,1,Service Tier Ready
STU-2949,Sneha Mehta,Information Technology,9.02,8,84.2,1849,607,8,196,15,31.8,201,0,8,32.1,2,Basic,28.3,75.7,2,Product Tier Ready
STU-2950,Tanvi Gupta,Computer Science,8.0,9,86.8,925,33,7,211,10,29.6,67,1,6,24.0,1,Intermediate,39.7,47.1,0,Not Ready
STU-2951,Neha Mehta,Computer Science,8.76,4,57.9,946,109,6,124,15,23.8,215,2,9,48.5,6,Production-Grade,100.0,62.4,1,Service Tier Ready
STU-2952,Divya Sharma,Information Technology,9.52,2,42.7,930,83,6,120,16,24.0,390,1,2,41.9,1,Intermediate,39.7,51.7,0,Not Ready
STU-2953,Varun Mehta,Electronics & Comm,8.49,3,47.1,858,78,10,255,23,42.8,265,0,1,23.2,4,Intermediate,59.7,48.4,0,Not Ready
STU-2954,Tanvi Mehta,Civil,8.71,3,47.3,1482,359,9,169,16,31.1,462,1,8,59.6,1,Intermediate,39.7,61.5,1,Service Tier Ready
STU-2955,Arjun Chatterjee,Mechanical,8.36,7,70.7,1335,301,8,178,14,29.8,45,1,8,26.3,2,Intermediate,46.3,55.3,1,Service Tier Ready
STU-2956,Siddharth Chatterjee,Electronics & Comm,9.19,8,85.7,1153,172,8,405,12,47.8,255,2,5,43.7,5,Intermediate,66.3,60.1,1,Service Tier Ready
STU-2957,Ishita Verma,Information Technology,8.28,6,63.0,1196,201,4,280,6,30.3,367,5,2,66.7,2,Advanced,61.3,58.7,1,Service Tier Ready
STU-2958,Aarav Verma,Electronics & Comm,6.89,11,100.0,818,56,6,286,10,34.8,103,0,10,28.2,2,Intermediate,46.3,39.9,0,Not Ready
STU-2959,Rahul Rao,Electrical & Electronics,9.67,2,43.7,1178,205,3,124,4,15.3,240,2,5,42.5,3,Intermediate,53.0,54.3,1,Service Tier Ready
STU-2960,Karan Iyengar,Computer Science,7.8,6,64.2,1316,317,8,146,12,26.2,315,2,8,54.5,5,Basic,48.3,58.5,1,Service Tier Ready
STU-2961,Karan Kumar,Information Technology,7.37,9,79.6,1122,175,5,102,16,21.5,353,3,4,56.2,7,Intermediate,79.7,58.9,1,Service Tier Ready
STU-2962,Varun Iyengar,Electrical & Electronics,8.96,11,100.0,905,75,4,323,9,35.4,356,2,2,45.8,6,Advanced,88.0,55.7,1,Service Tier Ready
STU-2963,Varun Rao,Information Technology,7.56,3,49.9,1296,225,6,289,14,37.1,365,3,3,55.2,4,Intermediate,59.7,58.8,1,Service Tier Ready
STU-2964,Dev Gupta,Information Technology,9.54,9,90.2,1105,96,7,173,11,26.9,144,1,3,24.2,0,Advanced,48.0,56.7,1,Service Tier Ready
STU-2965,Arjun Reddy,Information Technology,8.31,7,66.7,1100,174,6,238,9,30.3,276,0,9,40.1,4,Intermediate,59.7,56.3,1,Service Tier Ready
STU-2966,Tanvi Joshi,Computer Science,9.57,2,40.5,1060,142,13,426,21,59.0,66,1,3,17.9,2,Intermediate,46.3,56.0,1,Service Tier Ready
STU-2967,Yash Kumar,Information Technology,7.33,11,100.0,912,126,8,240,18,37.0,482,3,1,60.6,5,Basic,48.3,51.8,0,Not Ready
STU-2968,Vikram Gupta,Computer Science,8.48,10,100.0,1212,275,5,282,8,32.5,84,4,7,47.4,5,Advanced,81.3,67.5,1,Service Tier Ready
STU-2969,Aarav Reddy,Computer Science,9.26,9,94.3,1672,474,4,100,6,15.3,196,1,1,24.3,2,Intermediate,46.3,71.5,2,Product Tier Ready
STU-2970,Priya Nair,Computer Science,8.82,6,69.9,816,10,9,224,13,34.2,470,1,6,56.3,1,Intermediate,39.7,49.6,0,Not Ready
STU-2971,Ishita Chawla,Electrical & Electronics,7.6,5,62.5,1823,557,13,320,23,51.2,206,2,10,49.8,3,Basic,35.0,67.3,1,Service Tier Ready
STU-2972,Rohan Verma,Computer Science,8.94,2,36.5,1080,178,7,225,12,31.8,382,1,4,45.2,2,Production-Grade,73.3,60.6,1,Service Tier Ready
STU-2973,Shruti Patel,Information Technology,9.4,3,54.3,1308,274,7,560,11,59.2,220,0,7,31.6,1,Advanced,54.7,65.3,1,Service Tier Ready
STU-2974,Pooja Nair,Computer Science,7.86,6,68.0,1449,431,10,367,17,49.1,128,2,7,37.6,0,Intermediate,33.0,62.7,1,Service Tier Ready
STU-2975,Siddharth Reddy,Mechanical,8.31,6,72.8,1017,138,10,185,19,34.9,141,1,7,31.9,4,Intermediate,59.7,50.0,0,Not Ready
STU-2976,Aditya Kumar,Computer Science,7.71,9,86.6,1503,378,10,198,16,34.5,147,1,6,30.4,1,Intermediate,39.7,62.8,1,Service Tier Ready
STU-2977,Riya Gupta,Information Technology,9.06,6,70.1,976,51,6,215,12,29.9,191,0,7,29.3,3,Production-Grade,80.0,56.2,1,Service Tier Ready
STU-2978,Riya Verma,Mechanical,8.94,6,66.5,920,70,9,189,14,31.8,86,1,8,29.5,3,Advanced,68.0,50.0,0,Not Ready
STU-2979,Dev Iyengar,Electrical & Electronics,8.79,4,45.4,1230,223,8,161,29,35.9,382,2,3,49.9,7,Intermediate,79.7,57.8,1,Service Tier Ready
STU-2980,Yash Reddy,Computer Science,8.91,8,77.2,1527,423,6,217,14,31.1,91,4,5,43.9,3,Production-Grade,80.0,75.6,2,Product Tier Ready
STU-2981,Siddharth Verma,Electrical & Electronics,8.46,7,72.0,1671,472,10,256,18,40.3,68,4,10,52.1,3,Intermediate,53.0,68.1,2,Product Tier Ready
STU-2982,Kavya Sharma,Information Technology,8.22,6,74.6,1178,224,13,397,20,56.1,359,2,9,60.1,4,Intermediate,59.7,62.6,1,Service Tier Ready
STU-2983,Yash Verma,Information Technology,8.91,3,40.5,1236,188,12,254,21,43.7,352,2,8,57.5,3,Advanced,68.0,65.4,1,Service Tier Ready
STU-2984,Aarav Deshmukh,Computer Science,8.04,5,55.1,938,86,7,166,16,28.8,475,2,6,63.3,3,Intermediate,53.0,52.5,1,Service Tier Ready
STU-2985,Siddharth Mehta,Computer Science,9.3,4,49.4,2141,750,11,214,21,39.3,58,1,9,29.3,3,Production-Grade,80.0,86.6,3,Dream Tier Ready
STU-2986,Priya Mehta,Electronics & Comm,9.41,8,87.1,1029,106,3,159,10,21.2,256,2,10,53.8,3,Basic,35.0,50.0,0,Not Ready
STU-2987,Neha Chawla,Information Technology,8.93,10,94.3,1383,310,8,267,13,36.8,60,3,5,34.8,2,Intermediate,46.3,63.0,1,Service Tier Ready
STU-2988,Shruti Rao,Information Technology,8.66,4,52.4,1109,182,6,122,10,21.2,345,2,2,44.9,1,Basic,21.7,52.1,1,Service Tier Ready
STU-2989,Karan Patel,Electronics & Comm,7.28,8,85.1,1239,233,10,209,18,36.4,68,4,9,50.1,1,Advanced,54.7,54.0,1,Service Tier Ready
STU-2990,Meera Patel,Electrical & Electronics,7.43,10,100.0,974,126,9,178,14,30.8,492,1,5,56.0,1,Basic,21.7,43.7,0,Not Ready
STU-2991,Siddharth Kumar,Computer Science,8.7,6,76.8,2092,712,4,209,6,24.4,30,2,8,31.7,1,Basic,21.7,74.1,2,Product Tier Ready
STU-2992,Ishita Reddy,Electronics & Comm,8.38,9,95.8,1169,190,10,203,17,35.4,85,2,8,36.1,2,Basic,28.3,51.2,0,Not Ready
STU-2993,Sneha Chatterjee,Computer Science,9.46,9,87.1,1842,591,5,106,7,17.3,496,2,4,61.0,6,Intermediate,73.0,84.3,3,Dream Tier Ready
STU-2994,Arjun Mehta,Electrical & Electronics,9.5,8,79.1,800,10,11,205,22,39.1,386,3,4,58.9,5,Intermediate,66.3,51.9,0,Not Ready
STU-2995,Neha Patel,Electronics & Comm,9.84,2,38.2,1135,204,9,339,19,46.8,215,1,1,25.9,3,Basic,35.0,56.0,1,Service Tier Ready
STU-2996,Amit Mehta,Civil,9.64,6,58.3,1255,293,6,121,12,22.1,120,1,5,26.3,7,Basic,61.7,60.1,1,Service Tier Ready
STU-2997,Ishita Singh,Computer Science,8.8,11,95.0,1394,319,7,129,16,25.8,434,3,9,72.7,4,Basic,41.7,66.3,1,Service Tier Ready
STU-2998,Aarav Iyengar,Computer Science,8.96,10,98.1,1658,490,11,204,20,38.0,467,1,5,54.0,4,Intermediate,59.7,80.2,2,Product Tier Ready
STU-2999,Divya Chawla,Computer Science,8.57,10,87.3,858,17,8,189,16,31.8,228,2,5,41.6,2,Intermediate,46.3,49.8,0,Not Ready
STU-3000,Aditya Reddy,Computer Science,9.75,7,68.8,834,24,6,198,9,27.0,200,2,6,41.3,4,Intermediate,59.7,52.8,1,Service Tier Ready
STU-3001,Varun Singh,Computer Science,8.95,9,89.0,1115,158,6,158,17,27.7,254,3,6,52.3,5,Basic,48.3,59.0,1,Service Tier Ready
STU-3002,Arjun Sharma,Mechanical,8.16,5,54.7,800,11,5,150,11,23.0,211,7,8,79.5,2,Advanced,61.3,44.9,0,Not Ready
STU-3003,Yash Rao,Computer Science,9.71,10,92.2,2092,750,12,467,21,61.4,159,5,1,48.1,3,Intermediate,53.0,88.4,3,Dream Tier Ready
STU-3004,Aditya Nair,Computer Science,9.25,3,43.3,937,100,5,232,9,28.8,171,2,5,37.0,4,Advanced,74.7,57.7,1,Service Tier Ready
STU-3005,Yash Chatterjee,Electrical & Electronics,9.42,3,33.9,1155,164,7,167,10,25.9,391,1,9,55.9,2,Advanced,61.3,55.3,1,Service Tier Ready
STU-3006,Rohan Joshi,Information Technology,7.89,8,80.7,865,25,11,214,25,41.3,160,2,3,32.1,6,Production-Grade,100.0,57.3,1,Service Tier Ready
STU-3007,Priya Chatterjee,Electrical & Electronics,8.48,5,58.1,1096,172,5,228,24,36.0,171,1,7,34.3,4,Advanced,74.7,53.9,1,Service Tier Ready
STU-3008,Meera Patel,Computer Science,9.13,5,58.9,1004,127,7,211,17,33.1,34,1,7,23.4,3,Intermediate,53.0,56.7,1,Service Tier Ready
STU-3009,Pooja Gupta,Information Technology,6.53,3,39.1,847,10,13,561,29,74.2,366,1,10,55.9,3,Basic,35.0,44.2,0,Not Ready
STU-3010,Aditya Reddy,Computer Science,8.08,10,90.7,1004,130,12,455,18,58.9,196,3,3,41.7,2,Basic,28.3,52.1,1,Service Tier Ready
STU-3011,Priya Nair,Computer Science,9.07,3,43.8,1077,134,7,208,11,29.8,414,3,7,67.1,2,Advanced,61.3,59.5,1,Service Tier Ready
STU-3012,Tanvi Deshmukh,Mechanical,7.73,10,89.5,2139,750,11,205,24,40.1,149,0,3,17.9,3,Intermediate,53.0,74.3,2,Product Tier Ready
STU-3013,Riya Kumar,Computer Science,9.24,6,64.4,969,58,9,165,13,29.2,72,2,6,31.1,4,Advanced,74.7,56.7,1,Service Tier Ready
STU-3014,Amit Gupta,Information Technology,9.3,6,79.4,1107,197,14,433,21,60.6,121,3,8,45.7,3,Intermediate,53.0,62.0,1,Service Tier Ready
STU-3015,Divya Singh,Information Technology,9.15,8,82.7,2143,750,2,155,9,19.4,259,3,8,56.7,5,Advanced,81.3,86.8,3,Dream Tier Ready
STU-3016,Divya Singh,Computer Science,9.17,6,64.8,1402,360,9,244,16,37.3,269,2,6,46.9,0,Advanced,48.0,65.6,1,Service Tier Ready
STU-3017,Varun Verma,Mechanical,8.68,7,73.5,2231,750,9,278,15,39.7,216,2,2,34.6,7,Basic,61.7,77.2,2,Product Tier Ready
STU-3018,Pooja Gupta,Computer Science,9.28,4,59.1,2075,708,6,185,12,27.4,107,1,1,17.2,0,Advanced,48.0,78.5,2,Product Tier Ready
STU-3019,Dev Joshi,Electronics & Comm,7.45,4,49.9,1050,167,6,194,17,30.7,494,4,3,72.2,6,Intermediate,73.0,54.1,1,Service Tier Ready
STU-3020,Neha Deshmukh,Civil,8.83,4,54.3,1233,266,6,133,14,24.1,300,1,3,36.7,3,Advanced,68.0,58.7,1,Service Tier Ready
STU-3021,Tanvi Iyengar,Information Technology,8.21,2,45.7,895,39,7,186,15,30.0,75,1,7,26.7,3,Production-Grade,80.0,50.4,0,Not Ready
STU-3022,Kavya Chawla,Mechanical,7.63,4,52.8,943,130,8,145,27,33.6,36,0,4,10.9,1,Production-Grade,66.7,46.0,0,Not Ready
STU-3023,Divya Joshi,Computer Science,6.88,5,58.9,1397,337,5,200,10,26.7,199,2,2,33.3,4,Basic,41.7,55.3,1,Service Tier Ready
STU-3024,Rohan Mehta,Information Technology,7.48,7,81.5,1020,146,12,256,18,42.3,144,1,2,22.2,5,Basic,48.3,52.6,1,Service Tier Ready
STU-3025,Vikram Gupta,Computer Science,7.27,5,65.1,1263,262,11,304,18,45.3,292,1,7,44.0,4,Advanced,74.7,60.3,1,Service Tier Ready
STU-3026,Priya Rao,Electronics & Comm,8.86,4,55.7,1361,309,6,368,9,41.2,460,3,8,72.8,2,Advanced,61.3,65.7,1,Service Tier Ready
STU-3027,Kavya Verma,Civil,8.55,9,87.5,939,80,5,179,7,23.4,373,2,5,53.2,4,Basic,41.7,47.0,0,Not Ready
STU-3028,Neha Gupta,Computer Science,9.52,6,61.2,1605,455,8,183,13,29.8,375,4,2,60.7,4,Intermediate,59.7,75.9,2,Product Tier Ready
STU-3029,Yash Patel,Electronics & Comm,8.68,4,63.2,1062,141,5,113,9,18.9,491,0,3,45.3,2,Basic,28.3,45.5,0,Not Ready
STU-3030,Karan Singh,Computer Science,9.28,5,65.5,1017,72,5,118,10,19.8,268,2,1,36.8,5,Intermediate,66.3,56.1,1,Service Tier Ready
STU-3031,Ishita Joshi,Information Technology,8.1,5,59.6,1589,403,10,616,15,68.8,304,1,10,51.0,2,Advanced,61.3,73.5,2,Product Tier Ready
STU-3032,Vikram Joshi,Information Technology,9.26,4,59.0,1040,143,10,275,16,40.9,338,3,4,55.0,8,Intermediate,86.3,62.3,1,Service Tier Ready
STU-3033,Arjun Singh,Civil,8.7,10,100.0,1414,321,10,238,16,37.8,375,1,7,50.7,2,Basic,28.3,57.4,1,Service Tier Ready
STU-3034,Neha Reddy,Electronics & Comm,8.13,5,57.0,1179,192,3,80,6,12.7,45,2,10,36.9,1,Production-Grade,66.7,52.8,1,Service Tier Ready
STU-3035,Amit Kumar,Computer Science,9.28,9,86.6,971,106,4,220,6,25.3,91,2,9,38.6,5,Intermediate,66.3,55.9,1,Service Tier Ready
STU-3036,Yash Chawla,Computer Science,8.27,10,98.9,1480,379,10,229,17,37.6,223,1,3,30.5,5,Intermediate,66.3,70.3,2,Product Tier Ready
STU-3037,Amit Chawla,Computer Science,9.21,8,76.6,1217,217,6,143,12,23.9,350,1,4,42.7,2,Basic,28.3,59.1,1,Service Tier Ready
STU-3038,Neha Kumar,Computer Science,7.79,4,56.4,1024,145,10,205,15,34.6,397,3,6,63.8,4,Basic,41.7,51.8,0,Not Ready
STU-3039,Neha Reddy,Computer Science,9.76,2,37.9,877,50,3,74,7,12.7,464,2,1,52.5,5,Intermediate,66.3,52.6,1,Service Tier Ready
STU-3040,Kavya Patel,Mechanical,7.48,10,91.2,1675,492,6,139,14,24.6,321,1,5,42.3,2,Advanced,61.3,66.0,1,Service Tier Ready
STU-3041,Neha Gupta,Information Technology,7.84,5,55.3,802,9,4,170,6,21.2,192,2,10,48.7,2,Intermediate,46.3,41.2,0,Not Ready
STU-3042,Dev Joshi,Information Technology,8.11,4,51.9,1508,402,10,207,15,34.8,264,1,5,37.8,2,Intermediate,46.3,62.8,1,Service Tier Ready
STU-3043,Ananya Deshmukh,Computer Science,6.4,8,82.5,1065,135,12,222,20,40.5,309,1,10,51.4,4,Advanced,74.7,56.0,1,Service Tier Ready
STU-3044,Pooja Sharma,Mechanical,9.4,11,99.1,1170,205,8,188,20,33.7,270,2,9,52.9,2,Production-Grade,73.3,61.4,1,Service Tier Ready
STU-3045,Riya Patel,Electronics & Comm,8.0,10,93.2,1823,551,10,267,39,51.8,354,0,9,46.3,3,Intermediate,53.0,73.2,2,Product Tier Ready
STU-3046,Aditya Deshmukh,Computer Science,6.91,8,81.9,1014,49,2,42,3,7.0,404,4,1,61.0,1,Intermediate,39.7,45.0,0,Not Ready
STU-3047,Arjun Kumar,Electronics & Comm,7.48,10,100.0,1144,206,14,312,21,50.5,442,4,3,68.0,2,Advanced,61.3,58.4,1,Service Tier Ready
STU-3048,Karan Mehta,Information Technology,8.24,8,82.6,1415,336,7,131,11,23.4,262,1,4,35.6,3,Intermediate,53.0,64.4,1,Service Tier Ready
STU-3049,Riya Singh,Computer Science,9.23,9,90.1,1358,296,8,290,14,39.2,158,3,1,34.6,6,Basic,55.0,65.9,1,Service Tier Ready
STU-3050,Tanvi Reddy,Information Technology,9.2,9,88.0,1138,158,7,331,13,41.1,470,0,9,55.6,3,Intermediate,53.0,63.9,1,Service Tier Ready
STU-3051,Ishita Iyengar,Information Technology,7.94,9,98.6,1253,240,6,439,23,54.1,152,1,2,22.8,3,Advanced,68.0,62.2,1,Service Tier Ready
STU-3052,Dev Reddy,Computer Science,8.41,3,36.1,1312,315,8,261,20,39.8,166,1,5,29.9,3,Production-Grade,80.0,64.8,1,Service Tier Ready
STU-3053,Neha Verma,Mechanical,9.3,3,40.6,1501,408,6,207,12,29.2,385,3,3,56.8,2,Intermediate,46.3,61.3,1,Service Tier Ready
STU-3054,Varun Sharma,Electrical & Electronics,9.17,3,41.8,1343,298,4,190,7,23.3,493,2,4,60.8,2,Intermediate,46.3,57.0,1,Service Tier Ready
STU-3055,Sneha Nair,Electronics & Comm,8.83,8,85.4,979,119,7,318,12,39.5,44,0,4,11.5,6,Advanced,88.0,57.0,1,Service Tier Ready
STU-3056,Ananya Nair,Information Technology,8.91,9,85.7,2076,750,8,308,15,41.2,359,0,2,32.7,6,Basic,55.0,83.5,3,Dream Tier Ready
STU-3057,Sneha Kumar,Information Technology,8.73,11,100.0,1006,137,5,147,12,23.2,258,4,2,51.3,3,Advanced,68.0,58.7,1,Service Tier Ready
STU-3058,Kavya Patel,Electronics & Comm,8.71,2,26.2,800,18,5,195,10,26.2,173,1,8,36.5,3,Intermediate,53.0,43.5,0,Not Ready
STU-3059,Dev Joshi,Information Technology,9.47,9,89.6,918,94,9,179,14,30.9,259,1,2,31.4,4,Basic,41.7,53.8,1,Service Tier Ready
STU-3060,Shruti Chatterjee,Computer Science,9.77,9,81.8,983,32,11,316,20,47.3,205,0,10,36.4,4,Intermediate,59.7,57.1,1,Service Tier Ready
STU-3061,Riya Kumar,Information Technology,9.07,6,71.4,945,72,0,131,3,12.4,321,2,7,53.0,5,Basic,48.3,49.9,0,Not Ready
STU-3062,Karan Verma,Electrical & Electronics,8.09,4,47.6,980,97,5,251,9,30.4,275,1,1,30.7,2,Intermediate,46.3,43.6,0,Not Ready
STU-3063,Varun Verma,Information Technology,8.75,2,35.1,944,55,10,350,20,49.2,82,4,1,35.2,1,Intermediate,39.7,50.4,0,Not Ready
STU-3064,Rahul Chatterjee,Computer Science,7.9,5,53.1,1395,281,9,219,14,34.2,364,1,10,55.8,4,Basic,41.7,61.8,1,Service Tier Ready
STU-3065,Meera Deshmukh,Electrical & Electronics,8.17,8,75.4,905,48,6,341,11,39.9,416,2,3,52.6,1,Intermediate,39.7,41.7,0,Not Ready
STU-3066,Pooja Kumar,Computer Science,8.95,8,80.8,1014,91,11,594,27,74.0,176,2,3,33.4,3,Intermediate,53.0,56.6,1,Service Tier Ready
STU-3067,Ananya Chatterjee,Computer Science,8.87,6,65.2,816,23,15,651,27,82.8,70,0,9,23.6,3,Intermediate,53.0,51.5,0,Not Ready
STU-3068,Shruti Reddy,Computer Science,9.6,7,70.3,832,43,7,214,12,30.8,322,3,2,49.8,5,Basic,48.3,53.6,1,Service Tier Ready
STU-3069,Meera Rao,Computer Science,9.51,10,87.1,1030,103,4,153,9,21.2,269,1,4,36.2,2,Intermediate,46.3,56.2,1,Service Tier Ready
STU-3070,Ishita Verma,Electrical & Electronics,9.75,8,77.3,1179,186,6,169,11,25.6,472,3,3,63.8,4,Advanced,74.7,61.4,1,Service Tier Ready
STU-3071,Shruti Deshmukh,Information Technology,8.21,3,51.3,2045,670,4,107,6,15.9,224,3,7,51.9,3,Advanced,68.0,80.0,2,Product Tier Ready
STU-3072,Amit Chatterjee,Computer Science,8.9,3,46.7,1576,428,4,112,7,16.8,165,2,6,38.5,2,Intermediate,46.3,67.4,1,Service Tier Ready
STU-3073,Sneha Nair,Mechanical,9.54,3,47.9,1589,460,11,222,24,41.5,117,2,9,40.7,4,Intermediate,59.7,69.9,2,Product Tier Ready
STU-3074,Ananya Reddy,Mechanical,9.39,3,52.9,930,86,7,437,12,49.4,299,4,8,66.6,3,Intermediate,53.0,54.2,1,Service Tier Ready
STU-3075,Rahul Gupta,Mechanical,9.09,6,71.5,1032,97,8,240,15,35.5,283,6,2,66.6,2,Basic,28.3,47.5,0,Not Ready
STU-3076,Rohan Reddy,Computer Science,7.96,11,100.0,829,33,8,416,12,48.7,218,2,3,36.8,1,Production-Grade,66.7,53.7,1,Service Tier Ready
STU-3077,Priya Chatterjee,Information Technology,9.13,6,67.9,1390,323,3,102,6,14.5,320,3,1,47.6,0,Advanced,48.0,63.8,1,Service Tier Ready
STU-3078,Sneha Rao,Civil,8.01,9,85.0,849,49,6,143,19,27.4,429,0,8,50.3,0,Basic,15.0,38.9,0,Not Ready
STU-3079,Shruti Joshi,Electrical & Electronics,9.28,6,67.5,1170,211,6,122,10,21.2,100,0,2,12.0,4,Intermediate,59.7,54.3,1,Service Tier Ready
STU-3080,Yash Gupta,Computer Science,8.36,9,88.5,906,89,4,107,7,16.4,262,1,4,35.6,2,Intermediate,46.3,49.0,0,Not Ready
STU-3081,Yash Joshi,Computer Science,7.18,7,63.9,960,91,13,454,19,60.3,448,3,2,59.8,1,Intermediate,39.7,49.6,0,Not Ready
STU-3082,Amit Singh,Information Technology,9.22,11,100.0,2126,750,6,195,9,26.8,37,2,2,20.3,2,Intermediate,46.3,80.0,2,Product Tier Ready
STU-3083,Neha Joshi,Mechanical,7.72,5,65.4,1292,321,8,204,15,32.5,473,3,3,63.8,1,Advanced,54.7,56.0,1,Service Tier Ready
STU-3084,Vikram Chatterjee,Information Technology,9.76,11,92.0,1543,395,5,173,11,24.9,297,1,10,50.4,7,Intermediate,79.7,78.6,2,Product Tier Ready
STU-3085,Aditya Deshmukh,Information Technology,8.29,5,51.2,1156,181,11,421,20,56.1,462,4,5,73.6,3,Advanced,68.0,62.7,1,Service Tier Ready
STU-3086,Aditya Chatterjee,Computer Science,8.63,4,47.8,1546,413,5,111,10,19.2,395,4,8,74.3,1,Production-Grade,66.7,71.7,2,Product Tier Ready
STU-3087,Ananya Joshi,Electronics & Comm,9.41,10,91.9,1200,254,5,427,10,45.6,365,1,10,55.9,2,Basic,28.3,56.7,1,Service Tier Ready
STU-3088,Pooja Kumar,Electrical & Electronics,7.91,6,66.0,1864,622,9,271,13,38.1,144,0,2,15.5,1,Basic,21.7,65.2,1,Service Tier Ready
STU-3089,Rahul Joshi,Information Technology,7.28,9,97.2,1082,92,12,409,25,58.6,353,3,5,58.2,6,Production-Grade,100.0,63.8,1,Service Tier Ready
STU-3090,Meera Patel,Electrical & Electronics,9.09,5,63.6,1064,220,8,218,14,33.2,448,2,4,57.2,2,Basic,28.3,53.5,1,Service Tier Ready
STU-3091,Siddharth Iyengar,Civil,9.06,4,54.3,1188,246,8,171,12,28.2,330,0,3,32.4,8,Basic,68.3,57.9,1,Service Tier Ready
STU-3092,Kavya Nair,Computer Science,6.97,7,73.1,1132,125,9,245,14,36.4,326,2,10,59.4,0,Advanced,48.0,49.8,0,Not Ready
STU-3093,Varun Nair,Information Technology,8.68,7,73.5,1707,436,6,115,11,21.1,266,4,6,59.9,1,Intermediate,39.7,71.5,2,Product Tier Ready
STU-3094,Karan Chawla,Computer Science,7.95,7,78.5,2234,750,9,353,14,45.4,346,5,9,79.0,1,Intermediate,39.7,80.7,2,Product Tier Ready
STU-3095,Tanvi Deshmukh,Electrical & Electronics,8.81,3,52.0,1089,146,8,248,22,39.7,105,5,8,57.7,1,Basic,21.7,45.0,0,Not Ready
STU-3096,Priya Patel,Information Technology,9.5,7,70.3,1012,136,10,213,17,36.2,498,4,2,70.5,3,Advanced,68.0,60.8,1,Service Tier Ready
STU-3097,Ishita Chawla,Electronics & Comm,8.95,6,69.1,973,143,11,230,31,45.7,428,2,1,49.6,2,Advanced,61.3,54.4,1,Service Tier Ready
STU-3098,Ananya Nair,Electrical & Electronics,9.38,6,67.8,1547,404,8,377,17,47.9,128,4,8,52.9,5,Intermediate,66.3,72.4,2,Product Tier Ready
STU-3099,Amit Patel,Information Technology,8.4,4,58.4,1217,253,10,363,21,50.8,352,1,5,44.8,2,Intermediate,46.3,58.6,1,Service Tier Ready
STU-3100,Yash Deshmukh,Mechanical,7.52,6,74.2,917,25,8,288,13,38.5,472,2,2,55.1,3,Basic,35.0,41.1,0,Not Ready
STU-3101,Vikram Rao,Information Technology,8.44,11,100.0,1009,168,10,233,15,36.9,31,3,10,42.5,2,Production-Grade,73.3,59.6,1,Service Tier Ready
STU-3102,Vikram Iyengar,Computer Science,9.2,2,38.2,837,15,10,385,19,51.6,151,1,1,20.7,6,Advanced,88.0,55.2,1,Service Tier Ready
STU-3103,Siddharth Deshmukh,Electronics & Comm,8.44,2,31.1,1418,318,5,118,9,19.3,419,1,8,56.2,6,Intermediate,73.0,63.3,1,Service Tier Ready
STU-3104,Sneha Chatterjee,Electrical & Electronics,8.19,8,75.4,1045,108,6,110,20,25.2,214,2,8,46.5,4,Production-Grade,86.7,54.8,1,Service Tier Ready
STU-3105,Tanvi Singh,Computer Science,6.28,11,100.0,1102,145,3,110,5,14.7,45,3,6,35.6,7,Production-Grade,100.0,56.0,1,Service Tier Ready
STU-3106,Riya Patel,Mechanical,8.0,8,87.0,1474,365,7,377,14,45.4,308,0,5,34.6,1,Intermediate,39.7,57.0,1,Service Tier Ready
STU-3107,Varun Mehta,Mechanical,7.4,10,100.0,826,11,8,228,20,37.0,380,4,5,67.1,4,Production-Grade,86.7,48.8,0,Not Ready
STU-3108,Rahul Mehta,Computer Science,9.71,10,84.0,910,36,10,206,17,35.7,399,1,6,50.6,5,Basic,48.3,54.2,1,Service Tier Ready
STU-3109,Ishita Singh,Civil,9.64,8,78.8,1004,104,8,249,24,40.8,70,3,5,35.6,2,Advanced,61.3,54.7,1,Service Tier Ready
STU-3110,Dev Verma,Computer Science,9.17,11,100.0,964,81,10,316,15,43.8,443,2,2,52.8,3,Basic,35.0,55.0,1,Service Tier Ready
STU-3111,Amit Chatterjee,Computer Science,8.1,10,99.4,963,90,6,187,12,27.6,480,1,7,59.1,2,Intermediate,46.3,54.2,1,Service Tier Ready
STU-3112,Rohan Singh,Computer Science,9.33,11,100.0,2130,750,9,346,19,47.3,404,1,4,47.0,4,Advanced,74.7,90.4,3,Dream Tier Ready
STU-3113,Karan Iyengar,Mechanical,9.45,10,93.5,1380,360,3,143,5,17.4,407,2,7,59.9,0,Intermediate,33.0,59.3,1,Service Tier Ready
STU-3114,Rahul Iyengar,Electronics & Comm,8.39,4,53.8,1570,461,5,100,7,16.8,84,2,1,22.1,5,Advanced,81.3,68.7,2,Product Tier Ready
STU-3115,Pooja Reddy,Computer Science,8.46,5,50.5,1779,555,5,255,7,29.8,237,3,6,51.0,2,Basic,28.3,68.1,2,Product Tier Ready
STU-3116,Riya Gupta,Information Technology,8.36,2,37.0,959,92,7,141,12,24.8,161,1,2,23.5,1,Intermediate,39.7,46.9,0,Not Ready
STU-3117,Varun Sharma,Electronics & Comm,8.33,3,43.8,920,94,8,358,13,44.3,395,5,3,70.9,1,Basic,21.7,45.7,0,Not Ready
STU-3118,Shruti Verma,Computer Science,7.81,9,89.8,931,102,4,145,7,19.6,385,1,3,43.5,2,Basic,28.3,44.5,0,Not Ready
STU-3119,Shruti Reddy,Mechanical,8.67,10,97.2,1445,369,8,275,14,37.9,313,2,10,58.4,1,Intermediate,39.7,64.6,1,Service Tier Ready
STU-3120,Amit Mehta,Electrical & Electronics,8.35,10,91.8,1284,244,12,573,18,68.8,207,7,1,65.2,6,Intermediate,73.0,66.4,1,Service Tier Ready
STU-3121,Yash Gupta,Information Technology,8.99,10,94.9,873,100,14,308,42,60.7,271,4,5,58.3,4,Intermediate,59.7,61.0,1,Service Tier Ready
STU-3122,Rohan Chatterjee,Civil,8.86,2,39.3,961,116,9,223,18,36.6,271,3,8,57.7,2,Intermediate,46.3,49.2,0,Not Ready
STU-3123,Meera Singh,Information Technology,8.35,9,86.6,1072,147,9,336,13,43.5,313,1,8,47.7,3,Intermediate,53.0,56.7,1,Service Tier Ready
STU-3124,Aditya Singh,Civil,8.4,6,72.1,1150,159,5,101,12,19.4,152,0,10,32.2,4,Intermediate,59.7,50.4,0,Not Ready
STU-3125,Aditya Reddy,Electronics & Comm,9.04,4,52.1,1748,467,9,164,19,32.2,466,1,7,57.9,2,Basic,28.3,66.2,1,Service Tier Ready
STU-3126,Rahul Gupta,Electronics & Comm,7.93,7,84.7,1018,131,5,182,8,24.2,480,2,7,65.7,3,Intermediate,53.0,48.5,0,Not Ready
STU-3127,Kavya Gupta,Computer Science,9.48,5,56.0,1683,501,7,144,17,27.5,311,1,8,47.5,2,Intermediate,46.3,74.4,2,Product Tier Ready
STU-3128,Meera Joshi,Mechanical,9.08,2,42.8,1084,162,9,191,17,33.4,196,2,8,45.0,2,Intermediate,46.3,52.0,1,Service Tier Ready
STU-3129,Vikram Joshi,Information Technology,9.17,4,58.5,1327,287,14,626,27,79.7,42,3,5,33.4,3,Advanced,68.0,70.6,2,Product Tier Ready
STU-3130,Riya Chatterjee,Computer Science,9.76,3,40.4,1778,545,5,195,12,27.2,100,1,7,28.7,3,Intermediate,53.0,79.6,2,Product Tier Ready
STU-3131,Siddharth Chawla,Computer Science,8.92,2,41.5,1705,500,14,445,25,63.6,83,2,2,24.0,3,Production-Grade,80.0,79.0,2,Product Tier Ready
STU-3132,Tanvi Chatterjee,Information Technology,8.65,11,100.0,835,57,9,390,14,48.5,42,3,4,31.4,2,Production-Grade,73.3,54.9,1,Service Tier Ready
STU-3133,Ananya Sharma,Information Technology,7.52,10,98.0,837,67,9,174,15,31.0,405,0,6,44.4,1,Advanced,54.7,49.7,0,Not Ready
STU-3134,Priya Mehta,Electronics & Comm,8.92,4,41.6,1157,179,8,406,14,48.8,88,1,10,33.7,4,Intermediate,59.7,56.6,1,Service Tier Ready
STU-3135,Dev Sharma,Mechanical,9.3,2,43.2,1076,159,9,363,13,45.8,289,0,3,29.1,0,Basic,15.0,46.4,0,Not Ready
STU-3136,Priya Chawla,Computer Science,8.71,4,55.4,1250,227,9,166,16,30.8,109,6,2,52.7,5,Advanced,81.3,66.0,1,Service Tier Ready
STU-3137,Neha Reddy,Electronics & Comm,8.56,2,41.6,1907,609,9,540,15,61.5,470,1,1,46.3,5,Basic,48.3,78.4,2,Product Tier Ready
STU-3138,Dev Sharma,Computer Science,8.14,2,37.7,816,49,10,241,16,38.1,89,2,4,28.5,0,Basic,15.0,37.8,0,Not Ready
STU-3139,Ishita Rao,Mechanical,9.69,10,90.1,1140,146,10,546,15,63.0,76,3,2,30.1,2,Advanced,61.3,59.5,1,Service Tier Ready
STU-3140,Yash Chawla,Electrical & Electronics,9.18,2,47.3,958,87,11,371,17,50.4,362,0,3,35.0,2,Intermediate,46.3,47.8,0,Not Ready
STU-3141,Vikram Chawla,Information Technology,8.78,6,73.2,1588,459,4,130,9,19.3,231,3,10,58.5,2,Intermediate,46.3,71.2,2,Product Tier Ready
STU-3142,Amit Nair,Electronics & Comm,7.65,6,73.3,2006,685,4,143,8,19.9,290,2,6,48.5,3,Production-Grade,80.0,77.9,2,Product Tier Ready
STU-3143,Neha Deshmukh,Computer Science,9.42,2,37.8,1005,148,5,122,9,19.7,65,2,10,38.5,2,Advanced,61.3,54.4,1,Service Tier Ready
STU-3144,Rahul Verma,Information Technology,8.33,10,96.3,915,55,10,246,15,38.0,48,2,3,23.2,4,Intermediate,59.7,52.2,1,Service Tier Ready
STU-3145,Amit Gupta,Electrical & Electronics,7.62,6,70.2,1402,338,7,137,16,26.4,285,1,3,35.5,4,Intermediate,59.7,57.9,1,Service Tier Ready
STU-3146,Rahul Verma,Information Technology,9.04,3,47.2,1381,267,5,329,12,38.4,315,0,4,33.2,1,Intermediate,39.7,61.4,1,Service Tier Ready
STU-3147,Pooja Mehta,Information Technology,8.53,8,81.6,1020,108,9,286,15,40.3,396,4,3,64.3,3,Advanced,68.0,58.4,1,Service Tier Ready
STU-3148,Amit Patel,Information Technology,9.0,10,99.1,1743,470,7,289,11,36.6,70,2,6,30.9,3,Advanced,68.0,79.1,2,Product Tier Ready
STU-3149,Ananya Singh,Electrical & Electronics,9.01,5,56.4,2101,750,7,201,15,31.2,461,4,9,81.5,2,Basic,28.3,72.5,2,Product Tier Ready
STU-3150,Amit Nair,Computer Science,9.0,6,74.6,1084,167,10,193,24,38.1,313,3,8,61.0,5,Intermediate,66.3,61.3,1,Service Tier Ready
STU-3151,Shruti Iyengar,Computer Science,9.07,10,95.3,1164,178,4,149,6,19.4,316,5,2,62.6,3,Intermediate,53.0,60.5,1,Service Tier Ready
STU-3152,Sneha Singh,Electronics & Comm,9.77,3,42.1,968,77,6,147,12,24.2,257,2,3,39.9,4,Advanced,74.7,55.6,1,Service Tier Ready
STU-3153,Amit Verma,Electrical & Electronics,9.18,6,62.7,1188,216,7,127,12,23.6,470,3,8,73.6,3,Intermediate,53.0,55.2,1,Service Tier Ready
STU-3154,Yash Verma,Computer Science,8.79,7,65.6,956,117,10,275,15,40.4,200,3,3,42.0,3,Basic,35.0,52.3,1,Service Tier Ready
STU-3155,Aarav Rao,Computer Science,9.38,4,55.7,863,96,17,498,30,73.5,274,4,5,58.6,6,Intermediate,73.0,61.9,1,Service Tier Ready
STU-3156,Riya Verma,Computer Science,8.37,11,98.2,830,23,4,195,6,23.2,478,1,9,62.9,0,Advanced,48.0,50.3,0,Not Ready
STU-3157,Vikram Joshi,Computer Science,8.72,10,95.5,963,96,12,241,22,43.1,422,4,2,64.4,4,Advanced,74.7,60.3,1,Service Tier Ready
STU-3158,Sneha Kumar,Information Technology,9.66,11,100.0,963,87,6,278,10,34.2,41,2,9,34.6,4,Basic,41.7,54.7,1,Service Tier Ready
STU-3159,Tanvi Reddy,Electronics & Comm,8.03,9,74.6,1017,161,9,199,16,33.6,244,1,10,46.2,0,Intermediate,33.0,48.3,0,Not Ready
STU-3160,Aarav Sharma,Electronics & Comm,7.55,5,58.7,1134,210,7,150,11,25.0,169,2,5,36.9,1,Basic,21.7,47.2,0,Not Ready
STU-3161,Yash Gupta,Electronics & Comm,8.04,6,77.1,1219,222,8,468,13,53.5,327,2,9,57.5,1,Intermediate,39.7,54.6,1,Service Tier Ready
STU-3162,Priya Deshmukh,Information Technology,8.73,9,91.4,1023,108,6,109,9,19.6,486,4,4,73.5,3,Basic,35.0,52.5,1,Service Tier Ready
STU-3163,Ishita Iyengar,Electrical & Electronics,8.53,11,100.0,1022,118,4,90,8,15.5,466,3,8,73.3,2,Advanced,61.3,52.0,1,Service Tier Ready
STU-3164,Vikram Reddy,Information Technology,8.66,11,100.0,1463,378,6,170,9,24.7,375,3,8,66.0,3,Intermediate,53.0,69.9,2,Product Tier Ready
STU-3165,Rohan Rao,Civil,8.26,2,24.7,1039,166,6,126,9,21.0,214,0,3,23.1,0,Production-Grade,60.0,44.6,0,Not Ready
STU-3166,Arjun Verma,Electronics & Comm,8.86,9,88.5,2197,750,7,144,10,24.0,241,2,5,42.6,4,Advanced,74.7,80.4,2,Product Tier Ready
STU-3167,Shruti Chatterjee,Computer Science,8.82,7,75.1,1109,152,13,334,25,53.3,301,1,10,50.7,8,Intermediate,86.3,68.3,2,Product Tier Ready
STU-3168,Priya Verma,Electronics & Comm,9.2,8,76.1,1219,249,5,260,11,32.2,490,0,1,41.2,7,Intermediate,79.7,63.9,1,Service Tier Ready
STU-3169,Siddharth Gupta,Computer Science,9.37,5,55.6,874,18,13,342,20,51.5,128,2,6,35.6,3,Advanced,68.0,54.8,1,Service Tier Ready
STU-3170,Kavya Patel,Electronics & Comm,8.62,7,71.3,1259,257,4,82,8,14.8,463,2,9,68.4,4,Intermediate,59.7,62.7,1,Service Tier Ready
STU-3171,Arjun Chatterjee,Computer Science,7.66,11,100.0,1505,411,13,459,23,62.8,161,1,1,21.5,2,Basic,28.3,63.9,1,Service Tier Ready
STU-3172,Vikram Mehta,Computer Science,9.34,11,93.8,1958,618,9,418,21,54.3,144,3,2,35.5,3,Intermediate,53.0,84.4,3,Dream Tier Ready
STU-3173,Tanvi Patel,Mechanical,8.57,5,50.3,2155,750,7,158,10,25.2,298,1,7,44.5,2,Basic,28.3,69.4,2,Product Tier Ready
STU-3174,Rohan Kumar,Computer Science,7.5,11,100.0,926,82,13,314,21,49.7,89,2,6,32.5,2,Intermediate,46.3,51.4,0,Not Ready
STU-3175,Varun Sharma,Electrical & Electronics,9.52,11,99.3,1092,198,10,246,18,39.5,313,2,10,58.4,8,Basic,68.3,59.1,1,Service Tier Ready
STU-3176,Divya Mehta,Computer Science,8.74,3,52.3,965,125,15,380,22,57.7,138,0,3,17.0,3,Basic,35.0,53.1,1,Service Tier Ready
STU-3177,Neha Reddy,Electronics & Comm,9.5,2,33.7,1196,197,13,615,20,74.2,425,2,2,51.3,0,Intermediate,33.0,58.8,1,Service Tier Ready
STU-3178,Pooja Iyengar,Electronics & Comm,8.83,5,59.1,934,62,9,591,18,67.2,437,2,7,62.3,5,Advanced,81.3,59.6,1,Service Tier Ready
STU-3179,Aditya Mehta,Information Technology,6.74,8,86.6,1456,397,6,179,10,25.9,377,4,10,76.8,2,Intermediate,46.3,62.9,1,Service Tier Ready
STU-3180,Shruti Patel,Computer Science,7.61,9,94.1,1678,521,10,189,15,33.2,414,1,10,59.8,2,Basic,28.3,68.9,2,Product Tier Ready
STU-3181,Ishita Joshi,Computer Science,8.87,4,53.3,1160,142,10,220,18,37.3,447,2,5,59.1,3,Intermediate,53.0,59.3,1,Service Tier Ready
STU-3182,Tanvi Reddy,Computer Science,8.58,4,47.1,994,95,8,197,13,30.9,416,1,6,51.9,9,Basic,75.0,56.0,1,Service Tier Ready
STU-3183,Aditya Verma,Computer Science,9.19,6,57.8,930,39,6,184,13,27.8,51,0,9,22.1,2,Intermediate,46.3,50.3,0,Not Ready
STU-3184,Priya Patel,Electronics & Comm,8.69,11,100.0,1337,257,7,448,19,53.8,370,1,7,50.3,3,Advanced,68.0,66.6,1,Service Tier Ready
STU-3185,Priya Joshi,Mechanical,8.81,11,100.0,929,98,2,66,6,10.5,56,2,4,25.8,5,Basic,48.3,43.7,0,Not Ready
STU-3186,Shruti Singh,Mechanical,9.66,8,77.0,1799,507,9,238,17,37.3,434,0,9,52.7,1,Basic,21.7,67.7,1,Service Tier Ready
STU-3187,Pooja Singh,Electrical & Electronics,8.17,5,63.8,1187,245,11,232,19,39.8,243,2,3,38.8,3,Intermediate,53.0,53.2,1,Service Tier Ready
STU-3188,Siddharth Chatterjee,Electrical & Electronics,7.65,8,72.8,1234,221,4,323,12,36.9,426,0,4,42.1,3,Intermediate,53.0,52.6,1,Service Tier Ready
STU-3189,Vikram Rao,Electronics & Comm,9.42,3,46.1,1157,202,3,514,5,48.3,73,3,10,45.8,3,Intermediate,53.0,58.1,1,Service Tier Ready
STU-3190,Rahul Mehta,Computer Science,7.92,2,43.2,942,59,6,312,11,37.5,109,2,3,28.1,2,Basic,28.3,42.9,0,Not Ready
STU-3191,Rohan Rao,Mechanical,6.76,7,78.8,1813,569,6,149,18,27.4,395,3,10,71.6,2,Intermediate,46.3,66.6,1,Service Tier Ready
STU-3192,Meera Joshi,Electronics & Comm,8.45,5,61.3,1266,244,8,176,17,31.2,309,3,3,50.7,6,Production-Grade,100.0,65.8,1,Service Tier Ready
STU-3193,Divya Iyengar,Information Technology,8.59,8,78.8,2218,750,5,146,9,21.7,203,1,1,24.9,4,Advanced,74.7,82.1,2,Product Tier Ready
STU-3194,Divya Nair,Computer Science,9.37,2,35.6,1170,175,10,317,22,47.4,302,3,5,54.2,1,Intermediate,39.7,56.7,1,Service Tier Ready
STU-3195,Yash Sharma,Information Technology,8.19,2,30.7,1293,276,7,126,11,23.0,290,1,4,37.9,4,Advanced,74.7,61.8,1,Service Tier Ready
STU-3196,Tanvi Chawla,Information Technology,7.02,6,64.4,833,45,11,730,20,81.8,67,2,9,36.7,6,Basic,55.0,50.8,0,Not Ready
STU-3197,Kavya Rao,Mechanical,9.71,2,46.4,1218,241,11,412,29,59.8,88,0,4,15.0,4,Basic,41.7,56.3,1,Service Tier Ready
STU-3198,Karan Joshi,Information Technology,7.58,3,45.0,1425,335,11,200,19,37.2,440,4,3,67.9,2,Intermediate,46.3,61.9,1,Service Tier Ready
STU-3199,Karan Rao,Information Technology,9.04,4,53.4,1390,310,10,228,21,39.5,211,3,6,48.9,2,Intermediate,46.3,65.1,1,Service Tier Ready
STU-3200,Shruti Singh,Civil,9.47,2,40.3,1461,338,5,206,12,28.2,134,4,10,57.4,4,Advanced,74.7,67.0,1,Service Tier Ready
STU-3201,Kavya Mehta,Computer Science,8.81,9,86.2,909,81,8,171,20,32.2,125,2,5,33.3,2,Basic,28.3,48.8,0,Not Ready
STU-3202,Ananya Chatterjee,Information Technology,8.95,3,50.3,2103,750,10,195,28,40.2,119,0,4,17.5,5,Basic,48.3,79.1,2,Product Tier Ready
STU-3203,Sneha Reddy,Computer Science,9.22,3,46.8,2099,750,6,207,9,27.8,100,5,1,43.3,4,Advanced,74.7,85.0,3,Dream Tier Ready
STU-3204,Arjun Verma,Electronics & Comm,8.62,9,87.1,854,36,11,431,16,54.9,129,1,3,23.0,4,Intermediate,59.7,48.3,0,Not Ready
STU-3205,Sneha Reddy,Mechanical,9.63,8,77.3,1822,562,7,437,14,50.4,340,3,4,55.2,3,Intermediate,53.0,77.1,2,Product Tier Ready
STU-3206,Amit Joshi,Computer Science,9.56,4,56.8,985,93,7,127,22,28.6,356,1,10,55.1,1,Intermediate,39.7,52.3,1,Service Tier Ready
STU-3207,Rohan Kumar,Mechanical,8.73,6,68.0,1186,254,4,279,8,31.2,200,2,8,45.3,2,Basic,28.3,49.1,0,Not Ready
STU-3208,Aarav Gupta,Computer Science,9.68,4,53.1,901,83,6,190,16,29.8,376,2,9,61.4,4,Advanced,74.7,56.7,1,Service Tier Ready
STU-3209,Siddharth Patel,Mechanical,9.08,6,66.8,2006,690,8,171,17,30.8,195,4,8,58.3,3,Intermediate,53.0,79.2,2,Product Tier Ready
STU-3210,Arjun Deshmukh,Electrical & Electronics,8.31,10,97.3,965,43,11,293,19,44.9,397,2,9,63.1,4,Intermediate,59.7,50.8,0,Not Ready
STU-3211,Varun Singh,Electrical & Electronics,8.44,4,48.1,1040,144,6,654,11,66.0,269,3,10,61.5,1,Advanced,54.7,55.6,1,Service Tier Ready
STU-3212,Pooja Kumar,Computer Science,8.29,4,47.8,949,124,4,104,8,16.7,245,1,1,28.3,5,Basic,48.3,49.7,0,Not Ready
STU-3213,Tanvi Patel,Civil,9.47,2,40.8,1040,123,4,104,7,16.2,373,1,1,38.5,0,Intermediate,33.0,44.4,0,Not Ready
STU-3214,Riya Chatterjee,Electronics & Comm,8.48,6,71.0,1206,229,12,336,25,52.5,90,3,3,33.2,5,Intermediate,66.3,61.0,1,Service Tier Ready
STU-3215,Rohan Sharma,Computer Science,8.98,4,45.4,829,49,6,112,9,19.8,458,3,4,64.6,2,Basic,28.3,47.0,0,Not Ready
STU-3216,Varun Verma,Electrical & Electronics,6.93,4,56.3,1238,257,12,387,27,57.8,215,3,2,41.2,2,Basic,28.3,48.4,0,Not Ready
STU-3217,Aarav Nair,Computer Science,9.13,5,66.5,2132,750,8,249,13,35.2,393,3,10,71.4,2,Basic,28.3,80.3,2,Product Tier Ready
STU-3218,Aditya Sharma,Mechanical,8.97,3,35.5,1400,337,14,436,21,60.8,442,3,7,69.4,2,Intermediate,46.3,63.5,1,Service Tier Ready
STU-3219,Ananya Chatterjee,Computer Science,7.72,3,42.7,1624,432,8,170,12,28.2,211,0,9,34.9,2,Intermediate,46.3,66.6,1,Service Tier Ready
STU-3220,Arjun Kumar,Electronics & Comm,9.23,9,88.2,1002,97,9,349,22,49.1,248,0,6,31.8,1,Advanced,54.7,54.2,1,Service Tier Ready
STU-3221,Kavya Mehta,Information Technology,8.79,4,65.2,1036,128,6,167,9,24.4,63,1,4,19.7,3,Basic,35.0,50.3,0,Not Ready
STU-3222,Yash Kumar,Computer Science,8.89,5,58.5,1160,173,10,194,20,36.2,434,1,6,53.4,5,Advanced,81.3,63.7,1,Service Tier Ready
STU-3223,Ishita Singh,Computer Science,8.14,3,44.0,815,20,9,393,14,48.8,74,0,1,7.9,3,Basic,35.0,41.2,0,Not Ready
STU-3224,Yash Singh,Computer Science,8.73,6,68.5,1863,611,6,230,11,30.7,414,0,6,45.1,4,Basic,41.7,75.3,2,Product Tier Ready
STU-3225,Rohan Mehta,Information Technology,7.02,10,90.7,889,41,6,126,9,21.0,167,0,4,21.4,0,Intermediate,33.0,42.2,0,Not Ready
STU-3226,Meera Kumar,Computer Science,7.69,10,95.0,1691,489,9,190,15,32.3,215,1,3,29.9,2,Advanced,61.3,73.4,2,Product Tier Ready
STU-3227,Divya Patel,Information Technology,9.67,9,87.2,800,32,8,175,12,28.6,379,2,6,55.7,5,Basic,48.3,53.4,1,Service Tier Ready
STU-3228,Rahul Verma,Computer Science,7.85,10,100.0,1569,386,4,402,9,42.0,57,0,9,22.6,1,Intermediate,39.7,66.3,1,Service Tier Ready
STU-3229,Kavya Verma,Computer Science,8.21,10,94.9,869,67,12,433,19,57.6,474,1,8,60.6,1,Basic,21.7,49.3,0,Not Ready
STU-3230,Karan Chawla,Electronics & Comm,9.31,10,100.0,869,24,9,204,15,33.5,135,2,8,40.1,3,Intermediate,53.0,50.4,0,Not Ready
STU-3231,Aditya Chatterjee,Computer Science,8.77,11,95.4,1328,278,7,188,10,27.7,315,0,9,43.2,0,Production-Grade,60.0,66.0,1,Service Tier Ready
STU-3232,Vikram Kumar,Mechanical,9.22,3,45.2,850,114,11,231,17,38.8,313,4,6,63.7,4,Intermediate,59.7,51.1,0,Not Ready
STU-3233,Siddharth Singh,Mechanical,9.77,4,53.2,1324,285,7,261,15,36.2,186,2,8,44.2,5,Intermediate,66.3,62.2,1,Service Tier Ready
STU-3234,Varun Mehta,Electronics & Comm,8.81,5,60.4,1205,180,4,89,7,14.9,316,3,7,59.3,1,Intermediate,39.7,53.2,1,Service Tier Ready
STU-3235,Amit Mehta,Information Technology,7.97,2,32.1,877,63,8,185,14,30.4,136,0,1,12.9,3,Production-Grade,80.0,51.0,0,Not Ready
STU-3236,Amit Verma,Mechanical,8.08,7,75.6,1725,567,10,273,20,42.8,262,0,6,33.0,3,Advanced,68.0,71.8,2,Product Tier Ready
STU-3237,Kavya Iyengar,Computer Science,7.42,3,37.6,1040,137,7,335,12,40.9,225,0,4,26.0,3,Basic,35.0,46.5,0,Not Ready
STU-3238,Ishita Iyengar,Computer Science,8.95,5,54.7,1388,314,8,244,13,34.8,368,1,3,42.1,5,Basic,48.3,65.8,1,Service Tier Ready
STU-3239,Sneha Sharma,Computer Science,8.02,6,63.4,1085,161,10,460,18,57.3,231,0,3,24.5,1,Intermediate,39.7,52.9,1,Service Tier Ready
STU-3240,Sneha Verma,Electrical & Electronics,8.98,5,63.0,1168,231,6,375,15,44.8,138,1,10,37.7,5,Intermediate,66.3,57.6,1,Service Tier Ready
STU-3241,Ishita Verma,Computer Science,6.9,7,77.4,878,72,8,270,15,38.0,60,1,8,27.5,6,Intermediate,73.0,51.8,0,Not Ready
STU-3242,Dev Joshi,Information Technology,8.45,11,100.0,816,54,5,122,9,19.7,255,2,1,35.7,3,Intermediate,53.0,49.1,0,Not Ready
STU-3243,Divya Sharma,Civil,9.22,11,99.7,1001,164,8,258,12,35.5,70,5,7,52.9,4,Intermediate,59.7,56.7,1,Service Tier Ready
STU-3244,Kavya Mehta,Mechanical,9.75,7,78.9,1065,157,7,147,11,24.8,93,3,10,47.4,4,Intermediate,59.7,53.8,1,Service Tier Ready
STU-3245,Shruti Mehta,Information Technology,8.65,10,93.0,1044,124,5,130,19,25.3,260,0,4,28.8,4,Intermediate,59.7,55.7,1,Service Tier Ready
STU-3246,Shruti Patel,Computer Science,8.89,10,90.0,1268,256,10,321,20,46.8,407,3,1,54.6,4,Advanced,74.7,68.8,2,Product Tier Ready
STU-3247,Priya Sharma,Electrical & Electronics,9.41,2,43.1,1266,252,8,334,12,41.8,199,1,2,26.6,3,Basic,35.0,54.6,1,Service Tier Ready
STU-3248,Yash Patel,Information Technology,7.72,11,90.5,872,23,7,179,10,26.9,329,0,7,40.3,2,Advanced,61.3,50.3,0,Not Ready
STU-3249,Yash Sharma,Computer Science,8.83,9,88.1,1027,90,9,236,14,35.7,444,2,10,68.9,2,Basic,28.3,51.7,0,Not Ready
STU-3250,Neha Reddy,Computer Science,9.31,6,63.9,992,106,8,192,23,35.5,401,0,1,34.1,4,Basic,41.7,54.3,1,Service Tier Ready
STU-3251,Pooja Kumar,Mechanical,9.29,2,42.0,939,68,4,137,9,19.9,168,3,6,45.4,3,Production-Grade,80.0,52.1,1,Service Tier Ready
STU-3252,Karan Chatterjee,Electronics & Comm,7.92,6,67.7,957,78,6,179,16,28.9,321,1,4,40.3,3,Intermediate,53.0,48.4,0,Not Ready
STU-3253,Shruti Nair,Electrical & Electronics,8.04,7,73.5,868,34,8,261,14,36.8,393,3,3,57.4,2,Intermediate,46.3,45.0,0,Not Ready
STU-3254,Neha Gupta,Mechanical,8.88,8,74.5,2150,750,6,246,16,34.5,265,2,7,48.5,7,Intermediate,79.7,83.1,3,Dream Tier Ready
STU-3255,Vikram Iyengar,Information Technology,9.14,4,53.3,1319,286,5,458,7,46.7,317,1,9,50.0,3,Basic,35.0,60.7,1,Service Tier Ready
STU-3256,Rahul Iyengar,Information Technology,8.77,10,96.6,964,48,13,291,21,47.8,389,2,5,54.5,7,Intermediate,79.7,61.2,1,Service Tier Ready
STU-3257,Priya Chatterjee,Information Technology,8.52,4,51.1,887,9,9,170,15,30.7,452,5,6,81.5,2,Intermediate,46.3,52.0,1,Service Tier Ready
STU-3258,Aarav Gupta,Computer Science,8.55,2,38.7,1175,256,12,332,33,56.2,96,2,7,35.0,1,Intermediate,39.7,57.5,1,Service Tier Ready
STU-3259,Ishita Nair,Information Technology,8.56,4,56.7,1075,147,6,176,10,25.7,217,3,10,57.4,4,Basic,41.7,53.8,1,Service Tier Ready
STU-3260,Karan Verma,Electrical & Electronics,8.98,8,78.0,1385,325,8,327,14,42.2,377,0,6,42.2,1,Intermediate,39.7,59.9,1,Service Tier Ready
STU-3261,Rahul Iyengar,Electronics & Comm,9.33,11,94.7,1860,554,6,123,14,23.2,310,0,6,36.8,3,Intermediate,53.0,77.7,2,Product Tier Ready
STU-3262,Varun Mehta,Mechanical,8.82,2,43.1,1134,187,10,283,23,45.1,57,1,3,17.2,5,Production-Grade,93.3,59.4,1,Service Tier Ready
STU-3263,Rohan Reddy,Information Technology,8.73,5,62.4,906,52,8,205,20,35.1,432,1,3,47.2,2,Intermediate,46.3,48.3,0,Not Ready
STU-3264,Dev Kumar,Electronics & Comm,8.89,8,84.6,1383,342,8,198,14,31.5,240,4,5,55.9,6,Intermediate,73.0,67.6,1,Service Tier Ready
STU-3265,Pooja Sharma,Electronics & Comm,8.78,4,50.0,1967,626,11,281,28,48.4,263,1,7,41.7,1,Advanced,54.7,77.6,2,Product Tier Ready
STU-3266,Riya Deshmukh,Information Technology,9.11,8,81.0,1119,212,12,331,22,50.6,442,4,6,74.0,3,Intermediate,53.0,64.1,1,Service Tier Ready
STU-3267,Varun Patel,Electronics & Comm,7.77,5,61.4,1229,247,8,334,19,45.3,463,1,2,47.7,3,Intermediate,53.0,56.2,1,Service Tier Ready
STU-3268,Pooja Patel,Computer Science,7.94,8,84.3,965,121,9,188,23,36.2,48,2,3,23.2,2,Intermediate,46.3,50.9,0,Not Ready
STU-3269,Rahul Chatterjee,Information Technology,5.91,10,97.0,1038,141,11,232,17,38.8,341,3,5,57.3,0,Advanced,48.0,52.3,1,Service Tier Ready
STU-3270,Priya Chawla,Computer Science,7.6,11,99.1,1335,313,5,169,10,24.1,431,1,7,55.1,4,Intermediate,59.7,63.0,1,Service Tier Ready
STU-3271,Varun Mehta,Information Technology,9.33,6,67.3,1826,547,6,150,12,24.5,458,4,6,75.3,4,Basic,41.7,75.6,2,Product Tier Ready
STU-3272,Shruti Verma,Information Technology,9.02,4,46.9,1174,214,8,228,18,36.0,142,0,10,31.4,3,Intermediate,53.0,58.6,1,Service Tier Ready
STU-3273,Sneha Iyengar,Electronics & Comm,7.11,2,39.8,1457,324,6,130,11,22.3,373,1,3,42.5,7,Intermediate,79.7,60.4,1,Service Tier Ready
STU-3274,Karan Sharma,Civil,9.08,4,61.8,903,64,13,270,20,45.5,387,3,7,65.0,1,Intermediate,39.7,46.9,0,Not Ready
STU-3275,Ananya Deshmukh,Electronics & Comm,8.02,5,51.0,832,48,7,165,15,28.2,155,1,5,29.1,5,Intermediate,66.3,45.3,0,Not Ready
STU-3276,Aarav Rao,Electronics & Comm,9.47,3,44.9,1063,153,7,612,14,65.0,237,3,10,59.0,1,Intermediate,39.7,54.4,1,Service Tier Ready
STU-3277,Ananya Reddy,Information Technology,8.99,5,58.8,924,56,4,264,15,33.5,111,4,4,43.5,3,Intermediate,53.0,51.4,0,Not Ready
STU-3278,Pooja Singh,Electronics & Comm,9.37,6,67.8,1310,237,7,307,14,39.6,281,4,6,61.1,3,Intermediate,53.0,61.2,1,Service Tier Ready
STU-3279,Vikram Patel,Computer Science,9.12,9,86.3,971,113,8,216,12,32.0,70,3,2,29.6,6,Intermediate,73.0,57.1,1,Service Tier Ready
STU-3280,Ananya Kumar,Computer Science,8.5,6,60.9,1503,345,4,134,19,24.7,411,0,7,46.9,3,Advanced,68.0,68.4,2,Product Tier Ready
STU-3281,Yash Iyengar,Information Technology,9.02,3,47.7,1447,365,5,97,11,18.6,298,4,2,54.5,6,Advanced,88.0,71.9,2,Product Tier Ready
STU-3282,Amit Singh,Information Technology,8.58,2,42.3,1004,126,5,111,11,19.8,481,1,7,59.1,5,Intermediate,66.3,56.4,1,Service Tier Ready
STU-3283,Sneha Gupta,Computer Science,8.22,10,100.0,916,43,9,387,23,52.8,234,0,8,34.7,1,Production-Grade,66.7,56.0,1,Service Tier Ready
STU-3284,Sneha Singh,Computer Science,8.82,5,62.1,1272,223,12,290,22,47.2,128,0,2,14.2,1,Basic,21.7,55.0,1,Service Tier Ready
STU-3285,Shruti Gupta,Computer Science,7.8,10,99.9,2177,750,8,581,14,63.4,481,0,8,54.5,2,Intermediate,46.3,84.2,3,Dream Tier Ready
STU-3286,Rahul Deshmukh,Civil,7.86,10,90.6,1094,203,12,305,18,46.4,112,3,7,43.0,1,Basic,21.7,46.9,0,Not Ready
STU-3287,Rohan Joshi,Computer Science,8.93,2,35.8,917,56,5,137,20,26.4,53,1,3,16.9,6,Advanced,88.0,56.1,1,Service Tier Ready
STU-3288,Pooja Verma,Information Technology,8.63,8,71.4,951,24,6,140,9,22.2,446,1,7,56.3,5,Advanced,81.3,56.3,1,Service Tier Ready
STU-3289,Karan Mehta,Computer Science,9.0,7,78.3,866,100,7,376,11,43.8,382,1,1,39.2,6,Intermediate,73.0,58.4,1,Service Tier Ready
STU-3290,Ananya Patel,Electronics & Comm,8.37,3,45.1,899,45,4,118,12,19.8,102,2,2,25.5,1,Basic,21.7,39.8,0,Not Ready
STU-3291,Sneha Chatterjee,Computer Science,6.03,11,100.0,1392,337,7,141,13,25.2,212,1,5,33.6,2,Advanced,61.3,61.0,1,Service Tier Ready
STU-3292,Karan Sharma,Computer Science,9.68,5,64.0,1462,394,6,140,9,22.2,32,1,9,27.2,0,Intermediate,33.0,64.4,1,Service Tier Ready
STU-3293,Arjun Verma,Information Technology,9.67,6,71.9,1004,85,7,229,11,31.6,288,0,1,25.0,2,Advanced,61.3,57.2,1,Service Tier Ready
STU-3294,Dev Deshmukh,Computer Science,8.4,6,64.3,938,125,5,104,27,27.2,59,2,5,28.1,3,Basic,35.0,47.3,0,Not Ready
STU-3295,Kavya Chatterjee,Computer Science,9.1,8,77.6,890,60,10,189,18,34.8,175,2,6,39.3,5,Basic,48.3,52.7,1,Service Tier Ready
STU-3296,Kavya Gupta,Computer Science,7.73,11,99.8,1771,512,7,187,12,28.6,479,1,3,51.0,3,Production-Grade,80.0,79.7,2,Product Tier Ready
STU-3297,Rohan Kumar,Computer Science,9.81,3,40.7,1173,183,6,116,17,24.2,456,1,5,53.1,5,Intermediate,66.3,61.4,1,Service Tier Ready
STU-3298,Dev Sharma,Computer Science,8.35,4,53.7,1270,245,6,157,11,24.6,486,2,2,56.2,2,Intermediate,46.3,58.2,1,Service Tier Ready
STU-3299,Pooja Rao,Computer Science,9.57,3,51.2,1089,156,4,110,7,16.7,351,2,8,57.4,4,Intermediate,59.7,61.0,1,Service Tier Ready
STU-3300,Kavya Joshi,Electrical & Electronics,8.15,8,71.8,1215,234,6,157,9,23.6,241,3,3,45.3,2,Advanced,61.3,54.9,1,Service Tier Ready
STU-3301,Kavya Iyengar,Information Technology,8.74,8,79.0,958,101,9,228,18,37.0,56,5,5,47.8,4,Intermediate,59.7,56.6,1,Service Tier Ready
STU-3302,Divya Rao,Information Technology,8.82,10,88.3,940,105,4,92,9,16.2,385,1,1,39.5,1,Intermediate,39.7,50.4,0,Not Ready
STU-3303,Dev Gupta,Computer Science,9.29,5,55.8,1245,225,13,292,19,46.8,134,4,5,47.4,1,Basic,21.7,56.3,1,Service Tier Ready
STU-3304,Varun Reddy,Mechanical,9.76,5,57.6,1204,219,11,242,20,41.2,139,5,1,46.5,2,Intermediate,46.3,54.6,1,Service Tier Ready
STU-3305,Aditya Iyengar,Information Technology,9.34,7,80.3,1013,95,7,284,11,36.2,48,2,9,35.2,3,Production-Grade,80.0,61.6,1,Service Tier Ready
STU-3306,Meera Chatterjee,Computer Science,9.12,4,61.4,868,60,9,280,29,46.8,45,2,2,20.9,3,Production-Grade,80.0,54.8,1,Service Tier Ready
STU-3307,Sneha Patel,Electronics & Comm,9.65,4,56.7,974,119,5,295,8,33.6,311,3,6,56.9,3,Production-Grade,80.0,58.8,1,Service Tier Ready
STU-3308,Aarav Chawla,Computer Science,7.26,10,95.5,1055,128,8,254,16,37.2,299,3,9,61.9,6,Intermediate,73.0,58.7,1,Service Tier Ready
STU-3309,Ishita Sharma,Computer Science,8.41,8,81.6,1058,207,7,138,14,25.5,76,4,3,38.7,2,Advanced,61.3,57.4,1,Service Tier Ready
STU-3310,Sneha Kumar,Information Technology,9.55,10,98.8,1604,517,7,196,15,30.8,175,3,6,46.0,4,Intermediate,59.7,77.0,2,Product Tier Ready
STU-3311,Pooja Mehta,Mechanical,7.66,3,50.0,890,22,10,315,17,44.8,185,1,1,23.5,3,Intermediate,53.0,41.8,0,Not Ready
STU-3312,Yash Chawla,Information Technology,8.48,5,63.1,894,72,9,346,13,44.3,396,5,7,79.0,1,Advanced,54.7,54.3,1,Service Tier Ready
STU-3313,Aarav Gupta,Electronics & Comm,8.32,9,93.0,955,81,10,200,30,41.7,432,2,2,51.9,2,Advanced,61.3,54.1,1,Service Tier Ready
STU-3314,Aarav Chatterjee,Civil,8.72,10,91.7,1132,174,9,187,14,31.6,59,1,5,21.4,2,Basic,28.3,47.7,0,Not Ready
STU-3315,Tanvi Singh,Computer Science,8.93,4,52.1,1062,117,7,324,16,42.0,134,3,5,40.7,0,Production-Grade,60.0,57.2,1,Service Tier Ready
STU-3316,Shruti Iyengar,Computer Science,8.63,9,91.7,1274,276,15,336,23,54.5,178,0,1,16.2,0,Advanced,48.0,63.9,1,Service Tier Ready
STU-3317,Kavya Verma,Information Technology,8.97,9,85.6,921,78,12,276,19,44.5,434,0,7,48.7,6,Advanced,88.0,61.4,1,Service Tier Ready
STU-3318,Aditya Kumar,Information Technology,9.28,4,64.2,1163,219,5,158,10,23.2,77,5,4,47.5,2,Advanced,61.3,60.0,1,Service Tier Ready
STU-3319,Sneha Singh,Information Technology,7.28,9,91.4,1689,477,6,127,11,22.1,212,0,4,25.0,3,Intermediate,53.0,66.1,1,Service Tier Ready
STU-3320,Riya Sharma,Mechanical,8.72,7,72.0,1715,490,14,350,33,59.7,187,5,7,62.3,1,Advanced,54.7,73.6,2,Product Tier Ready
STU-3321,Vikram Iyengar,Electronics & Comm,7.64,10,100.0,2068,669,8,309,19,43.2,71,5,10,59.0,7,Intermediate,79.7,83.4,3,Dream Tier Ready
STU-3322,Rahul Verma,Electronics & Comm,8.99,2,42.9,1333,331,9,343,23,49.1,194,3,1,37.5,3,Intermediate,53.0,62.4,1,Service Tier Ready
STU-3323,Ananya Chawla,Computer Science,8.58,10,91.3,1831,511,7,129,14,24.8,326,3,6,58.1,2,Basic,28.3,73.4,2,Product Tier Ready
STU-3324,Sneha Chawla,Electrical & Electronics,9.01,9,89.0,969,103,12,341,18,49.4,203,5,1,51.6,2,Advanced,61.3,54.1,1,Service Tier Ready
STU-3325,Karan Singh,Civil,8.83,11,98.0,918,67,8,153,14,27.8,381,2,6,55.8,3,Advanced,68.0,54.7,1,Service Tier Ready
STU-3326,Yash Chawla,Electrical & Electronics,7.73,9,90.1,853,25,8,484,17,56.8,123,3,10,49.8,4,Production-Grade,86.7,53.1,1,Service Tier Ready
STU-3327,Pooja Reddy,Computer Science,9.03,9,82.7,1283,294,8,209,12,31.4,243,0,2,23.4,2,Basic,28.3,58.2,1,Service Tier Ready
STU-3328,Shruti Verma,Electronics & Comm,7.65,11,100.0,1818,577,5,239,15,32.4,217,5,10,70.7,4,Intermediate,59.7,74.2,2,Product Tier Ready
STU-3329,Varun Verma,Computer Science,8.66,8,80.7,981,60,10,277,18,42.1,117,0,1,11.4,3,Intermediate,53.0,51.0,0,Not Ready
STU-3330,Karan Patel,Computer Science,9.53,4,55.3,1307,241,9,465,18,56.8,487,0,8,55.0,4,Advanced,74.7,72.0,2,Product Tier Ready
STU-3331,Amit Deshmukh,Computer Science,9.07,7,77.0,1346,298,6,471,13,51.8,286,0,7,36.9,5,Advanced,81.3,73.5,2,Product Tier Ready
STU-3332,Arjun Verma,Electronics & Comm,8.75,11,100.0,1849,554,10,212,22,38.7,277,3,2,46.2,2,Intermediate,46.3,76.9,2,Product Tier Ready
STU-3333,Varun Joshi,Electronics & Comm,8.7,9,88.9,1261,245,3,119,4,14.9,83,2,2,24.0,3,Advanced,68.0,57.8,1,Service Tier Ready
STU-3334,Ananya Singh,Computer Science,8.26,9,82.9,2103,726,9,232,15,35.8,401,5,5,75.4,2,Basic,28.3,78.3,2,Product Tier Ready
STU-3335,Tanvi Patel,Information Technology,6.57,5,61.0,962,111,10,199,17,35.1,320,1,4,40.3,3,Intermediate,53.0,48.0,0,Not Ready
STU-3336,Sneha Nair,Information Technology,8.9,9,86.5,967,117,9,396,16,50.0,173,4,4,48.5,2,Basic,28.3,54.7,1,Service Tier Ready
STU-3337,Rahul Deshmukh,Information Technology,9.09,9,96.0,1062,167,3,97,15,18.6,34,3,9,40.7,3,Basic,35.0,54.4,1,Service Tier Ready
STU-3338,Siddharth Chawla,Computer Science,7.3,2,42.5,1062,101,7,135,10,23.2,444,2,1,50.9,4,Advanced,74.7,52.5,1,Service Tier Ready
STU-3339,Arjun Iyengar,Information Technology,8.84,6,58.3,922,44,9,178,21,34.3,394,2,10,64.9,8,Intermediate,86.3,57.7,1,Service Tier Ready
STU-3340,Shruti Gupta,Electrical & Electronics,9.19,8,82.2,1403,295,10,252,18,40.0,66,4,9,49.9,1,Basic,21.7,57.8,1,Service Tier Ready
STU-3341,Siddharth Reddy,Computer Science,7.19,9,100.0,1352,296,13,447,22,61.2,148,0,3,17.8,3,Intermediate,53.0,59.8,1,Service Tier Ready
STU-3342,Rahul Rao,Computer Science,9.23,10,90.4,1326,317,8,242,13,34.7,438,3,8,71.0,3,Basic,35.0,65.5,1,Service Tier Ready
STU-3343,Rohan Rao,Information Technology,7.37,7,76.9,1065,131,7,150,14,26.5,392,4,5,68.0,3,Intermediate,53.0,54.9,1,Service Tier Ready
STU-3344,Vikram Chatterjee,Mechanical,7.81,11,99.9,1156,163,6,143,13,24.4,398,2,10,65.2,2,Basic,28.3,48.6,0,Not Ready
STU-3345,Varun Verma,Electronics & Comm,8.06,6,75.1,1055,124,9,535,14,60.6,475,1,3,50.7,6,Basic,55.0,55.1,1,Service Tier Ready
STU-3346,Vikram Verma,Electronics & Comm,8.71,9,84.7,800,14,8,149,16,28.4,182,5,9,65.9,1,Basic,21.7,41.0,0,Not Ready
STU-3347,Neha Reddy,Information Technology,8.55,7,73.4,1041,175,9,679,14,72.6,352,1,9,52.8,3,Intermediate,53.0,59.3,1,Service Tier Ready
STU-3348,Dev Gupta,Information Technology,9.05,3,49.1,896,36,7,362,15,44.7,275,2,8,51.3,5,Basic,48.3,51.4,0,Not Ready
STU-3349,Ishita Verma,Computer Science,8.94,10,88.3,874,50,11,311,20,46.9,323,5,3,65.2,5,Intermediate,66.3,56.9,1,Service Tier Ready
STU-3350,Meera Gupta,Electronics & Comm,9.72,10,94.2,1330,286,4,358,11,39.3,461,1,3,49.5,3,Intermediate,53.0,65.2,1,Service Tier Ready
STU-3351,Aditya Reddy,Mechanical,8.17,2,41.7,807,24,4,88,6,14.3,241,0,10,39.3,3,Advanced,68.0,42.9,0,Not Ready
STU-3352,Kavya Reddy,Electronics & Comm,8.04,10,83.6,1997,662,4,357,6,36.8,477,0,10,58.2,3,Advanced,68.0,81.2,2,Product Tier Ready
STU-3353,Rahul Deshmukh,Mechanical,6.24,6,71.3,1056,173,9,185,20,34.4,159,4,3,45.4,4,Advanced,74.7,48.6,0,Not Ready
STU-3354,Priya Verma,Electronics & Comm,7.55,10,89.4,2162,750,10,259,16,39.6,221,4,6,56.3,2,Intermediate,46.3,75.6,2,Product Tier Ready
STU-3355,Neha Chatterjee,Computer Science,9.16,6,61.1,879,24,6,175,16,28.6,226,0,2,22.1,1,Intermediate,39.7,46.4,0,Not Ready
STU-3356,Tanvi Nair,Mechanical,9.46,11,100.0,1236,221,5,161,7,21.9,285,3,9,60.8,6,Intermediate,73.0,63.3,1,Service Tier Ready
STU-3357,Yash Iyengar,Computer Science,8.92,7,71.0,945,117,14,283,26,50.6,496,3,2,63.7,3,Intermediate,53.0,60.6,1,Service Tier Ready
STU-3358,Divya Sharma,Information Technology,9.65,10,86.2,1548,403,3,205,4,22.1,177,1,10,40.8,5,Intermediate,66.3,73.1,2,Product Tier Ready
STU-3359,Aditya Deshmukh,Computer Science,7.7,8,82.1,952,101,10,315,17,44.8,371,2,8,59.0,4,Intermediate,59.7,53.8,1,Service Tier Ready
STU-3360,Siddharth Patel,Computer Science,8.2,5,65.1,1027,84,11,505,27,66.6,296,1,10,50.3,3,Intermediate,53.0,56.4,1,Service Tier Ready
STU-3361,Rohan Iyengar,Information Technology,7.92,7,69.8,1618,428,12,286,18,44.8,404,4,4,67.0,3,Advanced,68.0,73.0,2,Product Tier Ready
STU-3362,Sneha Gupta,Computer Science,9.28,9,89.5,1006,114,6,187,10,26.6,367,1,4,44.0,2,Production-Grade,73.3,60.8,1,Service Tier Ready
STU-3363,Arjun Kumar,Information Technology,8.98,6,67.0,966,32,5,323,10,36.9,444,1,5,52.2,2,Advanced,61.3,57.7,1,Service Tier Ready
STU-3364,Ananya Mehta,Information Technology,7.97,5,54.7,981,121,7,377,19,47.9,320,3,1,47.6,2,Basic,28.3,51.3,0,Not Ready
STU-3365,Kavya Nair,Computer Science,8.73,8,76.6,1238,245,2,140,4,15.7,201,0,4,24.1,2,Production-Grade,73.3,61.5,1,Service Tier Ready
STU-3366,Neha Sharma,Computer Science,9.24,4,56.1,945,66,7,297,17,40.2,468,1,6,56.1,2,Advanced,61.3,55.2,1,Service Tier Ready
STU-3367,Arjun Deshmukh,Information Technology,9.72,5,64.2,1178,154,15,340,27,56.8,330,4,10,73.1,3,Intermediate,53.0,66.1,1,Service Tier Ready
STU-3368,Dev Kumar,Computer Science,8.98,8,81.5,916,24,10,229,16,37.1,178,4,2,44.9,5,Basic,48.3,52.9,1,Service Tier Ready
STU-3369,Shruti Kumar,Electronics & Comm,9.28,6,52.4,1165,181,4,271,7,30.1,465,1,3,49.9,3,Intermediate,53.0,56.9,1,Service Tier Ready
STU-3370,Sneha Verma,Electronics & Comm,9.62,2,48.7,1335,322,8,294,12,38.5,177,6,4,62.2,2,Intermediate,46.3,63.3,1,Service Tier Ready
STU-3371,Dev Verma,Electrical & Electronics,6.54,7,82.5,964,116,8,171,16,30.2,294,2,3,42.9,5,Intermediate,66.3,46.3,0,Not Ready
STU-3372,Vikram Verma,Electronics & Comm,9.01,10,98.8,1054,122,10,184,18,34.3,124,1,9,34.6,4,Basic,41.7,51.9,0,Not Ready
STU-3373,Aarav Sharma,Information Technology,8.57,11,96.8,812,42,8,227,12,32.9,422,2,6,59.1,5,Intermediate,66.3,55.2,1,Service Tier Ready
STU-3374,Sneha Patel,Electronics & Comm,8.79,4,46.8,916,56,7,310,14,39.8,215,3,5,47.2,7,Intermediate,79.7,54.0,1,Service Tier Ready
STU-3375,Aditya Deshmukh,Computer Science,8.54,5,59.7,982,79,3,82,7,13.3,484,3,5,68.7,3,Basic,35.0,48.7,0,Not Ready
STU-3376,Arjun Gupta,Computer Science,8.24,11,98.9,967,134,10,325,15,44.6,446,2,2,53.0,2,Intermediate,46.3,56.2,1,Service Tier Ready
STU-3377,Tanvi Mehta,Electrical & Electronics,8.19,3,51.8,1154,179,7,179,22,32.9,286,1,9,47.5,2,Basic,28.3,45.2,0,Not Ready
STU-3378,Amit Verma,Information Technology,6.6,4,58.0,1998,641,13,274,26,48.8,240,1,2,29.9,4,Intermediate,59.7,77.1,2,Product Tier Ready
STU-3379,Varun Joshi,Electrical & Electronics,7.23,6,59.6,862,45,5,108,7,17.5,32,2,5,25.9,3,Intermediate,53.0,39.4,0,Not Ready
STU-3380,Rahul Chawla,Electrical & Electronics,8.02,7,79.9,1207,231,10,452,25,60.2,196,3,7,49.7,2,Production-Grade,73.3,59.6,1,Service Tier Ready
STU-3381,Rohan Sharma,Mechanical,8.89,3,44.8,1045,186,5,115,17,23.1,425,3,3,60.0,3,Basic,35.0,47.0,0,Not Ready
STU-3382,Rohan Rao,Mechanical,8.02,3,42.6,1066,151,9,194,13,31.7,379,2,8,59.7,9,Intermediate,93.0,54.1,1,Service Tier Ready
STU-3383,Amit Reddy,Information Technology,7.53,7,73.7,1494,428,9,202,14,32.8,429,4,5,71.0,1,Basic,21.7,63.4,1,Service Tier Ready
STU-3384,Vikram Verma,Computer Science,7.33,2,33.0,882,65,13,267,24,47.2,234,1,10,45.4,5,Intermediate,66.3,49.9,0,Not Ready
STU-3385,Siddharth Verma,Information Technology,8.5,3,52.2,814,19,12,233,28,45.4,207,2,3,35.9,7,Basic,61.7,49.0,0,Not Ready
STU-3386,Ananya Reddy,Information Technology,8.5,5,59.2,1221,266,10,223,21,39.1,373,2,3,49.2,4,Production-Grade,86.7,68.5,2,Product Tier Ready
STU-3387,Ananya Patel,Electronics & Comm,7.85,2,44.4,933,109,11,261,17,41.2,494,2,3,58.9,1,Basic,21.7,42.5,0,Not Ready
STU-3388,Varun Singh,Electronics & Comm,9.17,6,72.4,800,27,4,152,6,19.7,56,2,3,23.8,2,Intermediate,46.3,43.1,0,Not Ready
STU-3389,Shruti Singh,Electronics & Comm,7.38,4,50.2,967,59,14,269,23,47.9,58,1,4,19.3,3,Intermediate,53.0,46.1,0,Not Ready
STU-3390,Riya Sharma,Information Technology,8.98,11,100.0,976,100,8,295,12,38.6,156,1,10,39.1,9,Advanced,100.0,63.7,1,Service Tier Ready
STU-3391,Arjun Mehta,Computer Science,9.34,2,35.3,1241,210,4,109,7,16.6,405,2,1,47.7,2,Intermediate,46.3,57.6,1,Service Tier Ready
STU-3392,Ishita Patel,Information Technology,8.33,5,66.5,898,66,5,340,11,38.8,134,3,3,36.7,1,Basic,21.7,44.7,0,Not Ready
STU-3393,Pooja Rao,Computer Science,7.08,2,36.5,1038,143,4,111,8,17.2,363,3,10,69.0,1,Intermediate,39.7,47.0,0,Not Ready
STU-3394,Neha Nair,Mechanical,8.29,3,49.3,1034,142,7,324,12,40.0,98,2,10,41.2,1,Production-Grade,66.7,50.6,0,Not Ready
STU-3395,Rahul Reddy,Computer Science,8.63,11,100.0,904,141,11,241,27,44.6,136,1,5,27.5,1,Advanced,54.7,56.6,1,Service Tier Ready
STU-3396,Vikram Sharma,Computer Science,9.09,8,89.2,2175,750,13,304,20,48.3,209,2,8,46.1,7,Intermediate,79.7,89.1,3,Dream Tier Ready
STU-3397,Divya Joshi,Computer Science,7.27,2,44.4,881,48,8,190,14,30.8,131,6,8,66.5,2,Intermediate,46.3,45.5,0,Not Ready
STU-3398,Divya Rao,Electronics & Comm,9.31,7,72.6,1922,622,1,66,4,8.5,291,2,9,54.6,2,Basic,28.3,72.7,2,Product Tier Ready
STU-3399,Amit Nair,Electronics & Comm,9.67,5,67.3,1053,199,9,258,15,38.0,181,4,9,59.1,3,Intermediate,53.0,57.7,1,Service Tier Ready
STU-3400,Riya Singh,Computer Science,7.24,7,79.3,1406,338,5,208,12,28.3,69,5,6,50.9,2,Intermediate,46.3,61.7,1,Service Tier Ready
STU-3401,Meera Reddy,Computer Science,7.57,6,59.9,990,118,6,312,17,40.5,318,2,10,58.8,5,Basic,48.3,51.4,0,Not Ready
STU-3402,Ananya Verma,Information Technology,8.11,7,79.5,1042,131,7,210,13,31.0,166,0,7,27.3,2,Intermediate,46.3,53.0,1,Service Tier Ready
STU-3403,Rahul Singh,Computer Science,7.63,6,69.2,1579,435,7,150,16,27.5,206,2,4,37.8,3,Basic,35.0,65.8,1,Service Tier Ready
STU-3404,Vikram Singh,Electronics & Comm,7.76,3,45.3,1652,487,9,618,13,67.0,96,6,3,53.7,2,Basic,28.3,64.7,1,Service Tier Ready
STU-3405,Aditya Mehta,Electronics & Comm,9.12,11,100.0,997,94,6,223,9,29.1,180,2,3,33.7,2,Basic,28.3,45.5,0,Not Ready
STU-3406,Karan Rao,Information Technology,7.24,5,59.9,1004,85,12,262,20,43.8,498,4,2,70.5,4,Production-Grade,86.7,58.0,1,Service Tier Ready
STU-3407,Amit Chatterjee,Computer Science,9.44,8,79.2,1028,138,7,470,20,56.2,307,1,8,47.2,2,Advanced,61.3,61.0,1,Service Tier Ready
STU-3408,Meera Chatterjee,Civil,7.74,5,62.1,1631,502,7,444,13,50.5,357,2,7,55.9,2,Intermediate,46.3,65.3,1,Service Tier Ready
STU-3409,Aarav Singh,Information Technology,9.1,6,72.4,905,97,7,134,12,24.2,241,1,8,41.9,8,Basic,68.3,54.9,1,Service Tier Ready
STU-3410,Yash Gupta,Electronics & Comm,6.86,3,40.7,1238,232,4,74,9,14.7,363,2,6,54.4,4,Intermediate,59.7,51.6,0,Not Ready
STU-3411,Riya Kumar,Computer Science,8.69,4,43.6,1375,284,15,274,23,49.3,379,3,10,70.3,4,Intermediate,59.7,64.8,1,Service Tier Ready
STU-3412,Riya Gupta,Information Technology,9.75,6,67.2,1256,304,5,205,11,27.6,145,2,10,44.9,4,Basic,41.7,64.4,1,Service Tier Ready
STU-3413,Varun Kumar,Computer Science,8.55,5,65.1,1098,194,11,322,16,45.8,165,2,5,36.5,2,Production-Grade,73.3,63.2,1,Service Tier Ready
STU-3414,Siddharth Singh,Information Technology,7.23,4,56.5,1049,148,7,254,13,34.7,176,1,1,22.7,6,Intermediate,73.0,52.4,1,Service Tier Ready
STU-3415,Rahul Patel,Civil,7.32,3,43.7,1965,704,10,279,20,43.2,394,4,8,74.2,1,Production-Grade,66.7,75.2,2,Product Tier Ready
STU-3416,Aarav Gupta,Information Technology,7.52,10,93.8,1135,189,8,177,14,29.8,195,5,2,52.9,5,Intermediate,66.3,58.8,1,Service Tier Ready
STU-3417,Divya Rao,Computer Science,9.77,3,36.5,1329,284,9,180,23,35.5,257,0,1,22.6,2,Intermediate,46.3,61.9,1,Service Tier Ready
STU-3418,Aarav Chawla,Computer Science,9.86,10,100.0,1029,114,7,388,11,44.8,163,2,9,44.4,0,Intermediate,33.0,57.1,1,Service Tier Ready
STU-3419,Rahul Sharma,Information Technology,8.2,5,57.7,1199,233,8,388,12,46.3,209,3,8,52.7,1,Basic,21.7,54.5,1,Service Tier Ready
STU-3420,Riya Kumar,Computer Science,7.9,11,100.0,922,78,7,153,13,26.2,319,2,9,56.9,4,Advanced,74.7,55.0,1,Service Tier Ready
STU-3421,Pooja Chatterjee,Computer Science,7.76,10,93.6,916,93,7,144,21,29.5,359,0,5,38.7,2,Intermediate,46.3,49.2,0,Not Ready
STU-3422,Varun Rao,Electrical & Electronics,8.53,10,90.7,1233,290,9,209,15,33.9,380,4,3,63.1,2,Intermediate,46.3,56.9,1,Service Tier Ready
STU-3423,Neha Verma,Information Technology,8.87,11,99.1,1132,190,10,184,25,37.8,424,6,8,89.9,4,Intermediate,59.7,65.7,1,Service Tier Ready
STU-3424,Sneha Mehta,Computer Science,9.8,6,64.6,1239,233,10,197,19,35.9,72,3,4,33.8,1,Intermediate,39.7,60.1,1,Service Tier Ready
STU-3425,Sneha Nair,Mechanical,8.22,8,77.8,939,77,14,299,27,52.4,320,1,1,34.3,2,Advanced,61.3,47.8,0,Not Ready
STU-3426,Meera Deshmukh,Computer Science,9.23,5,63.5,1219,202,6,135,20,27.2,168,0,9,31.4,4,Advanced,74.7,61.5,1,Service Tier Ready
STU-3427,Shruti Sharma,Civil,8.29,11,100.0,1107,161,9,295,16,41.6,453,1,4,50.9,2,Advanced,61.3,55.3,1,Service Tier Ready
STU-3428,Sneha Joshi,Computer Science,8.84,5,58.8,1194,201,12,451,22,60.6,282,4,2,53.2,3,Production-Grade,80.0,67.3,1,Service Tier Ready
STU-3429,Arjun Gupta,Mechanical,7.74,2,39.6,968,89,8,383,15,47.4,445,1,10,62.3,3,Intermediate,53.0,46.0,0,Not Ready
STU-3430,Neha Patel,Electronics & Comm,8.52,11,100.0,1360,260,11,290,22,46.2,462,3,3,63.0,4,Intermediate,59.7,66.0,1,Service Tier Ready
STU-3431,Sneha Joshi,Electrical & Electronics,8.96,10,87.1,1418,357,6,229,10,30.1,375,1,6,48.7,3,Intermediate,53.0,64.9,1,Service Tier Ready
STU-3432,Siddharth Chatterjee,Civil,9.11,11,100.0,985,84,6,176,15,28.2,499,0,9,57.9,3,Basic,35.0,49.8,0,Not Ready
STU-3433,Shruti Iyengar,Computer Science,9.18,9,96.0,1026,119,9,177,18,32.8,214,1,6,35.8,2,Advanced,61.3,60.2,1,Service Tier Ready
STU-3434,Pooja Chawla,Civil,9.1,10,98.9,1295,255,10,280,18,42.3,94,3,4,35.5,3,Intermediate,53.0,61.1,1,Service Tier Ready
STU-3435,Varun Sharma,Information Technology,8.53,2,41.2,1315,277,5,133,7,19.6,333,3,1,48.6,4,Basic,41.7,58.8,1,Service Tier Ready
STU-3436,Yash Iyengar,Information Technology,9.05,3,48.2,1301,280,7,126,16,25.5,209,1,2,27.4,3,Advanced,68.0,64.4,1,Service Tier Ready
STU-3437,Pooja Joshi,Computer Science,8.33,9,80.7,1236,232,7,211,11,30.1,324,2,7,53.3,3,Intermediate,53.0,61.4,1,Service Tier Ready
STU-3438,Varun Patel,Information Technology,8.9,9,90.9,1055,128,9,184,26,37.3,243,0,3,25.4,2,Basic,28.3,52.0,1,Service Tier Ready
STU-3439,Varun Rao,Computer Science,8.61,2,44.5,1026,108,6,325,9,37.6,467,0,2,41.4,4,Basic,41.7,51.7,0,Not Ready
STU-3440,Riya Kumar,Information Technology,8.91,11,95.8,1029,87,13,505,24,67.1,182,0,6,26.6,4,Advanced,74.7,62.4,1,Service Tier Ready
STU-3441,Kavya Patel,Information Technology,8.9,6,62.0,888,44,8,161,13,27.9,389,0,4,39.1,5,Intermediate,66.3,55.1,1,Service Tier Ready
STU-3442,Riya Sharma,Electrical & Electronics,7.74,7,81.3,1177,240,7,128,15,25.2,458,1,1,45.3,3,Production-Grade,80.0,57.2,1,Service Tier Ready
STU-3443,Rohan Sharma,Electrical & Electronics,8.67,6,65.8,862,30,5,90,10,17.5,442,1,9,60.0,4,Intermediate,59.7,46.0,0,Not Ready
STU-3444,Sneha Joshi,Information Technology,9.03,7,78.6,1782,558,12,460,21,60.8,386,1,9,55.5,2,Basic,28.3,78.4,2,Product Tier Ready
STU-3445,Sneha Sharma,Computer Science,7.63,8,76.1,1492,398,7,142,10,23.8,317,5,5,68.7,0,Intermediate,33.0,63.4,1,Service Tier Ready
STU-3446,Karan Reddy,Computer Science,8.92,11,100.0,1545,423,13,291,33,53.8,152,0,8,28.2,2,Basic,28.3,69.2,2,Product Tier Ready
STU-3447,Aarav Gupta,Computer Science,9.35,7,77.2,1696,523,7,131,10,22.9,123,2,6,35.2,3,Advanced,68.0,77.9,2,Product Tier Ready
STU-3448,Divya Rao,Computer Science,8.92,4,42.6,939,144,7,172,21,31.8,409,3,7,66.7,2,Intermediate,46.3,54.0,1,Service Tier Ready
STU-3449,Vikram Gupta,Computer Science,7.55,7,77.9,1568,386,7,279,13,36.8,408,2,6,58.0,3,Production-Grade,80.0,73.7,2,Product Tier Ready
STU-3450,Yash Patel,Computer Science,7.81,10,92.3,874,55,3,106,5,14.3,111,0,7,22.9,8,Intermediate,86.3,50.4,0,Not Ready
STU-3451,Siddharth Sharma,Civil,8.55,7,75.7,800,20,7,275,14,36.9,137,3,3,37.0,4,Basic,41.7,42.3,0,Not Ready
STU-3452,Aarav Patel,Information Technology,9.88,7,72.8,1384,320,9,278,17,40.7,269,5,3,60.9,1,Intermediate,39.7,65.9,1,Service Tier Ready
STU-3453,Varun Iyengar,Computer Science,8.76,6,71.9,895,36,12,288,23,47.5,96,3,10,47.7,3,Intermediate,53.0,51.0,0,Not Ready
STU-3454,Vikram Chatterjee,Information Technology,8.25,2,44.6,2141,750,8,277,12,37.1,297,3,3,49.8,5,Advanced,81.3,81.5,2,Product Tier Ready
STU-3455,Priya Deshmukh,Computer Science,8.97,6,74.1,1187,251,9,373,29,54.6,471,2,10,71.0,4,Intermediate,59.7,67.4,1,Service Tier Ready
STU-3456,Karan Deshmukh,Information Technology,8.37,2,45.4,1296,315,8,301,15,40.6,272,4,6,60.4,8,Intermediate,86.3,67.9,1,Service Tier Ready
STU-3457,Pooja Verma,Electronics & Comm,8.27,9,93.3,1016,57,6,225,10,29.8,305,4,1,53.1,1,Basic,21.7,44.1,0,Not Ready
STU-3458,Pooja Iyengar,Information Technology,8.47,2,38.3,1132,224,6,229,12,31.1,335,2,9,58.1,2,Basic,28.3,54.2,1,Service Tier Ready
STU-3459,Tanvi Singh,Information Technology,8.67,9,87.2,800,30,9,179,14,30.9,165,2,9,44.5,3,Intermediate,53.0,49.7,0,Not Ready
STU-3460,Varun Verma,Civil,9.69,5,57.6,1463,377,7,426,11,48.0,188,4,4,49.7,4,Intermediate,59.7,67.1,1,Service Tier Ready
STU-3461,Siddharth Nair,Mechanical,8.98,4,49.3,943,57,9,185,13,30.9,181,5,2,51.8,2,Intermediate,46.3,47.5,0,Not Ready
STU-3462,Siddharth Patel,Electronics & Comm,7.35,5,52.2,1316,241,5,132,15,23.5,411,2,7,60.2,3,Intermediate,53.0,55.1,1,Service Tier Ready
STU-3463,Neha Iyengar,Information Technology,9.05,3,49.0,904,64,11,270,17,42.0,426,2,7,61.4,3,Intermediate,53.0,53.4,1,Service Tier Ready
STU-3464,Ishita Chatterjee,Electronics & Comm,9.76,4,52.9,830,23,5,103,12,19.6,485,3,6,70.8,2,Intermediate,46.3,48.6,0,Not Ready
STU-3465,Amit Reddy,Computer Science,9.37,5,60.9,1005,150,11,288,17,43.5,71,3,8,41.7,3,Basic,35.0,53.1,1,Service Tier Ready
STU-3466,Amit Gupta,Information Technology,8.72,10,98.5,993,77,9,182,14,31.2,363,2,3,48.4,1,Intermediate,39.7,51.9,0,Not Ready
STU-3467,Neha Iyengar,Computer Science,7.08,11,100.0,1325,294,9,418,13,50.3,492,2,2,56.7,0,Basic,15.0,58.0,1,Service Tier Ready
STU-3468,Meera Iyengar,Information Technology,9.46,3,44.2,902,58,7,345,18,44.8,498,3,10,79.8,2,Intermediate,46.3,53.4,1,Service Tier Ready
STU-3469,Divya Chatterjee,Information Technology,9.2,4,52.0,1030,116,5,168,8,23.0,364,3,1,51.1,2,Basic,28.3,49.6,0,Not Ready
STU-3470,Pooja Rao,Computer Science,6.45,5,57.0,1193,210,12,275,18,43.9,55,3,3,30.4,5,Production-Grade,93.3,59.5,1,Service Tier Ready
STU-3471,Tanvi Joshi,Civil,9.17,4,58.1,978,103,14,262,21,46.3,195,3,8,51.6,2,Intermediate,46.3,49.5,0,Not Ready
STU-3472,Neha Singh,Mechanical,7.69,4,46.3,1038,96,9,335,15,44.4,395,1,8,54.3,6,Intermediate,73.0,51.4,0,Not Ready
STU-3473,Kavya Iyengar,Electronics & Comm,7.48,10,97.2,1375,364,10,227,26,41.9,323,3,7,59.8,1,Advanced,54.7,63.4,1,Service Tier Ready
STU-3474,Yash Nair,Information Technology,8.47,6,67.6,961,84,12,244,27,45.8,468,3,2,61.4,3,Basic,35.0,52.3,1,Service Tier Ready
STU-3475,Vikram Patel,Mechanical,8.74,10,88.2,881,34,6,643,9,64.1,126,1,3,22.7,4,Intermediate,59.7,50.4,0,Not Ready
STU-3476,Shruti Sharma,Computer Science,8.05,7,73.1,1009,128,9,272,13,38.2,423,2,7,61.2,3,Advanced,68.0,58.3,1,Service Tier Ready
STU-3477,Yash Joshi,Electrical & Electronics,9.52,11,100.0,1118,160,9,169,19,32.6,496,0,8,55.7,2,Intermediate,46.3,57.2,1,Service Tier Ready
STU-3478,Arjun Deshmukh,Computer Science,8.97,9,87.0,1169,187,8,305,13,39.9,296,2,9,55.0,0,Intermediate,33.0,59.3,1,Service Tier Ready
STU-3479,Varun Sharma,Electrical & Electronics,7.94,2,35.2,1094,133,12,354,25,54.0,416,4,6,71.9,3,Intermediate,53.0,51.1,0,Not Ready
STU-3480,Neha Joshi,Computer Science,9.32,9,88.3,1365,317,10,231,15,36.8,152,1,10,38.8,2,Intermediate,46.3,67.8,1,Service Tier Ready
STU-3481,Siddharth Chawla,Mechanical,9.09,2,31.8,859,39,10,193,17,34.6,52,3,3,30.2,3,Intermediate,53.0,43.2,0,Not Ready
STU-3482,Divya Rao,Mechanical,8.24,10,92.2,1033,115,5,158,7,21.7,347,2,9,59.1,2,Basic,28.3,44.7,0,Not Ready
STU-3483,Amit Joshi,Computer Science,8.31,4,47.3,1034,136,6,252,18,36.0,227,3,5,48.2,1,Intermediate,39.7,51.5,0,Not Ready
STU-3484,Priya Chawla,Information Technology,9.34,10,96.2,1103,211,6,115,9,20.1,70,0,4,13.6,3,Intermediate,53.0,59.0,1,Service Tier Ready
STU-3485,Riya Patel,Civil,8.21,9,93.4,2119,709,9,179,14,30.9,150,3,9,50.0,2,Advanced,61.3,77.6,2,Product Tier Ready
STU-3486,Siddharth Iyengar,Information Technology,9.66,8,83.2,987,155,13,330,22,51.5,454,2,10,69.7,2,Intermediate,46.3,60.9,1,Service Tier Ready
STU-3487,Rohan Rao,Mechanical,8.09,2,47.5,2170,750,11,279,17,42.8,378,1,2,40.9,5,Production-Grade,93.3,80.8,2,Product Tier Ready
STU-3488,Pooja Gupta,Information Technology,8.63,8,86.3,1121,108,10,415,15,52.1,33,1,10,29.3,4,Intermediate,59.7,60.0,1,Service Tier Ready
STU-3489,Neha Mehta,Information Technology,8.75,3,41.6,866,22,9,330,13,43.0,284,4,4,57.4,3,Intermediate,53.0,50.8,0,Not Ready
STU-3490,Rohan Deshmukh,Computer Science,8.43,3,45.0,867,57,7,377,22,49.4,160,6,6,64.8,4,Basic,41.7,51.1,0,Not Ready
STU-3491,Yash Mehta,Computer Science,7.82,10,97.0,1043,148,10,242,16,38.2,497,2,6,65.1,2,Basic,28.3,49.7,0,Not Ready
STU-3492,Amit Iyengar,Electrical & Electronics,7.04,10,91.4,1032,119,6,263,10,32.9,336,4,10,73.5,3,Advanced,68.0,49.0,0,Not Ready
STU-3493,Siddharth Reddy,Information Technology,8.96,2,41.4,858,33,6,112,19,24.8,212,3,5,47.0,2,Intermediate,46.3,49.4,0,Not Ready
STU-3494,Aarav Nair,Information Technology,9.03,8,83.1,1048,117,11,232,23,41.8,136,3,10,50.9,0,Production-Grade,60.0,56.5,1,Service Tier Ready
STU-3495,Aditya Rao,Information Technology,9.72,6,68.5,1075,113,5,193,12,27.1,476,0,7,52.1,0,Advanced,48.0,55.1,1,Service Tier Ready
STU-3496,Yash Verma,Information Technology,9.51,7,73.6,928,35,3,198,8,23.5,206,2,5,39.8,4,Intermediate,59.7,53.8,1,Service Tier Ready
STU-3497,Pooja Nair,Mechanical,8.01,2,34.0,954,118,6,192,15,29.5,101,1,6,26.7,1,Advanced,54.7,45.0,0,Not Ready
STU-3498,Priya Iyengar,Civil,8.5,7,76.0,1639,466,7,191,11,28.4,99,2,1,23.3,2,Intermediate,46.3,61.2,1,Service Tier Ready
STU-3499,Aarav Sharma,Information Technology,8.15,2,39.4,1019,108,9,188,17,33.2,98,1,8,30.5,1,Intermediate,39.7,48.1,0,Not Ready
